id,sales
3000888,3.3207858
3000889,1.5450113
3000890,-31.116352
3000891,2350.5366
3000892,-24.200905
3000893,432.016
3000894,-2.0950074
3000895,940.1986
3000896,921.4966
3000897,313.38104
3000898,94.19929
3000899,143.12013
3000900,3585.3743
3000901,0.23253381
3000902,-1.2483008
3000903,32.234608
3000904,140.88885
3000905,-1.2483008
3000906,213.69673
3000907,10.759053
3000908,123.43583
3000909,194.98778
3000910,243.15704
3000911,27.353876
3000912,238.50925
3000913,447.59836
3000914,11.226753
3000915,11.226753
3000916,331.4256
3000917,173.1242
3000918,3712.0696
3000919,541.2777
3000920,61.49063
3000921,-19.161861
3000922,-20.937632
3000923,-217.21194
3000924,1978.2101
3000925,-41.986504
3000926,107.02753
3000927,-38.93033
3000928,638.4229
3000929,410.57388
3000930,23.874683
3000931,-7.4838176
3000932,41.436993
3000933,3344.8245
3000934,-6.680656
3000935,-8.1614895
3000936,-69.25685
3000937,-130.9838
3000938,-8.1614895
3000939,53.650993
3000940,-5.721002
3000941,-86.65736
3000942,-56.660786
3000943,8.532853
3000944,6.674112
3000945,190.55283
3000946,91.63461
3000947,-19.381372
3000948,-19.381372
3000949,225.32689
3000950,0.15897167
3000951,2065.8127
3000952,104.1353
3000953,-58.841698
3000954,77.60076
3000955,75.82499
3000956,122.095406
3000957,4068.7668
3000958,97.05278
3000959,914.6055
3000960,164.65913
3000961,1633.2582
3000962,1185.6729
3000963,594.8741
3000964,235.40976
3000965,284.33038
3000966,6992.9746
3000967,43.089478
3000968,41.608643
3000969,185.78566
3000970,165.16803
3000971,41.608643
3000972,457.8266
3000973,45.35153
3000974,323.55054
3000975,156.54631
3000976,400.8472
3000977,56.019836
3000978,268.56128
3000979,618.9689
3000980,58.572468
3000981,160.80743
3000982,258.01675
3000983,131.33183
3000984,2707.0994
3000985,717.1937
3000986,84.20456
3000987,-1.3233387
3000988,-3.0991135
3000989,-34.926174
3000990,1962.4569
3000991,-19.8846
3000992,290.32132
3000993,-48.630566
3000994,836.4841
3000995,496.00436
3000996,88.810875
3000997,25.6608
3000998,74.5816
3000999,2963.887
3001000,-2.0463927
3001001,-3.5272317
3001002,-28.027754
3001003,-41.493713
3001004,-3.5272317
3001005,90.95645
3001006,-1.086741
3001007,-49.351868
3001008,-27.00784
3001009,50.290863
3001010,9.581573
3001011,190.30875
3001012,125.50407
3001013,-11.379889
3001014,-11.379889
3001015,135.38931
3001016,-3.6317964
3001017,2366.3904
3001018,254.09053
3001019,-5.415592
3001020,-1.3233387
3001021,-3.0991135
3001022,-34.926174
3001023,1962.4569
3001024,-19.8846
3001025,235.06468
3001026,-48.630566
3001027,836.4841
3001028,444.0562
3001029,88.810875
3001030,25.6608
3001031,74.5816
3001032,2963.887
3001033,-2.0463927
3001034,-3.5272317
3001035,-28.027754
3001036,-41.493713
3001037,-3.5272317
3001038,105.80222
3001039,-1.086741
3001040,-49.351868
3001041,-30.09721
3001042,45.838345
3001043,9.581573
3001044,190.30875
3001045,148.5483
3001046,-11.379889
3001047,-11.379889
3001048,112.1814
3001049,-3.6317964
3001050,2366.3904
3001051,254.09053
3001052,-5.415592
3001053,3.161325
3001054,1.3855498
3001055,-36.87298
3001056,1766.0743
3001057,-2.1227908
3001058,259.87408
3001059,-49.686428
3001060,865.1029
3001061,527.6354
3001062,89.51502
3001063,67.53547
3001064,116.45629
3001065,2947.0059
3001066,1.0765207
3001067,-0.40431058
3001068,30.947384
3001069,11.992243
3001070,-0.40431058
3001071,173.14726
3001072,5.3158164
3001073,44.808037
3001074,76.19598
3001075,144.14651
3001076,17.71093
3001077,190.18925
3001078,167.59923
3001079,3.0634933
3001080,3.0634933
3001081,166.7458
3001082,62.673935
3001083,3084.1519
3001084,310.6345
3001085,-2.9856634
3001086,-1.3233387
3001087,-3.0991135
3001088,-34.926174
3001089,1962.4569
3001090,-19.8846
3001091,290.32132
3001092,-48.630566
3001093,775.5185
3001094,496.00436
3001095,92.102974
3001096,43.46157
3001097,74.5816
3001098,3189.203
3001099,-2.0463927
3001100,-3.5272317
3001101,-28.027754
3001102,-41.493713
3001103,-3.5272317
3001104,90.95645
3001105,-1.086741
3001106,-49.351868
3001107,-27.00784
3001108,39.941597
3001109,9.581573
3001110,190.30875
3001111,111.96061
3001112,-11.379889
3001113,-11.379889
3001114,112.1814
3001115,0.012545943
3001116,2366.3904
3001117,254.09053
3001118,-5.415592
3001119,6.801934
3001120,5.026157
3001121,-49.57236
3001122,1591.9089
3001123,-10.190695
3001124,182.68271
3001125,-57.754337
3001126,819.44604
3001127,419.65625
3001128,-4.3042836
3001129,40.821457
3001130,89.74227
3001131,2811.9204
3001132,-6.6186385
3001133,-8.099475
3001134,-6.5017095
3001135,-65.0689
3001136,-8.099475
3001137,96.086075
3001138,-2.3793454
3001139,-49.68109
3001140,-11.343759
3001141,67.085304
3001142,10.015771
3001143,182.49408
3001144,74.27396
3001145,-0.76429176
3001146,-0.76429176
3001147,135.9649
3001148,50.390175
3001149,3104.774
3001150,295.57187
3001151,0.01013267
3001152,16.11747
3001153,14.341694
3001154,101.78239
3001155,2825.081
3001156,20.709816
3001157,515.2363
3001158,-16.740993
3001159,1314.2826
3001160,1060.0898
3001161,428.2392
3001162,128.6053
3001163,177.52612
3001164,3669.9272
3001165,8.427644
3001166,6.9468093
3001167,38.29029
3001168,89.095665
3001169,6.9468093
3001170,261.32687
3001171,9.387294
3001172,161.07274
3001173,139.54126
3001174,214.5089
3001175,21.782413
3001176,194.26074
3001177,299.15298
3001178,-1.1105599
3001179,-1.1105599
3001180,196.03401
3001181,91.96213
3001182,2847.5728
3001183,480.01657
3001184,11.671797
3001185,-5.5332646
3001186,-7.3090425
3001187,-14.190582
3001188,2502.3777
3001189,0.23123622
3001190,449.22632
3001191,-41.56828
3001192,1049.0983
3001193,731.1767
3001194,172.83385
3001195,46.52948
3001196,95.45028
3001197,4020.3584
3001198,-0.05255723
3001199,-1.5333922
3001200,-1.6880777
3001201,-36.991913
3001202,-1.5333922
3001203,123.45718
3001204,0.9070928
3001205,10.235942
3001206,-2.3371077
3001207,74.96156
3001208,13.302209
3001209,194.02939
3001210,311.54715
3001211,-15.904789
3001212,-15.904789
3001213,211.00038
3001214,98.822815
3001215,2654.8086
3001216,544.309
3001217,-30.322191
3001218,5.9940495
3001219,4.218276
3001220,-30.518799
3001221,2322.3853
3001222,-10.163434
3001223,304.80826
3001224,-38.909397
3001225,922.4401
3001226,581.9605
3001227,174.76701
3001228,32.87259
3001229,81.79341
3001230,3049.8435
3001231,7.674774
3001232,6.1939354
3001233,-23.620377
3001234,4.20429
3001235,6.1939354
3001236,151.50024
3001237,8.634429
3001238,17.7197
3001239,-22.218159
3001240,91.53635
3001241,19.302742
3001242,200.0299
3001243,192.5756
3001244,-1.6587179
3001245,-1.6587179
3001246,121.902565
3001247,13.238104
3001248,2452.347
3001249,299.78848
3001250,7.8099613
3001251,10.296448
3001252,8.520677
3001253,59.42796
3001254,2885.5442
3001255,7.373831
3001256,695.6921
3001257,29.47975
3001258,1260.4817
3001259,1329.3542
3001260,396.85522
3001261,103.85288
3001262,152.77368
3001263,4896.633
3001264,-1.1726363
3001265,-2.653472
3001266,42.042
3001267,246.76859
3001268,-2.653472
3001269,392.85056
3001270,9.353878
3001271,302.5897
3001272,300.86752
3001273,372.94684
3001274,21.749004
3001275,276.3047
3001276,630.84125
3001277,36.39373
3001278,36.39373
3001279,368.74393
3001280,193.3067
3001281,4210.8687
3001282,705.3076
3001283,52.31589
3001284,-33.727196
3001285,-35.502968
3001286,116.44559
3001287,3008.1748
3001288,-37.58082
3001289,574.16
3001290,-60.221313
3001291,1375.9467
3001292,993.2172
3001293,331.6508
3001294,159.81795
3001295,215.71823
3001296,4553.3877
3001297,-12.015856
3001298,-13.49669
3001299,74.80481
3001300,88.69638
3001301,-13.49669
3001302,244.69519
3001303,-10.831668
3001304,137.44519
3001305,139.36652
3001306,217.79558
3001307,1.2222613
3001308,171.41724
3001309,371.06714
3001310,-23.954111
3001311,-23.954111
3001312,196.62875
3001313,97.80864
3001314,2972.7673
3001315,434.6667
3001316,-37.49341
3001317,-42.041958
3001318,-43.817738
3001319,-44.530064
3001320,2431.462
3001321,-86.41141
3001322,326.34305
3001323,-147.0119
3001324,1217.5973
3001325,785.0745
3001326,131.9825
3001327,-36.710457
3001328,19.18984
3001329,4120.8115
3001330,-29.222147
3001331,-30.702978
3001332,-7.8222866
3001333,0.7310382
3001334,-30.702978
3001335,143.33757
3001336,-28.037958
3001337,48.09006
3001338,51.40108
3001339,129.8302
3001340,-15.984033
3001341,140.17479
3001342,280.68005
3001343,-39.632633
3001344,42.899487
3001345,110.93008
3001346,12.110118
3001347,2270.7332
3001348,346.8992
3001349,-42.720757
3001350,-37.037804
3001351,-38.813576
3001352,-0.45392382
3001353,1824.795
3001354,-78.94914
3001355,227.21611
3001356,-165.48685
3001357,704.9623
3001358,421.532
3001359,-1.4665128
3001360,-50.62183
3001361,5.278468
3001362,2523.6702
3001363,-16.18394
3001364,-17.664772
3001365,-10.430956
3001366,-31.903679
3001367,-17.664772
3001368,110.453964
3001369,-14.999754
3001370,15.206525
3001371,-13.549451
3001372,77.02647
3001373,-4.331437
3001374,140.88832
3001375,84.39718
3001376,-46.23743
3001377,-46.23743
3001378,52.69858
3001379,14.074422
3001380,3311.474
3001381,303.9964
3001382,-9.095488
3001383,-22.197138
3001384,-23.972914
3001385,-9.0768
3001386,1778.8308
3001387,-35.42793
3001388,237.96715
3001389,-60.44445
3001390,622.70337
3001391,442.51505
3001392,-20.089392
3001393,24.954542
3001394,80.854836
3001395,2669.4001
3001396,8.043911
3001397,6.563076
3001398,0.14155737
3001399,-65.73509
3001400,6.563076
3001401,24.60704
3001402,9.228098
3001403,-138.96394
3001404,-35.234005
3001405,11.256827
3001406,21.81967
3001407,242.68988
3001408,49.86966
3001409,4.7723284
3001410,4.7723284
3001411,155.1756
3001412,77.52349
3001413,2133.9163
3001414,271.88922
3001415,16.188189
3001416,42.28869
3001417,40.512917
3001418,275.50037
3001419,3277.7607
3001420,73.759476
3001421,743.15704
3001422,65.97386
3001423,1236.5905
3001424,1196.3173
3001425,582.04395
3001426,262.57098
3001427,332.39023
3001428,3838.6375
3001429,35.921036
3001430,34.4402
3001431,81.44269
3001432,212.65388
3001433,34.4402
3001434,403.84048
3001435,37.10523
3001436,354.34882
3001437,243.15486
3001438,390.49033
3001439,49.696796
3001440,214.82515
3001441,490.14563
3001442,37.284847
3001443,37.284847
3001444,258.1547
3001445,193.882
3001446,5308.6816
3001447,984.3139
3001448,92.26666
3001449,-22.03634
3001450,-23.812113
3001451,-74.822716
3001452,2003.8663
3001453,-27.176588
3001454,274.00208
3001455,-84.6334
3001456,681.54565
3001457,556.1557
3001458,4.2561874
3001459,37.56575
3001460,107.38511
3001461,2513.2063
3001462,-3.9657364
3001463,-5.4465737
3001464,2.1611671
3001465,-57.003857
3001466,-5.4465737
3001467,86.85891
3001468,-2.7815514
3001469,-75.514854
3001470,-6.3338094
3001471,73.50865
3001472,9.272376
3001473,174.40073
3001474,141.09454
3001475,-3.1395636
3001476,-3.1395636
3001477,151.39421
3001478,58.14888
3001479,4091.0706
3001480,362.61786
3001481,10.296323
3001482,-29.59612
3001483,-31.37189
3001484,-9.663338
3001485,1844.4105
3001486,-42.976337
3001487,300.641
3001488,-67.37359
3001489,671.55176
3001490,505.52917
3001491,10.705063
3001492,37.104603
3001493,106.92397
3001494,2892.1274
3001495,-17.149132
3001496,-18.62997
3001497,-28.685844
3001498,-65.4946
3001499,-18.62997
3001500,56.78572
3001501,-15.964948
3001502,-138.66473
3001503,-34.993515
3001504,43.43551
3001505,-3.3733773
3001506,166.82155
3001507,46.213623
3001508,-20.304203
3001509,-20.304203
3001510,126.035736
3001511,47.231094
3001512,2764.5786
3001513,280.30212
3001514,-2.8841977
3001515,16.04389
3001516,14.268114
3001517,143.50941
3001518,2732.4912
3001519,49.90038
3001520,640.526
3001521,23.258604
3001522,1003.8533
3001523,972.3568
3001524,403.00467
3001525,186.42998
3001526,256.2493
3001527,3518.3853
3001528,27.519804
3001529,26.03897
3001530,60.8186
3001531,192.02982
3001532,26.03897
3001533,348.5431
3001534,28.703987
3001535,252.34073
3001536,222.53079
3001537,335.19293
3001538,41.29555
3001539,206.42387
3001540,412.13556
3001541,28.883614
3001542,28.883614
3001543,203.30614
3001544,139.0334
3001545,4233.1836
3001546,950.9009
3001547,87.69561
3001548,6.4828486
3001549,4.707078
3001550,114.20122
3001551,3027.8057
3001552,-6.897367
3001553,638.59955
3001554,-31.294622
3001555,1300.4796
3001556,1014.2229
3001557,397.53534
3001558,87.49015
3001559,157.30956
3001560,3929.2805
3001561,-0.5107121
3001562,-1.9915524
3001563,40.834137
3001564,105.17478
3001565,-1.9915524
3001566,293.92328
3001567,0.6734738
3001568,163.19879
3001569,54.7799
3001570,229.9997
3001571,13.265042
3001572,183.45998
3001573,495.7877
3001574,-3.665784
3001575,-3.665784
3001576,119.895485
3001577,63.869503
3001578,2998.6157
3001579,496.4829
3001580,19.126465
3001581,-25.274158
3001582,-27.04993
3001583,64.96979
3001584,2880.2388
3001585,-38.654377
3001586,547.4649
3001587,-63.05163
3001588,1101.301
3001589,832.88336
3001590,306.40076
3001591,55.73315
3001592,125.55253
3001593,3600.2656
3001594,-12.213624
3001595,-13.694464
3001596,11.6568165
3001597,75.99745
3001598,-13.694464
3001599,227.72206
3001600,-11.029439
3001601,162.2723
3001602,72.29344
3001603,200.82237
3001604,1.5621325
3001605,171.75706
3001606,379.6673
3001607,-15.368697
3001608,-15.368697
3001609,108.19257
3001610,91.59343
3001611,2753.0942
3001612,494.90814
3001613,-0.6085291
3001614,68.680176
3001615,66.90443
3001616,614.1532
3001617,7724.9937
3001618,269.40405
3001619,1500.4902
3001620,339.37567
3001621,2188.0312
3001622,2388.046
3001623,1192.4354
3001624,476.82782
3001625,525.74854
3001626,8018.179
3001627,70.6855
3001628,69.20465
3001629,248.25826
3001630,352.03018
3001631,69.20465
3001632,674.57324
3001633,77.16988
3001634,571.476
3001635,409.40866
3001636,659.122
3001637,89.565
3001638,341.2785
3001639,1026.078
3001640,130.1487
3001641,130.1487
3001642,718.788
3001643,597.82477
3001644,10580.674
3001645,1319.5408
3001646,167.44815
3001647,-30.974634
3001648,-32.75041
3001649,-28.708721
3001650,1857.9624
3001651,-46.538834
3001652,263.356
3001653,-70.93608
3001654,687.00006
3001655,354.84253
3001656,-31.276373
3001657,17.7985
3001658,87.617874
3001659,2689.1382
3001660,-18.174824
3001661,-19.655666
3001662,-49.30165
3001663,-107.720764
3001664,-19.655666
3001665,16.906635
3001666,-16.990637
3001667,-81.6429
3001668,-56.47921
3001669,1.20937
3001670,-6.3223224
3001671,163.8726
3001672,54.153934
3001673,-19.385769
3001674,-19.385769
3001675,98.92662
3001676,45.23471
3001677,3350.8313
3001678,290.6381
3001679,2.451261
3001680,28.354147
3001681,26.578371
3001682,63.075134
3001683,2615.5996
3001684,7.259066
3001685,518.57166
3001686,1.0430602
3001687,1191.3176
3001688,741.0021
3001689,226.11705
3001690,116.58237
3001691,186.4018
3001692,4596.446
3001693,14.627227
3001694,13.146392
3001695,7.2347116
3001696,6.6091776
3001697,13.146392
3001698,146.88889
3001699,16.912766
3001700,38.637367
3001701,29.688614
3001702,116.64069
3001703,27.581078
3001704,226.32138
3001705,323.114
3001706,16.332508
3001707,16.332508
3001708,169.32173
3001709,114.43142
3001710,2265.6501
3001711,429.72705
3001712,47.910557
3001713,-34.05363
3001714,-35.829403
3001715,-31.78771
3001716,1887.3684
3001717,-49.61783
3001718,209.10126
3001719,-74.015076
3001720,721.1407
3001721,380.39722
3001722,-1.8704756
3001723,14.719515
3001724,84.53888
3001725,2714.6929
3001726,-21.253822
3001727,-22.734663
3001728,-52.380653
3001729,-110.79976
3001730,-22.734663
3001731,25.030073
3001732,-20.069635
3001733,-84.7219
3001734,-80.298676
3001735,-1.8696269
3001736,-9.401323
3001737,160.7936
3001738,38.647453
3001739,-22.464767
3001740,-22.464767
3001741,95.847626
3001742,42.155716
3001743,3376.386
3001744,287.55908
3001745,-0.6277373
3001746,14.239977
3001747,12.464199
3001748,88.512146
3001749,2098.6694
3001750,21.068027
3001751,376.31372
3001752,-9.99876
3001753,1010.6388
3001754,660.3737
3001755,205.9465
3001756,124.40019
3001757,194.21964
3001758,3112.3545
3001759,6.441138
3001760,4.9603047
3001761,-8.802576
3001762,-66.72267
3001763,4.9603047
3001764,33.04571
3001765,7.625326
3001766,-65.50385
3001767,-22.953318
3001768,28.173851
3001769,18.293636
3001770,188.48862
3001771,75.1419
3001772,-3.0153441
3001773,-3.0153441
3001774,176.20143
3001775,85.78838
3001776,4094.6816
3001777,238.12619
3001778,-2.945681
3001779,32.659985
3001780,30.88421
3001781,78.70064
3001782,2733.616
3001783,25.309315
3001784,539.02954
3001785,14.965212
3001786,1151.0931
3001787,753.5802
3001788,237.5629
3001789,127.60518
3001790,197.4246
3001791,4648.373
3001792,22.137201
3001793,20.656366
3001794,34.78513
3001795,28.797308
3001796,20.656366
3001797,153.80177
3001798,23.321392
3001799,60.101112
3001800,59.298405
3001801,137.72752
3001802,33.989704
3001803,207.42128
3001804,320.53156
3001805,20.295534
3001806,20.295534
3001807,143.85686
3001808,119.893715
3001809,3782.723
3001810,410.52075
3001811,46.156284
3001812,-12.010212
3001813,-13.78598
3001814,11.286993
3001815,1875.8147
3001816,-36.02461
3001817,205.30031
3001818,-122.56236
3001819,760.3201
3001820,370.50116
3001821,-5.6364293
3001822,2.0932927
3001823,56.707672
3001824,2703.6787
3001825,0.5316545
3001826,-0.9491819
3001827,-7.00204
3001828,-62.36714
3001829,-0.9491819
3001830,62.637264
3001831,1.715844
3001832,-47.11471
3001833,-31.866047
3001834,46.562996
3001835,12.384159
3001836,157.60391
3001837,51.27948
3001838,-25.654455
3001839,-25.654455
3001840,68.032646
3001841,14.340756
3001842,3324.5784
3001843,336.6755
3001844,21.84151
3001845,1.5226003
3001846,-0.25317132
3001847,100.70101
3001848,3077.646
3001849,4.290579
3001850,495.05945
3001851,-20.106676
3001852,1137.7396
3001853,863.10364
3001854,341.7071
3001855,93.26371
3001856,163.08316
3001857,4131.4185
3001858,14.378238
3001859,12.897398
3001860,47.18312
3001861,116.97503
3001862,12.897398
3001863,281.27588
3001864,15.562419
3001865,161.44952
3001866,147.4762
3001867,241.79991
3001868,28.153992
3001869,198.3489
3001870,389.47833
3001871,11.223167
3001872,11.223167
3001873,134.78448
3001874,78.75847
3001875,2822.1199
3001876,581.8896
3001877,31.802505
3001878,22.180548
3001879,20.40478
3001880,177.01942
3001881,2620.9546
3001882,36.248734
3001883,597.6127
3001884,15.979593
3001885,1065.0203
3001886,953.87415
3001887,380.9014
3001888,154.3727
3001889,224.19202
3001890,3882.3735
3001891,30.228819
3001892,28.747984
3001893,97.606415
3001894,175.92899
3001895,28.747984
3001896,298.2093
3001897,31.413002
3001898,175.63919
3001899,206.43007
3001900,284.8591
3001901,44.00457
3001902,218.49393
3001903,401.1092
3001904,35.235588
3001905,35.235588
3001906,164.1186
3001907,136.22505
3001908,4152.8584
3001909,756.2141
3001910,72.38483
3001911,37.29597
3001912,35.520206
3001913,100.4411
3001914,2378.1873
3001915,53.07942
3001916,575.59296
3001917,28.682165
3001918,1088.8042
3001919,973.19855
3001920,387.4103
3001921,125.02877
3001922,194.84816
3001923,3837.417
3001924,27.44337
3001925,25.962526
3001926,59.118988
3001927,144.76573
3001928,25.962526
3001929,267.046
3001930,28.62756
3001931,144.47585
3001932,175.26685
3001933,253.69588
3001934,41.219124
3001935,215.70848
3001936,395.18243
3001937,32.450134
3001938,111.42583
3001939,150.76256
3001940,122.869026
3001941,4086.0054
3001942,616.3002
3001943,69.59939
3001944,45.635853
3001945,43.86008
3001946,119.93557
3001947,3048.9292
3001948,49.5854
3001949,544.063
3001950,39.241295
3001951,1349.2362
3001952,951.72314
3001953,331.52023
3001954,148.6658
3001955,218.48515
3001956,5088.3647
3001957,28.783073
3001958,27.302242
3001959,67.50113
3001960,111.61084
3001961,27.302242
3001962,205.02164
3001963,29.967255
3001964,140.19069
3001965,142.11203
3001966,220.54108
3001967,40.635567
3001968,218.3616
3001969,367.46176
3001970,26.569824
3001971,26.569824
3001972,194.63815
3001973,92.899254
3001974,2638.8557
3001975,610.24994
3001976,62.449062
3001977,-8.4864645
3001978,-10.262234
3001979,41.897232
3001980,2714.1426
3001981,-32.620502
3001982,569.2126
3001983,4.295747
3001984,1015.00885
3001985,872.36255
3001986,330.7353
3001987,172.9469
3001988,221.86769
3001989,3914.9973
3001990,-6.589262
3001991,-8.070095
3001992,70.523636
3001993,67.46478
3001994,-8.070095
3001995,263.3771
3001996,-3.384504
3001997,146.73045
3001998,121.563675
3001999,229.92397
3002000,9.010613
3002001,220.16602
3002002,341.55576
3002003,1.6755993
3002004,1.6755993
3002005,335.9758
3002006,169.86272
3002007,3756.4888
3002008,602.2002
3002009,26.896105
3002010,31.671349
3002011,29.895582
3002012,87.73254
3002013,2783.8188
3002014,47.45478
3002015,683.97925
3002016,23.057531
3002017,1394.3447
3002018,1105.5492
3002019,443.85806
3002020,114.24344
3002021,184.06285
3002022,4307.3833
3002023,22.632957
3002024,21.152119
3002025,46.410423
3002026,120.80142
3002027,21.152119
3002028,230.26352
3002029,23.817148
3002030,120.51156
3002031,112.49828
3002032,229.73163
3002033,34.485462
3002034,208.97482
3002035,335.55414
3002036,21.050451
3002037,21.050451
3002038,139.36287
3002039,89.17533
3002040,2575.2053
3002041,606.2604
3002042,58.725147
3002043,18.58082
3002044,16.805052
3002045,81.22764
3002046,2185.4446
3002047,35.286858
3002048,530.98315
3002049,10.889608
3002050,1043.2944
3002051,932.14825
3002052,339.5085
3002053,106.737915
3002054,176.55731
3002055,3510.2778
3002056,16.392467
3002057,14.911628
3002058,48.678818
3002059,108.0066
3002060,14.911628
3002061,230.28703
3002062,17.576653
3002063,107.71672
3002064,138.50778
3002065,206.58755
3002066,30.168224
3002067,204.6576
3002068,358.42334
3002069,16.733215
3002070,100.98565
3002071,167.89977
3002072,107.152084
3002073,3904.604
3002074,526.8676
3002075,36.84348
3002076,-76.95047
3002077,-78.72625
3002078,110.57946
3002079,2076.0688
3002080,-75.18838
3002081,496.29507
3002082,-99.585625
3002083,992.21826
3002084,862.97205
3002085,279.58383
3002086,75.62656
3002087,145.44597
3002088,3045.5977
3002089,-6.5831685
3002090,-8.064006
3002091,69.84795
3002092,125.59898
3002093,-8.064006
3002094,247.87938
3002095,-5.3989806
3002096,125.30917
3002097,156.10014
3002098,234.52919
3002099,7.1925907
3002100,179.04733
3002101,348.1446
3002102,-4.2110176
3002103,-4.2110176
3002104,124.671974
3002105,96.778435
3002106,3845.6396
3002107,686.21045
3002108,15.899252
3002109,16.407074
3002110,14.631298
3002111,114.61849
3002112,3927.5105
3002113,33.009804
3002114,509.73724
3002115,8.61256
3002116,1135.9329
3002117,901.12646
3002118,348.8689
3002119,104.46081
3002120,174.28024
3002121,3900.964
3002122,-0.58923334
3002123,-2.0700698
3002124,32.3577
3002125,79.57809
3002126,-2.0700698
3002127,206.95036
3002128,4.6733904
3002129,100.431404
3002130,114.15763
3002131,193.60014
3002132,17.264956
3002133,207.8244
3002134,410.37204
3002135,16.032635
3002136,16.032635
3002137,139.59395
3002138,87.07231
3002139,2922.3147
3002140,477.43384
3002141,21.287663
3002142,65.407265
3002143,63.631474
3002144,151.75674
3002145,8911.715
3002146,117.72731
3002147,1484.1086
3002148,249.15933
3002149,2507.9004
3002150,2479.3857
3002151,1004.7862
3002152,493.5557
3002153,749.0215
3002154,9264.591
3002155,51.94624
3002156,50.465405
3002157,231.41457
3002158,181.67378
3002159,50.465405
3002160,794.6914
3002161,346.87894
3002162,1307.9762
3002163,346.87894
3002164,766.511
3002165,75.86441
3002166,493.8648
3002167,1692.9554
3002168,115.726204
3002169,115.726204
3002170,776.0459
3002171,559.74744
3002172,12111.064
3002173,834.62366
3002174,142.54681
3002175,59.638664
3002176,57.862885
3002177,93.180916
3002178,8103.526
3002179,78.65459
3002180,1382.6776
3002181,210.08667
3002182,2223.7515
3002183,2242.0994
3002184,786.26276
3002185,443.84836
3002186,699.3141
3002187,9206.371
3002188,25.19198
3002189,23.711145
3002190,175.0447
3002191,142.33147
3002192,23.711145
3002193,728.77014
3002194,616.0386
3002195,1242.055
3002196,307.53665
3002197,642.3692
3002198,49.110176
3002199,467.11057
3002200,1564.7579
3002201,85.104515
3002202,310.11508
3002203,736.34607
3002204,493.76282
3002205,9878.664
3002206,819.4254
3002207,126.02992
3002208,19.888493
3002209,18.112751
3002210,-83.30767
3002211,5907.237
3002212,17.835686
3002213,1152.1542
3002214,55.98426
3002215,2035.221
3002216,1933.8539
3002217,603.7281
3002218,233.76479
3002219,489.2304
3002220,8548.233
3002221,25.277851
3002222,23.797012
3002223,52.853043
3002224,13.894607
3002225,23.797012
3002226,608.6058
3002227,158.39409
3002228,1070.1096
3002229,163.30925
3002230,553.91486
3002231,49.19605
3002232,456.172
3002233,1550.8921
3002234,51.73048
3002235,212.46957
3002236,676.7167
3002237,315.73068
3002238,4924.001
3002239,476.0788
3002240,77.12598
3002241,37.021477
3002242,35.245735
3002243,-57.73685
3002244,6326.7324
3002245,34.968685
3002246,1236.387
3002247,73.11725
3002248,2144.6453
3002249,2105.9624
3002250,687.9609
3002251,250.89774
3002252,506.3634
3002253,8801.755
3002254,42.410843
3002255,40.93
3002256,78.42386
3002257,39.46544
3002258,40.93
3002259,692.83856
3002260,553.59644
3002261,1154.3423
3002262,188.8801
3002263,638.14764
3002264,66.32902
3002265,473.305
3002266,1556.6106
3002267,68.863464
3002268,68.863464
3002269,654.7816
3002270,387.35666
3002271,5978.1875
3002272,614.8046
3002273,148.752
3002274,-16.055874
3002275,-17.831636
3002276,-175.94453
3002277,4258.7065
3002278,-28.962917
3002279,1009.8142
3002280,2.411984
3002281,1748.1967
3002282,1633.9855
3002283,347.5648
3002284,188.66095
3002285,444.12656
3002286,6704.565
3002287,21.909464
3002288,20.428627
3002289,41.83104
3002290,16.201025
3002291,20.428627
3002292,578.4394
3002293,400.00763
3002294,758.6739
3002295,167.42567
3002296,542.7794
3002297,46.49631
3002298,386.84845
3002299,1204.7488
3002300,40.260952
3002301,231.88864
3002302,567.90125
3002303,160.24838
3002304,3360.4185
3002305,41.160957
3002306,-70.80857
3002307,11.421799
3002308,9.646036
3002309,71.44643
3002310,6205.5127
3002311,1.5607797
3002312,1337.0247
3002313,68.7587
3002314,2212.7588
3002315,2278.346
3002316,853.3709
3002317,356.1965
3002318,611.66223
3002319,7479.954
3002320,32.75247
3002321,31.271635
3002322,179.97885
3002323,201.7244
3002324,31.271635
3002325,684.15454
3002326,201.0381
3002327,1100.8127
3002328,318.4352
3002329,675.0051
3002330,57.33932
3002331,387.15912
3002332,1415.502
3002333,63.007122
3002334,63.007122
3002335,589.1344
3002336,361.9643
3002337,9871.77
3002338,1130.1945
3002339,68.70331
3002340,-25.053726
3002341,-26.829502
3002342,-109.70798
3002343,2087.7185
3002344,-62.047215
3002345,224.0411
3002346,-16.99886
3002347,698.0406
3002348,574.68463
3002349,22.004623
3002350,36.50811
3002351,85.428925
3002352,3533.0066
3002353,-5.873866
3002354,-7.354701
3002355,-9.788153
3002356,-51.393288
3002357,-7.354701
3002358,60.19099
3002359,0.610529
3002360,-69.42514
3002361,16.252258
3002362,44.739735
3002363,13.005645
3002364,224.16103
3002365,147.29393
3002366,17.783575
3002367,17.783575
3002368,293.79645
3002369,135.65439
3002370,3763.809
3002371,317.52316
3002372,7.4620543
3002373,1.7370201
3002374,-0.038746238
3002375,-202.64099
3002376,3634.4485
3002377,-18.621292
3002378,883.4382
3002379,-7.9091
3002380,1529.4664
3002381,1351.5857
3002382,178.48827
3002383,138.44183
3002384,393.90744
3002385,6099.5933
3002386,15.853345
3002387,14.372515
3002388,8.194279
3002389,-30.500446
3002390,14.372515
3002391,439.63898
3002392,22.381557
3002393,584.28674
3002394,61.290237
3002395,403.97897
3002396,31.90663
3002397,387.37213
3002398,956.5534
3002399,16.500355
3002400,16.500355
3002401,353.27762
3002402,196.66507
3002403,3243.403
3002404,599.36005
3002405,35.462276
3002406,29.149633
3002407,27.373865
3002408,-59.925312
3002409,4146.587
3002410,43.505096
3002411,1078.0392
3002412,58.96467
3002413,1663.0275
3002414,1572.6329
3002415,304.19836
3002416,168.15463
3002417,423.62024
3002418,5653.4062
3002419,32.666855
3002420,31.186016
3002421,39.913322
3002422,16.521242
3002423,31.186016
3002424,507.54263
3002425,30.232512
3002426,687.7773
3002427,108.31191
3002428,413.66208
3002429,48.720142
3002430,381.14227
3002431,1102.9312
3002432,50.672916
3002433,50.672916
3002434,563.25757
3002435,403.06644
3002436,6647.448
3002437,1175.801
3002438,86.51248
3002439,-31.79822
3002440,-33.447456
3002441,12.027592
3002442,4764.9326
3002443,-92.246216
3002444,1040.9255
3002445,-284.81735
3002446,1959.5404
3002447,1861.9209
3002448,614.62036
3002449,1.6852347
3002450,257.15112
3002451,6312.933
3002452,-40.63203
3002453,-42.112865
3002454,42.182278
3002455,65.163086
3002456,-42.112865
3002457,557.88403
3002458,-43.06635
3002459,974.5423
3002460,79.171234
3002461,548.7346
3002462,-24.578709
3002463,201.61118
3002464,1354.0969
3002465,-44.118805
3002466,-44.118805
3002467,124.50204
3002468,35.75599
3002469,8529.517
3002470,752.7762
3002471,-66.69117
3002472,-15.952574
3002473,-17.728346
3002474,22.51042
3002475,1848.4037
3002476,-51.314106
3002477,372.89432
3002478,-147.8228
3002479,868.0331
3002480,787.225
3002481,213.24394
3002482,-29.409367
3002483,40.409996
3002484,3159.9448
3002485,-11.209653
3002486,-12.690488
3002487,9.385576
3002488,54.751457
3002489,-12.690488
3002490,132.35408
3002491,-10.025461
3002492,38.16239
3002493,73.58353
3002494,119.00385
3002495,2.5661058
3002496,162.7588
3002497,167.0161
3002498,-29.032948
3002499,-29.032948
3002500,91.35931
3002501,49.606285
3002502,3207.574
3002503,628.0661
3002504,42.253407
3002505,-20.313442
3002506,-22.08921
3002507,-5.2428417
3002508,2210.1025
3002509,-28.892567
3002510,344.8922
3002511,-63.260796
3002512,901.1168
3002513,509.25577
3002514,130.86375
3002515,35.44103
3002516,105.26041
3002517,3368.226
3002518,-14.141835
3002519,-15.622675
3002520,-11.902358
3002521,-0.0003695935
3002522,-15.622675
3002523,72.58515
3002524,-12.957648
3002525,-25.964407
3002526,17.752823
3002527,67.71332
3002528,-2.2893357
3002529,162.21188
3002530,174.87248
3002531,-25.712458
3002532,-25.712458
3002533,91.13392
3002534,30.817272
3002535,3743.2415
3002536,580.64343
3002537,-2.061139
3002538,40.811596
3002539,39.03583
3002540,89.94313
3002541,2972.4016
3002542,43.636883
3002543,715.5313
3002544,65.7428
3002545,1233.9209
3002546,1097.9172
3002547,492.31216
3002548,152.80305
3002549,201.72385
3002550,4177.6816
3002551,19.820621
3002552,18.339785
3002553,51.568478
3002554,157.18184
3002555,18.339785
3002556,343.14346
3002557,23.02539
3002558,269.21814
3002559,211.2807
3002560,323.23972
3002561,35.420513
3002562,250.83083
3002563,533.4467
3002564,39.70104
3002565,39.70104
3002566,384.9846
3002567,216.50517
3002568,4170.8833
3002569,656.7124
3002570,55.937748
3002571,28.932472
3002572,27.156702
3002573,191.176
3002574,4075.0369
3002575,47.427628
3002576,869.3492
3002577,117.39915
3002578,1305.6283
3002579,1160.0892
3002580,591.4551
3002581,263.03333
3002582,311.95416
3002583,5067.8022
3002584,21.727121
3002585,20.246284
3002586,110.06699
3002587,247.83707
3002588,20.246284
3002589,471.37756
3002590,28.21153
3002591,368.28036
3002592,305.21564
3002593,451.4737
3002594,40.606647
3002595,256.017
3002596,602.7267
3002597,44.88718
3002598,44.88718
3002599,441.92825
3002600,320.96497
3002601,6470.822
3002602,793.5253
3002603,92.44961
3002604,32.439156
3002605,30.663387
3002606,194.6827
3002607,4139.7153
3002608,50.93431
3002609,879.9161
3002610,120.90583
3002611,1325.7122
3002612,1293.5333
3002613,602.022
3002614,266.54
3002615,315.46085
3002616,5201.2466
3002617,25.233807
3002618,23.75297
3002619,113.57368
3002620,251.34377
3002621,23.75297
3002622,481.9444
3002623,31.718216
3002624,378.8472
3002625,308.72232
3002626,462.04053
3002627,44.11333
3002628,259.52368
3002629,613.2936
3002630,48.393864
3002631,48.393864
3002632,445.43494
3002633,324.47165
3002634,6604.266
3002635,768.4577
3002636,95.95629
3002637,-15.625597
3002638,-17.401367
3002639,138.10757
3002640,3990.031
3002641,-10.270876
3002642,800.79816
3002643,69.45327
3002644,1541.8673
3002645,1077.1105
3002646,542.41547
3002647,250.12378
3002648,299.0444
3002649,6385.9883
3002650,24.107481
3002651,22.62665
3002652,104.78756
3002653,214.1843
3002654,22.62665
3002655,443.4886
3002656,30.591908
3002657,358.07993
3002658,271.56274
3002659,418.98416
3002660,42.987022
3002661,223.96747
3002662,608.30237
3002663,18.058424
3002664,18.058424
3002665,371.34964
3002666,244.6806
3002667,3616.448
3002668,757.80804
3002669,23.369965
3002670,3.3207858
3002671,1.5450113
3002672,-93.1266
3002673,2196.926
3002674,-24.200905
3002675,493.19025
3002676,-2.0950074
3002677,944.991
3002678,685.69214
3002679,202.94118
3002680,123.73364
3002681,160.3965
3002682,3214.8315
3002683,0.23253381
3002684,-1.2483008
3002685,-1.2483008
3002686,6.6075087
3002687,-1.2483008
3002688,264.6071
3002689,10.759053
3002690,10.759053
3002691,10.759053
3002692,256.7767
3002693,27.353876
3002694,238.50925
3002695,336.0315
3002696,11.226753
3002697,11.226753
3002698,312.00504
3002699,173.1242
3002700,2228.9087
3002701,59.639053
3002702,61.49063
3002703,-19.161861
3002704,-20.937632
3002705,-274.56345
3002706,1545.7153
3002707,-41.986504
3002708,158.50526
3002709,-38.93033
3002710,681.4965
3002711,564.1726
3002712,-11.731174
3002713,-51.097847
3002714,119.45837
3002715,3100.988
3002716,-6.680656
3002717,-8.1614895
3002718,-8.1614895
3002719,-8.1614895
3002720,-8.1614895
3002721,65.580696
3002722,-5.721002
3002723,-5.721002
3002724,-5.721002
3002725,10.812321
3002726,6.674112
3002727,78.741104
3002728,82.65104
3002729,-19.381372
3002730,-19.381372
3002731,225.32689
3002732,0.15897167
3002733,633.86456
3002734,-60.693275
3002735,-58.841698
3002736,77.60076
3002737,75.82499
3002738,12.296096
3002739,3819.4514
3002740,97.05278
3002741,883.57074
3002742,164.65913
3002743,1397.8999
3002744,1058.9102
3002745,651.34216
3002746,191.79573
3002747,302.7471
3002748,6694.1636
3002749,43.089478
3002750,41.608643
3002751,56.851257
3002752,56.851257
3002753,41.608643
3002754,428.70883
3002755,45.35153
3002756,45.35153
3002757,45.35153
3002758,129.32668
3002759,56.019836
3002760,487.45834
3002761,477.62408
3002762,58.572468
3002763,58.572468
3002764,282.23093
3002765,131.33183
3002766,920.65625
3002767,54.334618
3002768,84.20456
3002769,-1.3233387
3002770,-3.0991135
3002771,-3.0991135
3002772,1645.7809
3002773,-19.8846
3002774,238.94875
3002775,-48.630566
3002776,723.8737
3002777,459.04837
3002778,-10.639354
3002779,-17.953232
3002780,107.87198
3002781,2886.4016
3002782,-2.0463927
3002783,-3.5272317
3002784,-3.5272317
3002785,-36.393826
3002786,-3.5272317
3002787,81.13698
3002788,-1.086741
3002789,-1.086741
3002790,-41.39355
3002791,5.6193924
3002792,9.581573
3002793,128.95168
3002794,94.26734
3002795,-11.379889
3002796,-11.379889
3002797,122.90685
3002798,-3.6317964
3002799,555.7671
3002800,-183.84853
3002801,-5.415592
3002802,-1.3233387
3002803,-3.0991135
3002804,-3.0991135
3002805,1588.1525
3002806,-19.8846
3002807,265.49615
3002808,-48.630566
3002809,723.8737
3002810,551.4634
3002811,32.745518
3002812,-17.953232
3002813,107.87198
3002814,2795.7905
3002815,-2.0463927
3002816,-3.5272317
3002817,-36.393826
3002818,-3.5272317
3002819,-3.5272317
3002820,95.23364
3002821,-1.086741
3002822,-1.086741
3002823,-1.086741
3002824,14.98796
3002825,9.581573
3002826,127.7893
3002827,110.54051
3002828,-11.379889
3002829,-11.379889
3002830,112.1814
3002831,-3.6317964
3002832,555.7671
3002833,-128.34584
3002834,-5.415592
3002835,3.161325
3002836,1.3855498
3002837,-89.10063
3002838,1464.0842
3002839,-2.1227908
3002840,291.2003
3002841,-49.686428
3002842,796.90424
3002843,565.84235
3002844,60.192013
3002845,23.921438
3002846,72.84225
3002847,3066.0752
3002848,1.0765207
3002849,-0.40431058
3002850,-0.40431058
3002851,-3.4077148
3002852,-0.40431058
3002853,138.13277
3002854,5.3158164
3002855,5.3158164
3002856,5.3158164
3002857,60.08997
3002858,17.71093
3002859,213.2525
3002860,180.23071
3002861,3.0634933
3002862,3.0634933
3002863,166.7458
3002864,62.673935
3002865,849.8678
3002866,-141.81133
3002867,-2.9856634
3002868,-1.3233387
3002869,-3.0991135
3002870,-105.33651
3002871,1888.9285
3002872,-19.8846
3002873,265.49615
3002874,-48.630566
3002875,710.8342
3002876,463.5009
3002877,100.72198
3002878,-17.953232
3002879,30.967575
3002880,2928.0825
3002881,-2.0463927
3002882,-46.99974
3002883,-36.393826
3002884,-3.5272317
3002885,-3.5272317
3002886,81.13698
3002887,-1.086741
3002888,-1.086741
3002889,-1.086741
3002890,14.98796
3002891,9.581573
3002892,141.33281
3002893,109.607285
3002894,-11.379889
3002895,-11.379889
3002896,112.1814
3002897,2.4383788
3002898,499.01367
3002899,-259.62805
3002900,-5.415592
3002901,6.801934
3002902,5.026157
3002903,5.026157
3002904,1273.1428
3002905,-10.190695
3002906,217.1238
3002907,-57.754337
3002908,736.51135
3002909,537.6927
3002910,18.866018
3002911,-2.7925792
3002912,115.932594
3002913,2632.3958
3002914,-6.6186385
3002915,-8.099475
3002916,-8.099475
3002917,-8.099475
3002918,-8.099475
3002919,61.07155
3002920,-2.3793454
3002921,-2.3793454
3002922,-2.3793454
3002923,52.39481
3002924,10.015771
3002925,136.19135
3002926,86.69921
3002927,-0.76429176
3002928,-0.76429176
3002929,126.39361
3002930,38.477272
3002931,548.3013
3002932,-1.8414439
3002933,0.01013267
3002934,16.11747
3002935,14.341694
3002936,-1.0967894
3002937,2273.0417
3002938,20.709816
3002939,499.2496
3002940,-16.740993
3002941,971.53613
3002942,791.54407
3002943,197.43372
3002944,84.99125
3002945,149.83754
3002946,3592.442
3002947,8.427644
3002948,6.9468093
3002949,6.9468093
3002950,11.98602
3002951,6.9468093
3002952,209.1606
3002953,9.387294
3002954,9.387294
3002955,9.387294
3002956,80.88534
3002957,21.782413
3002958,389.71066
3002959,260.9423
3002960,-1.1105599
3002961,-1.1105599
3002962,199.2061
3002963,91.96213
3002964,827.2357
3002965,-44.850372
3002966,11.671797
3002967,-5.5332646
3002968,-7.3090425
3002969,-85.09755
3002970,2320.6567
3002971,0.23123622
3002972,343.42932
3002973,-41.56828
3002974,941.4893
3002975,662.8915
3002976,135.3028
3002977,2.9154396
3002978,119.82188
3002979,3694.6155
3002980,-0.05255723
3002981,-1.5333922
3002982,-1.5333922
3002983,-12.2775755
3002984,-1.5333922
3002985,101.35516
3002986,0.9070928
3002987,0.9070928
3002988,-9.490494
3002989,54.586708
3002990,13.302209
3002991,161.42262
3002992,134.27803
3002993,-15.904789
3002994,-15.904789
3002995,176.3955
3002996,62.978226
3002997,1127.5513
3002998,451.3967
3002999,-30.322191
3003000,5.9940495
3003001,4.218276
3003002,-100.528496
3003003,1939.3284
3003004,-10.163434
3003005,311.19403
3003006,-38.909397
3003007,793.4983
3003008,491.25873
3003009,7.8771024
3003010,-10.741441
3003011,117.593155
3003012,2881.747
3003013,7.674774
3003014,6.1939354
3003015,6.1939354
3003016,6.1939354
3003017,6.1939354
3003018,96.55164
3003019,8.634429
3003020,8.634429
3003021,8.634429
3003022,22.199764
3003023,19.302742
3003024,188.3271
3003025,165.65456
3003026,-1.6587179
3003027,-1.6587179
3003028,121.902565
3003029,13.238104
3003030,566.4833
3003031,-255.22061
3003032,7.8099613
3003033,10.296448
3003034,8.520677
3003035,15.813921
3003036,2776.1213
3003037,7.373831
3003038,652.0781
3003039,29.47975
3003040,1167.7715
3003041,992.28424
3003042,213.14148
3003043,116.83545
3003044,153.49828
3003045,4470.3257
3003046,-1.1726363
3003047,-2.653472
3003048,-2.653472
3003049,33.204678
3003050,-2.653472
3003051,370.48685
3003052,9.353878
3003053,9.353878
3003054,9.353878
3003055,369.92154
3003056,21.749004
3003057,247.52347
3003058,491.3024
3003059,36.39373
3003060,36.39373
3003061,368.74393
3003062,193.3067
3003063,2480.1323
3003064,50.464314
3003065,52.31589
3003066,-33.727196
3003067,-35.502968
3003068,13.566414
3003069,2714.3147
3003070,-37.58082
3003071,535.23926
3003072,-60.221313
3003073,1069.8204
3003074,817.4827
3003075,289.5126
3003076,116.203896
3003077,110.60835
3003078,4452.9604
3003079,-12.015856
3003080,-13.49669
3003081,-13.49669
3003082,49.177742
3003083,-13.49669
3003084,215.57745
3003085,-10.831668
3003086,-10.831668
3003087,64.86309
3003088,117.624405
3003089,1.2222613
3003090,333.40314
3003091,258.87604
3003092,-23.954111
3003093,-23.954111
3003094,196.62875
3003095,97.80864
3003096,1365.5254
3003097,455.41602
3003098,-37.49341
3003099,-42.041958
3003100,-43.817738
3003101,-43.817738
3003102,2249.424
3003103,-86.41141
3003104,265.4495
3003105,-147.0119
3003106,1189.1996
3003107,631.28674
3003108,121.417946
3003109,-80.32449
3003110,23.817673
3003111,3876.2996
3003112,-29.222147
3003113,-30.702978
3003114,-30.702978
3003115,-33.44938
3003116,-30.702978
3003117,127.61214
3003118,-28.037958
3003119,-28.037958
3003120,-28.037958
3003121,104.18194
3003122,-15.984033
3003123,203.14465
3003124,170.91075
3003125,-39.632633
3003126,31.603148
3003127,110.93008
3003128,12.110118
3003129,551.464
3003130,-44.57233
3003131,-42.720757
3003132,-37.037804
3003133,-38.813576
3003134,-38.813576
3003135,1478.1288
3003136,-78.94914
3003137,208.1432
3003138,-165.48685
3003139,588.79565
3003140,383.53384
3003141,-62.325073
3003142,-94.23589
3003143,21.269615
3003144,2395.1602
3003145,-16.18394
3003146,-17.664772
3003147,-36.058044
3003148,-17.664772
3003149,-17.664772
3003150,61.66319
3003151,-14.999754
3003152,-14.999754
3003153,-14.999754
3003154,39.231422
3003155,-4.331437
3003156,136.87599
3003157,85.654976
3003158,-46.23743
3003159,-46.23743
3003160,52.69858
3003161,-8.037679
3003162,674.9334
3003163,-155.91159
3003164,-9.095488
3003165,-22.197138
3003166,-23.972914
3003167,-97.10035
3003168,1638.6764
3003169,-35.42793
3003170,194.35315
3003171,-60.44445
3003172,579.13904
3003173,384.334
3003174,-58.998604
3003175,74.8803
3003176,118.52263
3003177,2498.8315
3003178,8.043911
3003179,6.563076
3003180,6.563076
3003181,-5.801792
3003182,6.563076
3003183,48.085205
3003184,9.228098
3003185,9.228098
3003186,13.289059
3003187,45.207092
3003188,21.81967
3003189,242.68988
3003190,45.057648
3003191,4.7723284
3003192,4.7723284
3003193,155.1756
3003194,77.52349
3003195,1096.4061
3003196,14.336616
3003197,16.188189
3003198,42.28869
3003199,40.512917
3003200,40.512917
3003201,1836.5677
3003202,73.759476
3003203,344.33896
3003204,65.97386
3003205,700.1503
3003206,424.49683
3003207,251.54915
3003208,194.19514
3003209,251.75653
3003210,2230.3423
3003211,35.921036
3003212,34.4402
3003213,34.4402
3003214,34.4402
3003215,34.4402
3003216,78.42135
3003217,37.10523
3003218,37.10523
3003219,37.10523
3003220,92.075806
3003221,49.696796
3003222,214.82515
3003223,183.93687
3003224,37.284847
3003225,37.284847
3003226,258.1547
3003227,193.882
3003228,1090.7502
3003229,90.415085
3003230,92.26666
3003231,-22.03634
3003232,-23.812113
3003233,-23.812113
3003234,1920.379
3003235,-27.176588
3003236,230.38805
3003237,-84.6334
3003238,635.9865
3003239,500.66245
3003240,-29.334112
3003241,58.34718
3003242,115.90858
3003243,2529.3435
3003244,-3.9657364
3003245,-5.4465737
3003246,-5.4465737
3003247,-9.801953
3003248,-5.4465737
3003249,71.78838
3003250,-2.7815514
3003251,-2.7815514
3003252,-2.7815514
3003253,56.550896
3003254,9.272376
3003255,174.40073
3003256,114.58922
3003257,-3.1395636
3003258,64.200554
3003259,151.39421
3003260,58.14888
3003261,1023.0602
3003262,8.444745
3003263,10.296323
3003264,-29.59612
3003265,-31.37189
3003266,-31.37189
3003267,1702.098
3003268,-42.976337
3003269,257.02695
3003270,-67.37359
3003271,693.4666
3003272,429.06775
3003273,43.4579
3003274,62.345543
3003275,119.90694
3003276,2444.7917
3003277,-17.149132
3003278,-18.62997
3003279,-27.444847
3003280,-18.62997
3003281,-18.62997
3003282,40.859394
3003283,-15.964948
3003284,-15.964948
3003285,-15.964948
3003286,45.447575
3003287,-3.3733773
3003288,166.82155
3003289,77.236336
3003290,-20.304203
3003291,-20.304203
3003292,103.25705
3003293,47.231094
3003294,1112.2327
3003295,-4.7357817
3003296,-2.8841977
3003297,16.04389
3003298,14.268114
3003299,52.51737
3003300,2495.795
3003301,49.90038
3003302,596.91205
3003303,23.258604
3003304,907.38
3003305,779.1612
3003306,388.26443
3003307,165.5119
3003308,223.07329
3003309,3339.9448
3003310,27.519804
3003311,26.03897
3003312,26.03897
3003313,87.98872
3003314,26.03897
3003315,285.59647
3003316,28.703987
3003317,28.703987
3003318,28.703987
3003319,275.31155
3003320,41.29555
3003321,206.42387
3003322,379.34296
3003323,28.883614
3003324,28.883614
3003325,203.30614
3003326,139.0334
3003327,1775.2798
3003328,85.84403
3003329,87.69561
3003330,6.4828486
3003331,4.707078
3003332,-34.41529
3003333,2930.9443
3003334,-6.897367
3003335,463.03162
3003336,-31.294622
3003337,970.9957
3003338,759.9114
3003339,290.2334
3003340,43.87612
3003341,155.98595
3003342,3654.4797
3003343,-0.5107121
3003344,-1.9915524
3003345,3.5001535
3003346,3.5001535
3003347,-1.9915524
3003348,217.43239
3003349,0.6734738
3003350,0.6734738
3003351,0.6734738
3003352,90.496506
3003353,13.265042
3003354,394.7207
3003355,274.14966
3003356,-3.665784
3003357,-3.665784
3003358,145.68443
3003359,63.869503
3003360,1211.3693
3003361,17.274881
3003362,19.126465
3003363,-25.274158
3003364,-27.04993
3003365,-66.1723
3003366,2627.2913
3003367,-38.654377
3003368,413.8001
3003369,-63.05163
3003370,879.861
3003371,668.7767
3003372,223.0621
3003373,12.119122
3003374,124.228905
3003375,3325.4648
3003376,-12.213624
3003377,-13.694464
3003378,-8.202761
3003379,-8.202761
3003380,-13.694464
3003381,198.60431
3003382,-11.029439
3003383,-11.029439
3003384,-11.029439
3003385,125.074326
3003386,1.5621325
3003387,373.142
3003388,244.97241
3003389,-15.368697
3003390,-15.368697
3003391,108.19257
3003392,52.1666
3003393,1174.1597
3003394,-2.460114
3003395,-0.6085291
3003396,68.680176
3003397,66.90443
3003398,570.53925
3003399,7428.801
3003400,269.40405
3003401,1456.8761
3003402,339.37567
3003403,1926.5068
3003404,1936.5964
3003405,967.37256
3003406,339.2818
3003407,375.94467
3003408,6989.9585
3003409,70.6855
3003410,69.20465
3003411,69.20465
3003412,267.13135
3003413,69.20465
3003414,653.10834
3003415,77.16988
3003416,77.16988
3003417,236.89857
3003418,462.18973
3003419,89.565
3003420,341.2785
3003421,743.0186
3003422,130.1487
3003423,130.1487
3003424,718.788
3003425,597.82477
3003426,5113.0557
3003427,165.59659
3003428,167.44815
3003429,-30.974634
3003430,-32.75041
3003431,-32.75041
3003432,1506.4102
3003433,-46.538834
3003434,200.31429
3003435,-70.93608
3003436,651.996
3003437,404.1682
3003438,13.3529415
3003439,-25.815533
3003440,118.267715
3003441,2616.4895
3003442,-18.174824
3003443,-19.655666
3003444,-46.13741
3003445,-46.13741
3003446,-19.655666
3003447,-14.153894
3003448,-16.990637
3003449,-16.990637
3003450,-16.990637
3003451,0.36073917
3003452,-6.3223224
3003453,38.93367
3003454,35.01019
3003455,-19.385769
3003456,-19.385769
3003457,98.92662
3003458,45.23471
3003459,551.2814
3003460,0.5996773
3003461,2.451261
3003462,28.354147
3003463,26.578371
3003464,26.578371
3003465,2496.383
3003466,7.259066
3003467,420.32388
3003468,1.0430602
3003469,1069.347
3003470,573.3034
3003471,53.244194
3003472,72.968315
3003473,193.84453
3003474,4297.6353
3003475,14.627227
3003476,13.146392
3003477,13.146392
3003478,10.980749
3003479,13.146392
3003480,128.97357
3003481,16.912766
3003482,16.912766
3003483,16.912766
3003484,57.998444
3003485,27.581078
3003486,237.91138
3003487,166.32487
3003488,16.332508
3003489,16.332508
3003490,139.89383
3003491,82.6619
3003492,862.2598
3003493,46.058983
3003494,47.910557
3003495,-34.05363
3003496,-35.829403
3003497,-35.829403
3003498,1535.816
3003499,-49.61783
3003500,248.3233
3003501,-74.015076
3003502,629.4892
3003503,478.8155
3003504,19.149542
3003505,-28.894522
3003506,115.18872
3003507,2645.8953
3003508,-21.253822
3003509,-22.734663
3003510,-22.734663
3003511,-22.734663
3003512,-22.734663
3003513,-17.232891
3003514,-20.069635
3003515,-20.069635
3003516,-20.069635
3003517,18.18063
3003518,-9.401323
3003519,68.33956
3003520,15.460917
3003521,-22.464767
3003522,-22.464767
3003523,95.847626
3003524,42.155716
3003525,548.20233
3003526,-2.4793177
3003527,-0.6277373
3003528,14.239977
3003529,12.464199
3003530,-1.0803503
3003531,1759.584
3003532,21.068027
3003533,364.44778
3003534,-9.99876
3003535,840.8241
3003536,595.2075
3003537,181.81
3003538,80.78616
3003539,173.43239
3003540,3014.3389
3003541,6.441138
3003542,4.9603047
3003543,4.9603047
3003544,4.9603047
3003545,4.9603047
3003546,26.84423
3003547,7.625326
3003548,7.625326
3003549,7.625326
3003550,47.30369
3003551,18.293636
3003552,86.12169
3003553,75.8112
3003554,-3.0153441
3003555,-3.0153441
3003556,176.20143
3003557,122.50948
3003558,1422.2733
3003559,-4.7972574
3003560,-2.945681
3003561,32.659985
3003562,30.88421
3003563,-10.891851
3003564,2618.6816
3003565,25.309315
3003566,410.38257
3003567,14.965212
3003568,1015.3046
3003569,590.1637
3003570,121.36318
3003571,83.99114
3003572,198.7547
3003573,4297.088
3003574,22.137201
3003575,20.656366
3003576,23.49438
3003577,23.49438
3003578,20.656366
3003579,122.36421
3003580,23.321392
3003581,23.321392
3003582,23.321392
3003583,84.447495
3003584,33.989704
3003585,222.86392
3003586,158.2947
3003587,20.295534
3003588,20.295534
3003589,143.85686
3003590,83.1206
3003591,613.53
3003592,44.304707
3003593,46.156284
3003594,-12.010212
3003595,-13.78598
3003596,-13.78598
3003597,1751.5408
3003598,-36.02461
3003599,217.81107
3003600,-122.56236
3003601,593.3322
3003602,402.3614
3003603,-40.644363
3003604,-56.725723
3003605,72.698814
3003606,2533.1145
3003607,0.5316545
3003608,-0.9491819
3003609,-12.772234
3003610,-0.9491819
3003611,-0.9491819
3003612,31.19973
3003613,1.715844
3003614,1.715844
3003615,1.715844
3003616,42.660328
3003617,12.384159
3003618,31.682844
3003619,51.2608
3003620,-25.654455
3003621,-25.654455
3003622,68.032646
3003623,14.340756
3003624,724.414
3003625,19.989935
3003626,21.84151
3003627,1.5226003
3003628,-0.25317132
3003629,-39.375538
3003630,2828.9807
3003631,4.290579
3003632,484.35907
3003633,-20.106676
3003634,895.87976
3003635,693.7678
3003636,177.7602
3003637,49.64968
3003638,161.75957
3003639,3827.2537
3003640,14.378238
3003641,12.897398
3003642,12.897398
3003643,18.38911
3003644,12.897398
3003645,210.54198
3003646,15.562419
3003647,15.562419
3003648,15.562419
3003649,124.09322
3003650,28.153992
3003651,342.0957
3003652,285.94983
3003653,11.223167
3003654,11.223167
3003655,134.78448
3003656,78.75847
3003657,1234.049
3003658,29.95092
3003659,31.802505
3003660,22.180548
3003661,20.40478
3003662,133.4054
3003663,2337.076
3003664,36.248734
3003665,553.9987
3003666,15.979593
3003667,962.12964
3003668,798.3317
3003669,368.26996
3003670,132.76842
3003671,190.32985
3003672,3672.7522
3003673,30.228819
3003674,28.747984
3003675,67.88727
3003676,71.979324
3003677,28.747984
3003678,269.49576
3003679,31.413002
3003680,31.413002
3003681,31.413002
3003682,275.484
3003683,44.00457
3003684,218.49393
3003685,333.30362
3003686,35.235588
3003687,35.235588
3003688,164.1186
3003689,136.22505
3003690,1735.6963
3003691,70.53326
3003692,72.38483
3003693,37.29597
3003694,35.520206
3003695,56.827065
3003696,2145.8525
3003697,53.07942
3003698,531.979
3003699,28.682165
3003700,958.05
3003701,745.3049
3003702,328.31018
3003703,145.47107
3003704,203.03242
3003705,3680.27
3003706,27.44337
3003707,25.962526
3003708,21.946367
3003709,21.946367
3003710,25.962526
3003711,241.12854
3003712,28.62756
3003713,41.037197
3003714,28.62756
3003715,228.04771
3003716,41.219124
3003717,215.70848
3003718,302.14035
3003719,32.450134
3003720,32.450134
3003721,150.76256
3003722,122.869026
3003723,1446.8752
3003724,67.7478
3003725,69.59939
3003726,45.635853
3003727,43.86008
3003728,6.3844337
3003729,2855.5903
3003730,49.5854
3003731,532.19714
3003732,39.241295
3003733,1125.9574
3003734,800.2649
3003735,273.5401
3003736,105.05168
3003737,215.51483
3003738,4789.554
3003739,28.783073
3003740,27.302242
3003741,27.302242
3003742,35.54966
3003743,27.302242
3003744,218.32301
3003745,29.967255
3003746,29.967255
3003747,29.967255
3003748,194.8929
3003749,40.635567
3003750,234.46559
3003751,272.22217
3003752,26.569824
3003753,26.569824
3003754,183.34181
3003755,92.899254
3003756,696.1215
3003757,65.64532
3003758,62.449062
3003759,-8.4864645
3003760,-10.262234
3003761,-1.716814
3003762,2627.096
3003763,-32.620502
3003764,512.1111
3003765,4.295747
3003766,954.8902
3003767,771.68823
3003768,330.08273
3003769,131.69872
3003770,168.36154
3003771,3655.5164
3003772,-6.589262
3003773,-8.070095
3003774,-8.070095
3003775,-8.070095
3003776,-8.070095
3003777,191.18306
3003778,-3.384504
3003779,-3.384504
3003780,-3.384504
3003781,154.53838
3003782,9.010613
3003783,220.16602
3003784,312.3761
3003785,1.6755993
3003786,1.6755993
3003787,335.9758
3003788,169.86272
3003789,2313.702
3003790,25.044525
3003791,26.896105
3003792,31.671349
3003793,29.895582
3003794,-25.818604
3003795,2192.9338
3003796,47.45478
3003797,494.14145
3003798,23.057531
3003799,969.1682
3003800,721.3405
3003801,209.79439
3003802,70.62941
3003803,199.33105
3003804,4026.076
3003805,22.632957
3003806,21.152119
3003807,21.152119
3003808,21.152119
3003809,21.152119
3003810,214.36836
3003811,23.817148
3003812,23.817148
3003813,23.817148
3003814,78.558075
3003815,34.485462
3003816,315.95755
3003817,267.8268
3003818,21.050451
3003819,21.050451
3003820,139.36287
3003821,89.17533
3003822,954.75684
3003823,56.873566
3003824,58.725147
3003825,18.58082
3003826,16.805052
3003827,-32.323486
3003828,1991.6879
3003829,35.286858
3003830,487.36902
3003831,10.889608
3003832,913.4402
3003833,731.7022
3003834,283.70044
3003835,127.67847
3003836,185.23987
3003837,3300.6565
3003838,16.392467
3003839,14.911628
3003840,11.506197
3003841,14.911628
3003842,14.911628
3003843,201.57356
3003844,17.576653
3003845,17.576653
3003846,17.576653
3003847,125.58896
3003848,30.168224
3003849,204.6576
3003850,265.38123
3003851,89.6893
3003852,16.733215
3003853,135.04565
3003854,107.152084
3003855,1464.95
3003856,34.991894
3003857,36.84348
3003858,-76.95047
3003859,-78.72625
3003860,-78.72625
3003861,1310.9746
3003862,-75.18838
3003863,182.2343
3003864,-99.585625
3003865,564.3884
3003866,283.78046
3003867,74.55715
3003868,17.203148
3003869,74.76454
3003870,1388.9348
3003871,-6.5831685
3003872,-8.064006
3003873,-8.064006
3003874,-8.064006
3003875,-8.064006
3003876,35.917164
3003877,-5.3989806
3003878,-5.3989806
3003879,-5.3989806
3003880,49.57162
3003881,7.1925907
3003882,179.04733
3003883,148.15904
3003884,-4.2110176
3003885,-4.2110176
3003886,124.671974
3003887,96.778435
3003888,826.2092
3003889,14.047669
3003890,15.899252
3003891,16.407074
3003892,14.631298
3003893,-34.497234
3003894,3319.6677
3003895,33.009804
3003896,471.5996
3003897,8.61256
3003898,933.9025
3003899,744.2283
3003900,285.87115
3003901,60.846764
3003902,182.96281
3003903,3742.708
3003904,-0.58923334
3003905,-2.0700698
3003906,-2.0700698
3003907,-2.0700698
3003908,-2.0700698
3003909,177.22348
3003910,4.6733904
3003911,4.6733904
3003912,4.6733904
3003913,166.93857
3003914,17.264956
3003915,296.4779
3003916,272.9959
3003917,16.032635
3003918,16.032635
3003919,139.59395
3003920,87.07231
3003921,807.4145
3003922,19.436077
3003923,21.287663
3003924,65.407265
3003925,63.631474
3003926,24.967264
3003927,8596.781
3003928,117.72731
3003929,1351.1193
3003930,249.15933
3003931,2206.7852
3003932,1905.7761
3003933,537.54083
3003934,405.45633
3003935,632.7889
3003936,8235.463
3003937,51.94624
3003938,50.465405
3003939,155.33578
3003940,111.5816
3003941,50.465405
3003942,707.64465
3003943,323.9413
3003944,52.92166
3003945,323.9413
3003946,408.49252
3003947,75.86441
3003948,493.8648
3003949,1132.4287
3003950,115.726204
3003951,115.726204
3003952,776.0459
3003953,559.74744
3003954,6666.91
3003955,572.4597
3003956,142.54681
3003957,59.638664
3003958,57.862885
3003959,2.412684
3003960,7849.0493
3003961,78.65459
3003962,1249.6882
3003963,210.08667
3003964,2045.8802
3003965,1747.3339
3003966,442.26074
3003967,372.53482
3003968,599.86725
3003969,8187.0435
3003970,25.19198
3003971,23.711145
3003972,23.711145
3003973,55.211716
3003974,23.711145
3003975,377.9921
3003976,284.59903
3003977,26.167418
3003978,184.35355
3003979,352.8771
3003980,49.110176
3003981,579.584
3003982,1066.5076
3003983,85.104515
3003984,85.104515
3003985,736.34607
3003986,493.76282
3003987,5567.6133
3003988,557.2615
3003989,126.02992
3003990,19.888493
3003991,18.112751
3003992,-156.45999
3003993,5541.3286
3003994,17.835686
3003995,1019.1648
3003996,192.15784
3003997,1819.8387
3003998,1551.6929
3003999,255.21469
3004000,241.09117
3004001,468.42365
3004002,7795.955
3004003,25.277851
3004004,23.797012
3004005,44.37258
3004006,49.17344
3004007,23.797012
3004008,463.3385
3004009,140.37161
3004010,26.253284
3004011,135.45645
3004012,224.92284
3004013,49.19605
3004014,456.172
3004015,670.258
3004016,51.73048
3004017,189.53194
3004018,676.7167
3004019,315.73068
3004020,3445.4868
3004021,213.91469
3004022,77.12598
3004023,37.021477
3004024,35.245735
3004025,-130.88918
3004026,6074.6475
3004027,34.968685
3004028,1103.3976
3004029,73.11725
3004030,1904.0714
3004031,1635.9255
3004032,339.4475
3004033,258.22415
3004034,485.55664
3004035,7968.063
3004036,42.410843
3004037,40.93
3004038,66.30643
3004039,-38.005028
3004040,40.93
3004041,605.79193
3004042,412.60107
3004043,43.386284
3004044,165.94246
3004045,250.49364
3004046,66.32902
3004047,473.305
3004048,754.4908
3004049,68.863464
3004050,68.863464
3004051,688.38385
3004052,387.35666
3004053,3476.7512
3004054,352.64038
3004055,148.752
3004056,-16.055874
3004057,-17.831636
3004058,-249.09688
3004059,4268.418
3004060,-28.962917
3004061,876.8249
3004062,2.411984
3004063,1651.6967
3004064,1350.3068
3004065,117.93375
3004066,115.50859
3004067,428.73862
3004068,6423.875
3004069,21.909464
3004070,20.428627
3004071,4.5626674
3004072,44.66369
3004073,20.428627
3004074,433.1722
3004075,37.15912
3004076,23.553545
3004077,56.702812
3004078,105.43716
3004079,46.49631
3004080,386.84845
3004081,627.81464
3004082,40.260952
3004083,40.260952
3004084,601.50354
3004085,160.24838
3004086,2831.6208
3004087,15.842565
3004088,-70.80857
3004089,11.421799
3004090,9.646036
3004091,3.0860047
3004092,5977.8477
3004093,1.5607797
3004094,1204.0353
3004095,68.7587
3004096,1898.1713
3004097,1745.1423
3004098,440.29388
3004099,254.79333
3004100,482.1258
3004101,6829.932
3004102,32.75247
3004103,31.271635
3004104,156.28114
3004105,134.2362
3004106,31.271635
3004107,538.8873
3004108,295.4976
3004109,34.396557
3004110,178.10046
3004111,363.77567
3004112,57.33932
3004113,387.15912
3004114,734.5248
3004115,63.007122
3004116,63.007122
3004117,589.1344
3004118,361.9643
3004119,5403.2856
3004120,868.03064
3004121,68.70331
3004122,-25.053726
3004123,-26.829502
3004124,-153.32204
3004125,2130.652
3004126,-62.047215
3004127,166.93951
3004128,-16.99886
3004129,672.5489
3004130,506.83667
3004131,-25.858013
3004132,119.49055
3004133,156.15341
3004134,3325.8718
3004135,-5.873866
3004136,-7.354701
3004137,-35.41524
3004138,-27.383385
3004139,-7.354701
3004140,75.60462
3004141,0.610529
3004142,0.610529
3004143,0.610529
3004144,69.03312
3004145,13.005645
3004146,224.16103
3004147,128.63606
3004148,17.783575
3004149,17.783575
3004150,293.79645
3004151,135.65439
3004152,1799.8689
3004153,5.610484
3004154,7.4620543
3004155,1.7370201
3004156,-0.038746238
3004157,-275.79337
3004158,3436.6208
3004159,-18.621292
3004160,750.4487
3004161,-7.9091
3004162,1342.3134
3004163,1105.0155
3004164,-14.788536
3004165,176.88391
3004166,404.21628
3004167,5784.991
3004168,15.853345
3004169,14.372515
3004170,27.088404
3004171,14.372515
3004172,14.372515
3004173,165.33693
3004174,-17.697512
3004175,13.419001
3004176,13.419001
3004177,262.98367
3004178,31.90663
3004179,387.37213
3004180,466.20288
3004181,16.500355
3004182,16.500355
3004183,391.97162
3004184,196.66507
3004185,2788.2947
3004186,337.19604
3004187,35.462276
3004188,29.149633
3004189,27.373865
3004190,-128.58083
3004191,3972.1729
3004192,43.505096
3004193,932.37805
3004194,58.96467
3004195,1528.7046
3004196,1241.7001
3004197,119.47991
3004198,229.31204
3004199,442.22534
3004200,5360.0444
3004201,32.666855
3004202,31.186016
3004203,31.186016
3004204,-10.026836
3004205,31.186016
3004206,213.00581
3004207,30.232512
3004208,30.232512
3004209,30.232512
3004210,140.98058
3004211,48.720142
3004212,381.14227
3004213,521.4349
3004214,50.672916
3004215,156.83955
3004216,563.25757
3004217,403.06644
3004218,3792.7617
3004219,78.38071
3004220,86.51248
3004221,-31.79822
3004222,-33.447456
3004223,-33.447456
3004224,4325.9053
3004225,-92.246216
3004226,907.9362
3004227,-284.81735
3004228,1533.9808
3004229,1413.0485
3004230,94.06172
3004231,-94.73488
3004232,132.59761
3004233,5662.911
3004234,-40.63203
3004235,-42.112865
3004236,-42.112865
3004237,4.9139194
3004238,-42.112865
3004239,209.05118
3004240,-43.06635
3004241,-43.06635
3004242,-43.06635
3004243,202.96706
3004244,-24.578709
3004245,201.61118
3004246,548.6658
3004247,-44.118805
3004248,-44.118805
3004249,124.50204
3004250,35.75599
3004251,3705.6006
3004252,-68.54273
3004253,-66.69117
3004254,-15.952574
3004255,-17.728346
3004256,-17.728346
3004257,1682.5922
3004258,-51.314106
3004259,329.28027
3004260,-147.8228
3004261,774.0249
3004262,560.2152
3004263,144.59955
3004264,-12.046284
3004265,45.515106
3004266,2854.2024
3004267,-11.209653
3004268,-12.690488
3004269,-12.690488
3004270,-12.518461
3004271,-12.690488
3004272,136.64937
3004273,-10.025461
3004274,-10.025461
3004275,-10.025461
3004276,98.38687
3004277,2.5661058
3004278,162.7588
3004279,178.67317
3004280,-29.032948
3004281,-29.032948
3004282,91.35931
3004283,49.606285
3004284,898.55756
3004285,40.401825
3004286,42.253407
3004287,-20.313442
3004288,-22.08921
3004289,-22.08921
3004290,2102.4536
3004291,-28.892567
3004292,340.69598
3004293,-63.260796
3004294,740.2415
3004295,602.4449
3004296,53.994576
3004297,-8.173
3004298,120.528595
3004299,3129.0312
3004300,-14.141835
3004301,-15.622675
3004302,-25.613747
3004303,-15.622675
3004304,-15.622675
3004305,65.49527
3004306,-12.957648
3004307,-12.957648
3004308,-12.957648
3004309,41.783276
3004310,-2.2893357
3004311,136.35387
3004312,98.87954
3004313,-25.712458
3004314,-25.712458
3004315,91.13392
3004316,30.817272
3004317,571.3558
3004318,-3.912722
3004319,-2.061139
3004320,40.811596
3004321,39.03583
3004322,3.9859824
3004323,2899.2063
3004324,43.636883
3004325,671.91736
3004326,65.7428
3004327,1120.4036
3004328,966.33264
3004329,437.1582
3004330,165.78561
3004331,202.44844
3004332,3815.0588
3004333,19.820621
3004334,18.339785
3004335,54.197937
3004336,37.40818
3004337,18.339785
3004338,280.9
3004339,23.02539
3004340,23.02539
3004341,199.98436
3004342,147.05002
3004343,35.420513
3004344,250.83083
3004345,432.17908
3004346,39.70104
3004347,39.70104
3004348,384.9846
3004349,216.50517
3004350,2367.1565
3004351,54.08617
3004352,55.937748
3004353,28.932472
3004354,27.156702
3004355,27.156702
3004356,2284.7566
3004357,47.427628
3004358,404.32138
3004359,117.39915
3004360,895.76
3004361,573.57416
3004362,265.0513
3004363,205.38548
3004364,242.04831
3004365,3553.8413
3004366,21.727121
3004367,20.246284
3004368,20.246284
3004369,20.246284
3004370,20.246284
3004371,76.08123
3004372,28.21153
3004373,28.21153
3004374,28.21153
3004375,82.98566
3004376,40.606647
3004377,256.017
3004378,225.12871
3004379,44.88718
3004380,44.88718
3004381,441.92825
3004382,320.96497
3004383,1867.2695
3004384,90.598015
3004385,92.44961
3004386,32.439156
3004387,30.663387
3004388,30.663387
3004389,2288.2634
3004390,50.93431
3004391,407.82806
3004392,120.90583
3004393,899.2667
3004394,577.0809
3004395,268.55798
3004396,208.89218
3004397,245.55501
3004398,3557.3481
3004399,25.233807
3004400,23.75297
3004401,23.75297
3004402,23.75297
3004403,23.75297
3004404,79.58791
3004405,31.718216
3004406,31.718216
3004407,31.718216
3004408,86.49234
3004409,44.11333
3004410,259.52368
3004411,228.6354
3004412,48.393864
3004413,48.393864
3004414,445.43494
3004415,324.47165
3004416,1870.7761
3004417,94.1047
3004418,95.95629
3004419,-15.625597
3004420,-17.401367
3004421,47.424297
3004422,3701.7466
3004423,-10.270876
3004424,707.4596
3004425,69.45327
3004426,1309.0377
3004427,1036.5581
3004428,526.10333
3004429,206.50978
3004430,233.93744
3004431,6285.561
3004432,24.107481
3004433,22.62665
3004434,22.62665
3004435,91.2241
3004436,22.62665
3004437,433.6689
3004438,30.591908
3004439,30.591908
3004440,93.427826
3004441,219.2197
3004442,42.987022
3004443,510.63467
3004444,517.48486
3004445,18.058424
3004446,18.058424
3004447,371.34964
3004448,203.07663
3004449,1589.5837
3004450,742.92285
3004451,23.369965
3004452,-11.769043
3004453,-13.544816
3004454,-69.05817
3004455,2291.1665
3004456,-39.29073
3004457,408.82596
3004458,-17.184837
3004459,964.63605
3004460,738.25
3004461,133.1996
3004462,75.909134
3004463,145.30667
3004464,3247.5298
3004465,3.2366042
3004466,1.7557689
3004467,1.7557689
3004468,33.09327
3004469,1.7557689
3004470,264.24426
3004471,9.926208
3004472,9.926208
3004473,9.926208
3004474,256.41388
3004475,26.521025
3004476,605.9875
3004477,318.89127
3004478,10.393903
3004479,84.910965
3004480,521.6289
3004481,160.66653
3004482,2309.7102
3004483,50.647972
3004484,153.34673
3004485,-24.109074
3004486,-25.884846
3004487,-25.884846
3004488,1505.6232
3004489,-46.933723
3004490,167.35504
3004491,-43.87755
3004492,714.0173
3004493,485.28787
3004494,-183.85149
3004495,-47.813454
3004496,114.51113
3004497,2965.0315
3004498,-12.736901
3004499,-14.217733
3004500,-14.217733
3004501,-89.744514
3004502,-14.217733
3004503,12.900852
3004504,-11.777246
3004505,-11.777246
3004506,-11.777246
3004507,-38.824562
3004508,0.6178696
3004509,184.49657
3004510,62.069656
3004511,-25.437613
3004512,-25.437613
3004513,158.20883
3004514,-4.1475296
3004515,679.7996
3004516,-356.29968
3004517,-78.29867
3004518,83.2185
3004519,81.442726
3004520,64.46188
3004521,4064.0554
3004522,102.67052
3004523,932.09216
3004524,166.14877
3004525,1440.5958
3004526,1088.1395
3004527,663.1314
3004528,233.97261
3004529,304.23666
3004530,6859.199
3004531,41.08515
3004532,39.604317
3004533,71.94769
3004534,75.94817
3004535,39.604317
3004536,445.6905
3004537,43.347202
3004538,43.347202
3004539,43.347202
3004540,138.25627
3004541,54.01551
3004542,270.56152
3004543,498.6103
3004544,60.572704
3004545,60.572704
3004546,517.3057
3004547,162.99413
3004548,1196.1802
3004549,63.870667
3004550,72.80407
3004551,-3.7890148
3004552,-5.5647902
3004553,-66.838036
3004554,1647.4414
3004555,-22.350277
3004556,273.0237
3004557,-51.09624
3004558,756.5633
3004559,478.2504
3004560,-27.99888
3004561,10.556372
3004562,105.4063
3004563,2958.2236
3004564,-8.05534
3004565,-9.536174
3004566,-9.536174
3004567,-9.536174
3004568,-9.536174
3004569,90.097916
3004570,-7.0956807
3004571,-7.0956807
3004572,-38.45396
3004573,17.547943
3004574,3.5726333
3004575,184.2998
3004576,114.251114
3004577,-17.38883
3004578,-17.38883
3004579,123.09649
3004580,-7.8909903
3004581,626.92706
3004582,-244.4458
3004583,-24.825258
3004584,-3.7890148
3004585,-5.5647902
3004586,-5.5647902
3004587,1667.2728
3004588,-22.350277
3004589,299.5712
3004590,-51.09624
3004591,752.50635
3004592,529.67786
3004593,-46.91992
3004594,10.556372
3004595,105.4063
3004596,2858.013
3004597,-8.05534
3004598,-9.536174
3004599,-9.536174
3004600,-31.470747
3004601,-9.536174
3004602,90.4802
3004603,-7.0956807
3004604,-7.0956807
3004605,-7.0956807
3004606,0.4836638
3004607,3.5726333
3004608,184.2998
3004609,124.60037
3004610,-17.38883
3004611,-17.38883
3004612,96.4673
3004613,-7.8909903
3004614,626.92706
3004615,-175.22752
3004616,-24.825258
3004617,0.69564795
3004618,-1.0801265
3004619,-50.60214
3004620,1438.4652
3004621,-4.588466
3004622,325.27533
3004623,-52.15211
3004624,844.0328
3004625,614.1839
3004626,83.10345
3004627,52.43105
3004628,127.362175
3004629,3113.2039
3004630,-4.9324203
3004631,-6.4132543
3004632,-6.4132543
3004633,1.5153582
3004634,-6.4132543
3004635,130.20105
3004636,-0.69312596
3004637,-0.69312596
3004638,-0.69312596
3004639,78.529144
3004640,11.701991
3004641,184.18031
3004642,197.38821
3004643,-2.9454532
3004644,-2.9454532
3004645,205.23682
3004646,58.41472
3004647,921.02826
3004648,-24.246902
3004649,-22.395323
3004650,-3.7890148
3004651,-5.5647902
3004652,-5.5647902
3004653,1951.1866
3004654,-22.350277
3004655,299.5712
3004656,-51.09624
3004657,730.0344
3004658,496.19043
3004659,-27.99888
3004660,10.556372
3004661,105.4063
3004662,2990.3052
3004663,-8.05534
3004664,-9.536174
3004665,-31.470747
3004666,-9.536174
3004667,-9.536174
3004668,85.78079
3004669,-38.45396
3004670,-7.0956807
3004671,-7.0956807
3004672,9.852239
3004673,3.5726333
3004674,184.2998
3004675,120.14786
3004676,-17.38883
3004677,-17.38883
3004678,123.09649
3004679,-2.6973495
3004680,777.7361
3004681,-251.00699
3004682,-24.825258
3004683,4.336258
3004684,2.5604796
3004685,2.5604796
3004686,1388.5951
3004687,-12.656368
3004688,251.19875
3004689,-60.22002
3004690,763.8569
3004691,571.76776
3004692,-39.62727
3004693,25.717022
3004694,113.46692
3004695,2698.3938
3004696,-12.627581
3004697,-14.1084175
3004698,-25.198643
3004699,-14.1084175
3004700,-14.1084175
3004701,67.879845
3004702,-8.388287
3004703,-8.388287
3004704,-8.388287
3004705,35.177586
3004706,4.00683
3004707,176.48514
3004708,85.49504
3004709,-6.773232
3004710,-6.773232
3004711,117.68299
3004712,34.21808
3004713,427.11676
3004714,-21.251104
3004715,-19.39953
3004716,13.651794
3004717,11.876018
3004718,37.401695
3004719,2327.1538
3004720,18.244143
3004721,520.4944
3004722,-19.20667
3004723,1006.39014
3004724,777.6607
3004725,430.24872
3004726,113.50083
3004727,147.37184
3004728,3627.7966
3004729,2.418705
3004730,0.9378712
3004731,16.909101
3004732,0.9378712
3004733,0.9378712
3004734,215.30339
3004735,3.378358
3004736,3.378358
3004737,3.378358
3004738,82.59241
3004739,15.773472
3004740,188.2518
3004741,263.29807
3004742,-7.1195025
3004743,-7.1195025
3004744,331.82327
3004745,87.70293
3004746,706.0513
3004747,-40.663475
3004748,-7.7378645
3004749,-7.998942
3004750,-9.774717
3004751,-46.599068
3004752,2285.713
3004753,-2.2344398
3004754,358.17886
3004755,-44.033955
3004756,932.08746
3004757,693.0271
3004758,108.4432
3004759,31.425049
3004760,117.35616
3004761,3802.8552
3004762,-6.061499
3004763,-7.542332
3004764,-7.354502
3004765,-7.542332
3004766,-7.542332
3004767,110.4515
3004768,-5.1018443
3004769,-5.1018443
3004770,-14.337675
3004771,45.308044
3004772,7.2932744
3004773,188.02045
3004774,144.81851
3004775,-21.913727
3004776,-21.913727
3004777,193.41974
3004778,72.347
3004779,1198.7114
3004780,-172.18546
3004781,-49.731857
3004782,7.726873
3004783,5.951101
3004784,5.951101
3004785,2007.3823
3004786,-8.430608
3004787,355.57626
3004788,-37.176586
3004789,827.3962
3004790,547.7432
3004791,43.86638
3004792,28.075356
3004793,119.32597
3004794,3054.9233
3004795,2.3703809
3004796,0.88954866
3004797,0.88954866
3004798,0.88954866
3004799,0.88954866
3004800,101.70083
3004801,3.3300385
3004802,3.3300385
3004803,3.3300385
3004804,23.877295
3004805,13.998352
3004806,198.73009
3004807,176.66364
3004808,-2.9585452
3004809,-2.9585452
3004810,179.61227
3004811,13.688023
3004812,648.4612
3004813,-8.7421665
3004814,-6.8905897
3004815,12.969909
3004816,11.194139
3004817,57.64566
3004818,2818.7322
3004819,10.047287
3004820,690.26544
3004821,32.153206
3004822,1205.9589
3004823,1023.5929
3004824,348.01187
3004825,274.768
3004826,156.17174
3004827,4520.787
3004828,1.0061891
3004829,-0.474646
3004830,25.28564
3004831,25.28564
3004832,-0.474646
3004833,369.2988
3004834,7.695784
3004835,7.695784
3004836,100.034
3004837,352.46033
3004838,20.090906
3004839,966.31604
3004840,472.05157
3004841,34.73563
3004842,34.73563
3004843,885.39496
3004844,193.39836
3004845,2560.1086
3004846,40.647976
3004847,243.27757
3004848,-37.97667
3004849,-39.75245
3004850,50.281082
3004851,2772.4424
3004852,-41.83029
3004853,550.3695
3004854,-64.47079
3004855,1103.599
3004856,836.35016
3004857,447.1871
3004858,142.92967
3004859,106.35885
3004860,4491.849
3004861,-19.808592
3004862,-21.289427
3004863,48.911526
3004864,48.911526
3004865,-21.289427
3004866,210.25266
3004867,-18.624407
3004868,-18.624407
3004869,-18.624407
3004870,117.547676
3004871,-6.5704803
3004872,163.6245
3004873,263.9005
3004874,-31.74685
3004875,-31.74685
3004876,267.2918
3004877,127.194336
3004878,1434.9019
3004879,-55.884457
3004880,-58.686874
3004881,-46.291435
3004882,-48.067215
3004883,-48.067215
3004884,2240.9377
3004885,-90.66088
3004886,346.07986
3004887,-151.2614
3004888,1034.3185
3004889,654.8454
3004890,215.74849
3004891,-53.598694
3004892,19.568192
3004893,3967.6624
3004894,-37.014893
3004895,-38.495724
3004896,-28.023443
3004897,-30.310102
3004898,-38.495724
3004899,122.28735
3004900,-35.830704
3004901,-35.830704
3004902,-35.830704
3004903,97.26242
3004904,-23.776773
3004905,132.38203
3004906,165.58597
3004907,-47.425377
3004908,42.691135
3004909,181.05849
3004910,11.482951
3004911,922.9186
3004912,-65.76579
3004913,-63.91421
3004914,-41.287277
3004915,-43.06305
3004916,-43.06305
3004917,1488.3477
3004918,-83.198616
3004919,260.31027
3004920,-169.73633
3004921,612.76697
3004922,434.5441
3004923,-127.25822
3004924,-67.510056
3004925,17.020144
3004926,2511.8374
3004927,-23.97668
3004928,-25.457516
3004929,-25.457516
3004930,-26.348553
3004931,-25.457516
3004932,54.743668
3004933,-22.792496
3004934,-22.792496
3004935,-22.792496
3004936,55.941406
3004937,-12.12418
3004938,133.09554
3004939,90.876625
3004940,-54.030178
3004941,-54.030178
3004942,79.54924
3004943,-14.080672
3004944,744.3097
3004945,-127.74948
3004946,-30.28895
3004947,-21.38183
3004948,-23.157602
3004949,-46.71836
3004950,1706.4836
3004951,-34.612617
3004952,302.64896
3004953,-63.757256
3004954,708.6896
3004955,441.35672
3004956,-176.46576
3004957,-80.56881
3004958,115.209885
3004959,2631.9536
3004960,-1.1970663
3004961,-2.6779013
3004962,-2.6779013
3004963,-12.172899
3004964,-2.6779013
3004965,31.085617
3004966,-0.012880504
3004967,-0.012880504
3004968,16.542885
3004969,20.800713
3004970,12.578687
3004971,152.1934
3004972,91.255585
3004973,-0.46408772
3004974,-0.46408772
3004975,176.31969
3004976,74.03684
3004977,1226.2261
3004978,-4.3005214
3004979,-131.96103
3004980,53.27103
3004981,51.49526
3004982,51.49526
3004983,3304.043
3004984,84.74183
3004985,753.95386
3004986,76.95619
3004987,1145.5734
3004988,966.06006
3004989,579.1356
3004990,366.00284
3004991,336.8425
3004992,3669.8008
3004993,37.03257
3004994,35.551735
3004995,77.34719
3004996,196.11848
3004997,35.551735
3004998,237.02411
3004999,38.216763
3005000,38.216763
3005001,38.216763
3005002,304.02914
3005003,50.80833
3005004,944.6101
3005005,454.67783
3005006,38.39638
3005007,38.39638
3005008,749.0691
3005009,196.74324
3005010,2435.2751
3005011,81.25984
3005012,293.93692
3005013,-13.177387
3005014,-14.953163
3005015,-62.50493
3005016,2023.522
3005017,-16.194244
3005018,315.66614
3005019,-73.65105
3005020,689.6182
3005021,543.9555
3005022,-141.52483
3005023,-99.81841
3005024,126.89094
3005025,2539.365
3005026,-2.8542
3005027,-4.335035
3005028,-4.335035
3005029,-5.3136764
3005030,-4.335035
3005031,64.82542
3005032,-1.6700082
3005033,-1.6700082
3005034,-1.6700082
3005035,69.59693
3005036,10.383919
3005037,243.17554
3005038,134.62671
3005039,-2.028025
3005040,-2.028025
3005041,279.3746
3005042,61.010143
3005043,1087.7909
3005044,-0.71049595
3005045,58.86917
3005046,-32.012764
3005047,-33.788536
3005048,-40.144627
3005049,1726.7958
3005050,-45.392986
3005051,298.0387
3005052,-69.79024
3005053,682.8248
3005054,488.01956
3005055,-78.90615
3005056,88.14006
3005057,117.4903
3005058,2566.596
3005059,-23.109047
3005060,-24.589882
3005061,-24.589882
3005062,-24.589882
3005063,-24.589882
3005064,29.094269
3005065,-21.92485
3005066,-21.92485
3005067,-21.92485
3005068,46.469578
3005069,-9.333286
3005070,178.04047
3005071,100.55165
3005072,-26.264118
3005073,-26.264118
3005074,73.75352
3005075,43.020935
3005076,1285.9847
3005077,-24.09641
3005078,-57.605206
3005079,29.3919
3005080,27.616123
3005081,112.93822
3005082,2626.226
3005083,63.24837
3005084,684.5559
3005085,36.606617
3005086,964.15643
3005087,807.11694
3005088,330.4261
3005089,207.05942
3005090,236.42131
3005091,3343.858
3005092,27.50306
3005093,26.022228
3005094,80.40706
3005095,52.215492
3005096,26.022228
3005097,292.56168
3005098,28.687248
3005099,28.687248
3005100,28.687248
3005101,282.2768
3005102,41.278812
3005103,710.7733
3005104,402.2567
3005105,32.871426
3005106,32.871426
3005107,626.73865
3005108,144.77095
3005109,1999.0607
3005110,79.56507
3005111,333.7076
3005112,23.332788
3005113,21.557016
3005114,21.557016
3005115,2732.919
3005116,9.952571
3005117,520.6369
3005118,-14.444681
3005119,1006.14246
3005120,817.51654
3005121,440.9355
3005122,97.81004
3005123,172.83588
3005124,3712.0852
3005125,-2.977828
3005126,-4.458661
3005127,18.073748
3005128,29.780653
3005129,-4.458661
3005130,231.21803
3005131,-1.7936345
3005132,-1.7936345
3005133,-1.7936345
3005134,95.011314
3005135,10.797934
3005136,180.99286
3005137,287.9353
3005138,-6.132902
3005139,-6.132902
3005140,340.10095
3005141,113.019104
3005142,537.0893
3005143,1.4070487
3005144,3.258625
3005145,-37.64005
3005146,-39.415825
3005147,-31.465338
3005148,2516.811
3005149,-51.020264
3005150,449.354
3005151,-75.41752
3005152,892.9565
3005153,704.33057
3005154,237.5447
3005155,36.837196
3005156,111.86302
3005157,3361.0188
3005158,-28.12278
3005159,-29.603613
3005160,-7.071205
3005161,-29.603613
3005162,-29.603613
3005163,167.80162
3005164,-26.938585
3005165,-26.938585
3005166,-26.938585
3005167,157.51671
3005168,-14.347019
3005169,155.84789
3005170,252.4805
3005171,-31.277855
3005172,-31.277855
3005173,255.42911
3005174,71.36984
3005175,1345.1271
3005176,-31.769989
3005177,-29.918413
3005178,117.42177
3005179,115.645996
3005180,427.25507
3005181,7658.4414
3005182,318.14554
3005183,1610.1216
3005184,388.11722
3005185,2079.7522
3005186,2066.2004
3005187,1365.524
3005188,1327.582
3005189,424.68622
3005190,7155.479
3005191,85.57595
3005192,84.0951
3005193,313.2035
3005194,313.2035
3005195,84.0951
3005196,755.9151
3005197,92.06033
3005198,92.06033
3005199,407.95596
3005200,542.7031
3005201,104.45545
3005202,2135.3853
3005203,835.47614
3005204,145.03914
3005205,145.03914
3005206,1656.507
3005207,614.46484
3005208,5429.8657
3005209,172.32878
3005210,632.8188
3005211,-33.572903
3005212,-35.348675
3005213,-35.348675
3005214,1565.2214
3005215,-49.137096
3005216,216.33813
3005217,-73.534355
3005218,648.59216
3005219,420.19214
3005220,-151.27351
3005221,2.5614848
3005222,115.66945
3005223,2641.1445
3005224,-24.31636
3005225,-25.797192
3005226,-25.797192
3005227,-41.346924
3005228,-25.797192
3005229,-38.11972
3005230,-23.132168
3005231,-23.132168
3005232,-23.132168
3005233,-23.605082
3005234,-12.463859
3005235,157.73108
3005236,10.847259
3005237,-25.527306
3005238,-25.527306
3005239,34.904823
3005240,40.842934
3005241,429.96414
3005242,-18.942574
3005243,-17.090996
3005244,33.83929
3005245,32.063515
3005246,32.063515
3005247,2587.8894
3005248,12.744205
3005249,468.26376
3005250,2.400097
3005251,1126.6971
3005252,661.66077
3005253,229.41621
3005254,115.012634
3005255,195.20158
3005256,4426.2324
3005257,10.056083
3005258,8.575249
3005259,25.944592
3005260,8.575249
3005261,8.575249
3005262,146.15277
3005263,12.341614
3005264,12.341614
3005265,12.341614
3005266,80.29788
3005267,23.00993
3005268,225.75482
3005269,198.055
3005270,15.765926
3005271,15.765926
3005272,190.52942
3005273,112.04467
3005274,947.4652
3005275,32.09168
3005276,23.066807
3005277,-36.651897
3005278,-38.427666
3005279,-38.427666
3005280,1594.6273
3005281,-52.216095
3005282,242.87927
3005283,-76.61334
3005284,685.15155
3005285,515.70685
3005286,-18.233852
3005287,-0.5175036
3005288,112.590454
3005289,2670.5503
3005290,-27.39536
3005291,-28.876194
3005292,-28.876194
3005293,-28.876194
3005294,-28.876194
3005295,-27.865017
3005296,-26.211164
3005297,-26.211164
3005298,-26.211164
3005299,-26.684084
3005300,-15.542853
3005301,154.65207
3005302,5.68858
3005303,-28.606306
3005304,-28.606306
3005305,21.476557
3005306,37.76394
3005307,860.4329
3005308,-22.02157
3005309,-20.169992
3005310,11.641712
3005311,9.865933
3005312,9.865933
3005313,1774.4427
3005314,18.469765
3005315,380.4717
3005316,-12.597025
3005317,856.8481
3005318,611.2315
3005319,73.48232
3005320,109.16315
3005321,170.8341
3005322,3099.865
3005323,0.29960746
3005324,-1.1812328
3005325,-15.302855
3005326,-1.1812328
3005327,-1.1812328
3005328,2.8784118
3005329,1.483793
3005330,1.483793
3005331,1.483793
3005332,42.03538
3005333,12.152103
3005334,182.34709
3005335,60.30214
3005336,-9.156878
3005337,-9.156878
3005338,78.52781
3005339,118.11759
3005340,1674.3961
3005341,-24.339512
3005342,-22.487934
3005343,30.06172
3005344,28.285944
3005345,49.733387
3005346,2718.78
3005347,22.711048
3005348,445.43414
3005349,12.366945
3005350,1058.9874
3005351,625.21533
3005352,180.83809
3005353,112.36812
3005354,196.15642
3005355,4460.6377
3005356,15.99567
3005357,14.514831
3005358,14.514831
3005359,28.284878
3005360,14.514831
3005361,132.16605
3005362,17.179855
3005363,17.179855
3005364,17.179855
3005365,98.618126
3005366,27.848171
3005367,201.27975
3005368,192.12006
3005369,14.153999
3005370,14.153999
3005371,195.06871
3005372,103.32906
3005373,492.2128
3005374,24.762468
3005375,26.614038
3005376,-14.608477
3005377,-16.384247
3005378,-16.384247
3005379,1653.3145
3005380,-38.62288
3005381,251.37402
3005382,-125.16062
3005383,651.03033
3005384,503.5127
3005385,-21.999811
3005386,-28.34871
3005387,70.10054
3005388,2557.7698
3005389,-5.609876
3005390,-7.09071
3005391,-7.09071
3005392,-7.09071
3005393,-7.09071
3005394,7.233917
3005395,-4.425689
3005396,-4.425689
3005397,-4.425689
3005398,18.69452
3005399,6.242625
3005400,151.46239
3005401,14.952544
3005402,-31.79599
3005403,-31.79599
3005404,30.657986
3005405,9.948968
3005406,795.44147
3005407,0.44768047
3005408,2.2992568
3005409,-4.0089645
3005410,-5.7847357
3005411,-5.7847357
3005412,2668.547
3005413,-1.2409884
3005414,536.3118
3005415,-25.638239
3005416,933.6773
3005417,729.3217
3005418,266.24274
3005419,81.20209
3005420,156.228
3005421,3862.8076
3005422,5.3034024
3005423,3.8225675
3005424,26.35499
3005425,29.852074
3005426,3.8225675
3005427,208.77917
3005428,6.487593
3005429,6.487593
3005430,6.487593
3005431,164.28911
3005432,19.07916
3005433,189.27408
3005434,293.45795
3005435,2.148333
3005436,2.148333
3005437,321.17615
3005438,104.79603
3005439,1273.2783
3005440,7.4753704
3005441,9.326952
3005442,26.40982
3005443,24.634052
3005444,209.46065
3005445,2398.8909
3005446,40.478004
3005447,604.1503
3005448,16.080761
3005449,1030.2212
3005450,822.22797
3005451,267.01523
3005452,251.71458
3005453,171.4081
3005454,3739.376
3005455,18.333231
3005456,16.852396
3005457,16.852396
3005458,78.54531
3005459,16.852396
3005460,295.18423
3005461,19.51742
3005462,19.51742
3005463,19.51742
3005464,259.8101
3005465,32.10899
3005466,448.54086
3005467,345.84686
3005468,23.340004
3005469,23.340004
3005470,467.24435
3005471,126.079216
3005472,1911.087
3005473,36.911194
3005474,269.5118
3005475,42.139885
3005476,40.36412
3005477,131.00319
3005478,2384.6763
3005479,57.923332
3005480,609.8716
3005481,33.52608
3005482,1006.3224
3005483,836.38116
3005484,259.54922
3005485,209.73386
3005486,188.8534
3005487,3814.1416
3005488,30.725218
3005489,17.700657
3005490,30.725218
3005491,30.725218
3005492,17.700657
3005493,237.05263
3005494,20.365692
3005495,20.365692
3005496,20.365692
3005497,243.04091
3005498,32.95725
3005499,456.84262
3005500,312.8044
3005501,24.188267
3005502,24.188267
3005503,434.70944
3005504,116.35691
3005505,1536.1306
3005506,37.75946
3005507,127.718735
3005508,51.86064
3005509,50.08487
3005510,50.08487
3005511,2970.7886
3005512,55.81019
3005513,582.34875
3005514,45.466084
3005515,1194.5474
3005516,873.98566
3005517,348.72397
3005518,129.83589
3005519,202.7167
3005520,4992.697
3005521,23.011112
3005522,21.530275
3005523,21.530275
3005524,52.53208
3005525,21.530275
3005526,230.86624
3005527,24.195303
3005528,24.195303
3005529,80.93323
3005530,186.96912
3005531,34.863617
3005532,212.58966
3005533,284.7654
3005534,25.463898
3005535,25.463898
3005536,261.82483
3005537,138.59143
3005538,1105.8445
3005539,76.56355
3005540,39.61666
3005541,-2.587836
3005542,-4.3636074
3005543,0.47369766
3005544,2680.8467
3005545,-26.721876
3005546,574.9257
3005547,10.194371
3005548,1015.47345
3005549,804.9374
3005550,119.023544
3005551,103.76178
3005552,174.26015
3005553,3717.118
3005554,-7.676175
3005555,-9.157009
3005556,66.76806
3005557,66.76806
3005558,-9.157009
3005559,194.64381
3005560,-4.4714184
3005561,-4.4714184
3005562,-4.4714184
3005563,194.0785
3005564,7.9237
3005565,372.5807
3005566,333.6776
3005567,0.58868814
3005568,0.58868814
3005569,472.6403
3005570,152.64638
3005571,2480.917
3005572,10.556888
3005573,132.47516
3005574,36.016964
3005575,34.24119
3005576,48.3575
3005577,2586.01
3005578,51.80039
3005579,542.41394
3005580,27.403143
3005581,1138.7708
3005582,769.6129
3005583,477.19672
3005584,93.534386
3005585,184.65373
3005586,4207.0664
3005587,14.981813
3005588,13.500978
3005589,13.500978
3005590,29.562187
3005591,13.500978
3005592,238.1776
3005593,16.166006
3005594,16.166006
3005595,16.166006
3005596,122.040565
3005597,26.834324
3005598,201.32368
3005599,288.84015
3005600,18.06533
3005601,18.06533
3005602,273.29453
3005603,87.939964
3005604,1082.0029
3005605,32.161964
3005606,34.013542
3005607,22.926432
3005608,21.150663
3005609,111.78971
3005610,2075.0435
3005611,39.632473
3005612,535.6416
3005613,15.23522
3005614,943.7725
3005615,791.77136
3005616,218.49895
3005617,258.65677
3005618,170.56255
3005619,3434.528
3005620,8.741321
3005621,7.260487
3005622,7.260487
3005623,7.260487
3005624,7.260487
3005625,150.23361
3005626,9.925512
3005627,9.925512
3005628,9.925512
3005629,190.00865
3005630,22.517082
3005631,423.6428
3005632,276.0453
3005633,13.748095
3005634,13.748095
3005635,401.50974
3005636,105.916725
3005637,1638.4615
3005638,10.2803
3005639,24.814127
3005640,-40.03012
3005641,-41.805897
3005642,73.08362
3005643,2205.4836
3005644,-38.268024
3005645,502.8327
3005646,-62.665283
3005647,928.9037
3005648,755.79694
3005649,160.21681
3005650,184.50377
3005651,92.661995
3005652,2902.6003
3005653,-9.4251995
3005654,-10.906036
3005655,50.78687
3005656,50.78687
3005657,-10.906036
3005658,219.76512
3005659,-8.24101
3005660,-8.24101
3005661,-8.24101
3005662,209.48021
3005663,4.3505626
3005664,401.8361
3005665,292.8823
3005666,-7.053045
3005667,-7.053045
3005668,390.2736
3005669,95.68616
3005670,1700.0222
3005671,-10.520845
3005672,199.5083
3005673,22.63187
3005674,20.856094
3005675,20.856094
3005676,3447.9417
3005677,39.2346
3005678,537.01843
3005679,14.837351
3005680,973.8173
3005681,750.3443
3005682,254.04573
3005683,85.63092
3005684,170.16469
3005685,3919.629
3005686,-6.3611894
3005687,-7.8420258
3005688,-7.8420258
3005689,-7.8420258
3005690,-7.8420258
3005691,201.25217
3005692,-1.0985702
3005693,-1.0985702
3005694,-1.0985702
3005695,113.94544
3005696,11.492998
3005697,202.05246
3005698,272.51678
3005699,14.926692
3005700,14.926692
3005701,268.70184
3005702,125.07007
3005703,743.363
3005704,-3.3963447
3005705,-1.5447664
3005706,92.96636
3005707,91.190575
3005708,227.4642
3005709,8828.581
3005710,172.36983
3005711,1517.8734
3005712,303.80176
3005713,2452.3315
3005714,2117.3066
3005715,1983.0898
3005716,978.899
3005717,663.9259
3005718,8199.518
3005719,57.3037
3005720,55.82286
3005721,233.82965
3005722,233.82965
3005723,55.82286
3005724,720.95074
3005725,353.566
3005726,58.27913
3005727,353.566
3005728,697.04224
3005729,81.221886
3005730,1580.5282
3005731,928.8652
3005732,125.74968
3005733,125.74968
3005734,1717.9365
3005735,598.9503
3005736,7083.311
3005737,823.8999
3005738,469.59924
3005739,87.197754
3005740,85.42197
3005741,168.8884
3005742,8107.4297
3005743,133.29713
3005744,1443.0212
3005745,264.7291
3005746,2309.2815
3005747,1982.9794
3005748,2060.039
3005749,957.06055
3005750,631.0044
3005751,8177.6797
3005752,30.549444
3005753,29.06861
3005754,174.6706
3005755,94.89514
3005756,29.06861
3005757,739.8289
3005758,314.22372
3005759,31.524878
3005760,314.22372
3005761,398.77493
3005762,54.467644
3005763,2555.2544
3005764,889.5228
3005765,95.12801
3005766,95.12801
3005767,1735.9497
3005768,532.9658
3005769,5984.014
3005770,835.2805
3005771,480.9798
3005772,31.69358
3005773,29.917843
3005774,-45.286118
3005775,5706.1445
3005776,29.64077
3005777,1174.1575
3005778,67.78935
3005779,1996.5872
3005780,1721.0701
3005781,2294.3735
3005782,445.0898
3005783,452.32776
3005784,7676.502
3005785,11.295248
3005786,9.814414
3005787,60.82786
3005788,27.239086
3005789,9.814414
3005790,551.6873
3005791,142.13823
3005792,17.356857
3005793,142.13823
3005794,231.60458
3005795,40.29961
3005796,1410.6377
3005797,763.783
3005798,52.676266
3005799,238.79077
3005800,1561.4844
3005801,318.4262
3005802,3661.0415
3005803,282.9487
3005804,-64.0953
3005805,48.82656
3005806,47.05082
3005807,-19.715284
3005808,6343.927
3005809,46.77378
3005810,1199.7283
3005811,84.92235
3005812,2022.158
3005813,1746.6409
3005814,2435.449
3005815,789.0537
3005816,469.46075
3005817,7789.9487
3005818,28.42824
3005819,26.947401
3005820,26.947401
3005821,-26.3506
3005822,26.947401
3005823,577.25824
3005824,442.28793
3005825,34.489845
3005826,172.62427
3005827,526.8392
3005828,57.432606
3005829,1524.084
3005830,789.3539
3005831,69.80925
3005832,69.80925
3005833,1669.465
3005834,390.0522
3005835,3741.105
3005836,363.01254
3005837,15.9684925
3005838,-4.2507806
3005839,-6.026544
3005840,-137.923
3005841,4438.8384
3005842,-17.157824
3005843,1016.16455
3005844,14.217079
3005845,1812.792
3005846,1504.4587
3005847,1175.8203
3005848,345.2689
3005849,412.64273
3005850,6387.083
3005851,7.926856
3005852,6.4460196
3005853,56.318096
3005854,16.217087
3005855,6.4460196
3005856,278.15402
3005857,151.16982
3005858,14.657115
3005859,43.840893
3005860,235.72105
3005861,37.599873
3005862,1312.8412
3005863,895.85254
3005864,41.20673
3005865,220.80898
3005866,1422.4019
3005867,162.94391
3005868,2998.3765
3005869,69.22352
3005870,-141.1726
3005871,23.22689
3005872,21.451126
3005873,114.25987
3005874,6169.049
3005875,13.365871
3005876,1330.1887
3005877,80.5638
3005878,2046.0807
3005879,1867.7589
3005880,1906.221
3005881,964.1604
3005882,589.5346
3005883,6701.9355
3005884,18.769865
3005885,17.28903
3005886,17.28903
3005887,154.36488
3005888,17.28903
3005889,656.6176
3005890,25.500126
3005891,25.500126
3005892,184.78224
3005893,386.73062
3005894,48.442886
3005895,1560.1759
3005896,799.2107
3005897,63.95291
3005898,63.95291
3005899,1626.62
3005900,364.65982
3005901,5618.8403
3005902,929.5508
3005903,464.98596
3005904,-19.1551
3005905,-20.930876
3005906,-88.89989
3005907,2070.9993
3005908,-56.14858
3005909,234.2066
3005910,-11.100228
3005911,735.3635
3005912,578.85657
3005913,-227.807
3005914,-89.73132
3005915,84.79749
3005916,3387.4734
3005917,-6.96078
3005918,-8.441614
3005919,-21.895681
3005920,-21.895681
3005921,-8.441614
3005922,54.130756
3005923,-0.47638458
3005924,-0.47638458
3005925,-0.47638458
3005926,78.50011
3005927,11.918734
3005928,213.72878
3005929,144.04082
3005930,16.69666
3005931,16.69666
3005932,188.5733
3005933,118.438034
3005934,1908.0121
3005935,-8.877153
3005936,-69.01407
3005937,13.542112
3005938,11.766346
3005939,-164.61945
3005940,3795.0085
3005941,-6.8162017
3005942,906.435
3005943,3.8959947
3005944,1608.9303
3005945,1304.6624
3005946,248.71146
3005947,133.84146
3005948,388.12033
3005949,5717.359
3005950,1.8707445
3005951,0.3899098
3005952,38.74282
3005953,-17.419668
3005954,0.3899098
3005955,172.0187
3005956,58.353394
3005957,4.522572
3005958,4.522572
3005959,410.54614
3005960,23.010204
3005961,1044.6112
3005962,560.7212
3005963,17.44614
3005964,17.44614
3005965,1024.1426
3005966,199.3606
3005967,2597.3933
3005968,407.22342
3005969,78.29931
3005970,40.95472
3005971,39.178955
3005972,-17.406942
3005973,4174.4814
3005974,55.310184
3005975,1056.3671
3005976,70.769745
3005977,1711.1083
3005978,1444.8917
3005979,323.62967
3005980,444.2739
3005981,388.8208
3005982,5260.415
3005983,18.684256
3005984,17.203413
3005985,17.203413
3005986,-32.647705
3005987,17.203413
3005988,206.36862
3005989,21.336082
3005990,21.336082
3005991,21.336082
3005992,147.66235
3005993,39.82371
3005994,1265.3464
3005995,583.9563
3005996,51.618694
3005997,51.618694
3005998,1355.6938
3005999,405.76196
3006000,3872.2769
3006001,62.842464
3006002,75.67986
3006003,-32.0195
3006004,-33.66873
3006005,38.02277
3006006,4505.08
3006007,-92.46749
3006008,1022.06323
3006009,-285.0386
3006010,1669.8636
3006011,1515.2781
3006012,536.7608
3006013,456.88855
3006014,222.9971
3006015,5522.888
3006016,-59.867924
3006017,-61.34876
3006018,11.315048
3006019,11.315048
3006020,-61.34876
3006021,210.47968
3006022,-57.216072
3006023,-57.216072
3006024,-57.216072
3006025,220.66873
3006026,-38.72844
3006027,1205.1448
3006028,608.0984
3006029,-48.426308
3006030,-48.426308
3006031,1235.4971
3006032,33.198235
3006033,3915.9019
3006034,-72.636154
3006035,1.5170851
3006036,-11.606958
3006037,-13.3827305
3006038,-13.3827305
3006039,1768.473
3006040,-46.968494
3006041,388.47842
3006042,-143.47719
3006043,791.2045
3006044,634.0996
3006045,141.08981
3006046,109.211365
3006047,30.837801
3006048,2951.513
3006049,-18.860794
3006050,-20.341629
3006051,-20.341629
3006052,-20.341629
3006053,-20.341629
3006054,135.36937
3006055,-17.676601
3006056,-17.676601
3006057,-17.676601
3006058,125.084435
3006059,-5.085033
3006060,342.782
3006061,177.8006
3006062,-32.018055
3006063,-32.018055
3006064,307.76785
3006065,48.37092
3006066,990.4993
3006067,15.690232
3006068,5.898021
3006069,-14.08865
3006070,-15.864418
3006071,-15.864418
3006072,1939.3302
3006073,-22.667772
3006074,390.0685
3006075,-57.036
3006076,804.4286
3006077,615.0239
3006078,78.72455
3006079,16.611143
3006080,107.730484
3006081,3186.108
3006082,-19.913801
3006083,-21.394636
3006084,-14.955721
3006085,-21.394636
3006086,-21.394636
3006087,82.49667
3006088,-18.729603
3006089,-18.729603
3006090,-18.729603
3006091,42.382507
3006092,-8.061292
3006093,156.43994
3006094,112.55586
3006095,-26.818398
3006096,-26.818398
3006097,102.23685
3006098,31.461079
3006099,1200.0289
3006100,-26.745144
3006101,-24.893562
3006102,46.710224
3006103,44.934452
3006104,56.957462
3006105,2958.3884
3006106,49.53551
3006107,704.90894
3006108,71.64144
3006109,1169.7306
3006110,1016.28577
3006111,339.18405
3006112,304.79645
3006113,208.34705
3006114,3876.6604
3006115,18.733706
3006116,17.252869
3006117,67.717514
3006118,39.460953
3006119,17.252869
3006120,284.36075
3006121,21.938478
3006122,21.938478
3006123,186.82838
3006124,267.5223
3006125,34.333595
3006126,686.3971
3006127,431.24832
3006128,38.614124
3006129,38.614124
3006130,679.0595
3006131,217.16798
3006132,2446.539
3006133,39.59853
3006134,137.87346
3006135,34.831097
3006136,33.055325
3006137,200.5334
3006138,4149.583
3006139,53.326263
3006140,875.0623
3006141,123.29777
3006142,1322.2937
3006143,1097.5104
3006144,412.79654
3006145,314.14526
3006146,311.32272
3006147,4404.066
3006148,20.640207
3006149,19.15937
3006150,97.95947
3006151,97.95947
3006152,19.15937
3006153,465.3173
3006154,27.124617
3006155,27.124617
3006156,27.124617
3006157,449.68536
3006158,39.51973
3006159,585.9752
3006160,559.4824
3006161,43.800266
3006162,173.83623
3006163,725.3373
3006164,321.62778
3006165,2751.0386
3006166,76.11037
3006167,259.39737
3006168,38.33778
3006169,36.562008
3006170,153.25917
3006171,4172.4575
3006172,56.832947
3006173,885.6292
3006174,126.80445
3006175,1328.408
3006176,1108.0771
3006177,528.4512
3006178,324.7121
3006179,251.45361
3006180,4537.5103
3006181,24.146893
3006182,22.666056
3006183,22.666056
3006184,109.81808
3006185,22.666056
3006186,381.80243
3006187,30.631302
3006188,30.631302
3006189,124.1503
3006190,333.14093
3006191,43.026413
3006192,845.8012
3006193,570.0493
3006194,47.30695
3006195,47.30695
3006196,858.7817
3006197,325.13446
3006198,3688.3315
3006199,79.61705
3006200,262.90405
3006201,-11.5598
3006202,-13.335573
3006203,92.454216
3006204,3952.6055
3006205,-6.205088
3006206,798.56976
3006207,73.519066
3006208,1334.2454
3006209,1090.2183
3006210,638.9352
3006211,241.55086
3006212,238.00322
3006213,6406.613
3006214,21.18774
3006215,19.706905
3006216,84.73849
3006217,84.73849
3006218,19.706905
3006219,436.67963
3006220,27.672161
3006221,27.672161
3006222,111.13438
3006223,319.86288
3006224,40.067272
3006225,288.4635
3006226,529.4007
3006227,15.138672
3006228,15.138672
3006229,675.75806
3006230,183.5671
3006231,1661.3989
3006232,215.24736
3006233,7.049492
3006234,-24.785133
3006235,-26.560911
3006236,-128.9419
3006237,2338.335
3006238,-33.833935
3006239,322.99896
3006240,18.860554
3006241,811.57965
3006242,711.35236
3006243,83.10441
3006244,142.13292
3006245,183.06921
3006246,2595.5977
3006247,-17.9084
3006248,-19.389235
3006249,26.720345
3006250,-19.389235
3006251,-19.389235
3006252,166.44672
3006253,-10.652757
3006254,-10.652757
3006255,-10.652757
3006256,175.51993
3006257,2.8042562
3006258,230.49402
3006259,219.70898
3006260,-18.881355
3006261,83.3636
3006262,376.29538
3006263,111.26299
3006264,2245.6802
3006265,-16.093155
3006266,-14.241573
3006267,-39.6968
3006268,-41.47258
3006269,-41.47258
3006270,2036.2695
3006271,-32.135696
3006272,456.78732
3006273,1.5090681
3006274,900.59766
3006275,855.41486
3006276,138.27377
3006277,108.15339
3006278,210.00842
3006279,4115.9214
3006280,-4.589236
3006281,-6.0700707
3006282,-25.529661
3006283,-25.529661
3006284,-6.0700707
3006285,187.55518
3006286,0.42128718
3006287,0.42128718
3006288,0.42128718
3006289,59.94693
3006290,9.048161
3006291,202.45287
3006292,251.99274
3006293,-6.5821013
3006294,-6.5821013
3006295,285.6649
3006296,-41.09977
3006297,957.7318
3006298,-8.228757
3006299,-65.95807
3006300,82.04855
3006301,80.27278
3006302,73.57585
3006303,4771.363
3006304,114.8877
3006305,1046.8427
3006306,208.95457
3006307,1658.2085
3006308,1250.5696
3006309,732.2378
3006310,335.0531
3006311,652.5151
3006312,8795.072
3006313,53.62592
3006314,52.145084
3006315,90.77127
3006316,90.77127
3006317,52.145084
3006318,488.30222
3006319,59.93885
3006320,59.93885
3006321,59.93885
3006322,308.1079
3006323,66.83891
3006324,289.05295
3006325,535.73505
3006326,69.34818
3006327,69.34818
3006328,290.9739
3006329,82.19351
3006330,1131.7272
3006331,132.01141
3006332,115.7002
3006333,-2.7847571
3006334,-4.560532
3006335,-4.560532
3006336,2151.8655
3006337,-1.7122657
3006338,331.09708
3006339,-9.082327
3006340,855.96497
3006341,588.21844
3006342,53.2996
3006343,140.48335
3006344,4.732095
3006345,3500.4512
3006346,0.05202031
3006347,-1.4288168
3006348,-0.21188831
3006349,-0.21188831
3006350,-1.4288168
3006351,132.31221
3006352,5.062558
3006353,5.062558
3006354,56.958447
3006355,121.035645
3006356,11.96263
3006357,187.82556
3006358,186.81206
3006359,-12.963875
3006360,-12.963875
3006361,143.50443
3006362,-59.27375
3006363,857.7635
3006364,-55.608788
3006365,-48.109764
3006366,-2.7847571
3006367,-4.560532
3006368,-21.536718
3006369,2151.8655
3006370,-1.7122657
3006371,430.2285
3006372,-9.082327
3006373,853.11224
3006374,609.38605
3006375,79.97159
3006376,140.48335
3006377,143.6779
3006378,3516.1787
3006379,0.05202031
3006380,-1.4288168
3006381,-1.4288168
3006382,-0.21188831
3006383,-1.4288168
3006384,142.66144
3006385,5.062558
3006386,5.062558
3006387,5.062558
3006388,76.295746
3006389,11.96263
3006390,187.82556
3006391,186.81206
3006392,-12.963875
3006393,-12.963875
3006394,132.77896
3006395,-59.27375
3006396,857.7635
3006397,-91.93052
3006398,-48.109764
3006399,-3.4770813
3006400,-5.252853
3006401,-34.81275
3006402,2050.064
3006403,17.538124
3006404,408.35605
3006405,-8.6496315
3006406,944.60706
3006407,723.8335
3006408,137.87718
3006409,143.12566
3006410,152.06918
3006411,3518.2483
3006412,4.663518
3006413,3.182684
3006414,3.182684
3006415,3.182684
3006416,3.182684
3006417,176.93457
3006418,12.953682
3006419,12.953682
3006420,12.953682
3006421,63.959587
3006422,21.580557
3006423,206.28331
3006424,236.81671
3006425,9.441596
3006426,9.441596
3006427,195.30539
3006428,9.138004
3006429,1042.6835
3006430,-24.546955
3006431,-24.546955
3006432,-2.7847571
3006433,-21.536718
3006434,-4.560532
3006435,2232.6787
3006436,-1.7122657
3006437,430.2285
3006438,-9.082327
3006439,829.9023
3006440,604.93353
3006441,53.2996
3006442,140.48335
3006443,122.51028
3006444,3594.1992
3006445,0.05202031
3006446,-1.4288168
3006447,-0.21188831
3006448,-0.21188831
3006449,-1.4288168
3006450,142.66144
3006451,5.062558
3006452,5.062558
3006453,8.085593
3006454,76.295746
3006455,11.96263
3006456,187.82556
3006457,192.70879
3006458,-12.963875
3006459,-12.963875
3006460,132.77896
3006461,-55.629417
3006462,963.80786
3006463,-91.93052
3006464,-48.109764
3006465,1.3872776
3006466,-0.38849306
3006467,-0.38849306
3006468,1833.9421
3006469,16.889727
3006470,349.73605
3006471,-9.298031
3006472,839.91754
3006473,722.9911
3006474,31.828402
3006475,123.831116
3006476,144.70946
3006477,3117.9773
3006478,4.387867
3006479,2.9070282
3006480,2.9070282
3006481,2.9070282
3006482,2.9070282
3006483,124.59663
3006484,12.678026
3006485,12.678026
3006486,12.678026
3006487,100.38814
3006488,21.304901
3006489,206.00764
3006490,171.47066
3006491,13.033322
3006492,13.033322
3006493,162.3727
3006494,-7.6391497
3006495,314.40634
3006496,-21.672283
3006497,-19.82071
3006498,14.846424
3006499,13.07065
3006500,120.66346
3006501,3228.0955
3006502,44.429596
3006503,734.9447
3006504,28.354675
3006505,1262.2614
3006506,1114.066
3006507,462.85202
3006508,233.65936
3006509,627.05133
3006510,4596.1074
3006511,9.099596
3006512,7.6187634
3006513,57.726192
3006514,57.726192
3006515,7.6187634
3006516,381.325
3006517,14.110123
3006518,14.110123
3006519,215.00536
3006520,160.72594
3006521,22.736998
3006522,215.27362
3006523,449.04105
3006524,10.186355
3006525,10.186355
3006526,281.20734
3006527,43.34501
3006528,604.728
3006529,194.95663
3006530,-20.351578
3006531,-2.5188017
3006532,-4.2945733
3006533,20.75651
3006534,3409.5579
3006535,25.941849
3006536,594.5047
3006537,5.518227
3006538,1222.5986
3006539,905.714
3006540,313.7174
3006541,174.89401
3006542,202.59601
3006543,4853.3906
3006544,2.6102257
3006545,1.1293887
3006546,1.1293887
3006547,44.36243
3006548,1.1293887
3006549,263.50076
3006550,7.6207566
3006551,7.6207566
3006552,177.3729
3006553,241.45015
3006554,16.247631
3006555,206.50082
3006556,332.39087
3006557,-2.5341473
3006558,-2.5341473
3006559,317.96237
3006560,22.290878
3006561,1371.2805
3006562,604.38104
3006563,59.761497
3006564,8.7311325
3006565,6.9553604
3006566,-6.421508
3006567,2721.1882
3006568,12.207404
3006569,486.2337
3006570,4.8373365
3006571,1040.5758
3006572,735.62616
3006573,109.30483
3006574,158.00237
3006575,235.08812
3006576,3828.196
3006577,10.477743
3006578,8.996905
3006579,13.813165
3006580,13.813165
3006581,8.996905
3006582,229.65146
3006583,15.488273
3006584,15.488273
3006585,15.488273
3006586,87.516365
3006587,22.388348
3006588,202.25584
3006589,289.08215
3006590,1.4664098
3006591,1.4664098
3006592,147.20921
3006593,-37.69474
3006594,879.2975
3006595,-79.1353
3006596,-26.57577
3006597,17.345734
3006598,15.569962
3006599,65.532036
3006600,3389.0896
3006601,68.802185
3006602,716.7547
3006603,121.49673
3006604,1272.5421
3006605,1104.091
3006606,206.8153
3006607,201.94107
3006608,242.87726
3006609,5395.29
3006610,15.80532
3006611,14.324477
3006612,112.028145
3006613,112.028145
3006614,14.324477
3006615,372.03204
3006616,23.060963
3006617,23.060963
3006618,138.36145
3006619,355.19363
3006620,31.687836
3006621,273.99673
3006622,457.57083
3006623,47.541622
3006624,47.541622
3006625,462.80737
3006626,180.63914
3006627,2648.8618
3006628,13.776849
3006629,15.628428
3006630,-29.788237
3006631,-31.564007
3006632,79.90123
3006633,3942.954
3006634,-10.945726
3006635,714.5534
3006636,-12.210308
3006637,1474.7573
3006638,1145.9409
3006639,391.53903
3006640,207.15207
3006641,311.98038
3006642,6140.6104
3006643,-12.311113
3006644,-13.791947
3006645,29.909866
3006646,-13.791947
3006647,-13.791947
3006648,295.80527
3006649,-7.076045
3006650,-7.076045
3006651,-7.076045
3006652,287.68994
3006653,1.2096391
3006654,191.4629
3006655,385.88956
3006656,-13.624397
3006657,-13.624397
3006658,250.991
3006659,48.224335
3006660,1649.7175
3006661,113.07959
3006662,80.087036
3006663,-50.589134
3006664,-52.364906
3006665,-59.986378
3006666,3186.9966
3006667,-56.43123
3006668,532.7798
3006669,-95.65586
3006670,1414.8652
3006671,813.2531
3006672,245.56468
3006673,64.516495
3006674,169.39978
3006675,5271.8853
3006676,-8.487556
3006677,-9.968391
3006678,24.552517
3006679,25.139168
3006680,-9.968391
3006681,219.06058
3006682,-3.2524896
3006683,-3.2524896
3006684,-3.2524896
3006685,207.80003
3006686,5.0331945
3006687,171.15561
3006688,297.7558
3006689,-18.367775
3006690,-18.367775
3006691,154.37653
3006692,-26.53907
3006693,1076.5619
3006694,-56.935932
3006695,-14.989621
3006696,-44.526516
3006697,-46.302288
3006698,-46.302288
3006699,2006.288
3006700,-61.447075
3006701,345.54404
3006702,-126.60895
3006703,743.15826
3006704,539.6389
3006705,-35.528008
3006706,42.113247
3006707,-5.274114
3006708,3045.1694
3006709,-9.675674
3006710,-11.156504
3006711,-12.144626
3006712,-7.968154
3006713,-11.156504
3006714,131.87123
3006715,-4.440606
3006716,-4.440606
3006717,-4.440606
3006718,139.31396
3006719,2.4594646
3006720,151.14607
3006721,156.39407
3006722,-45.69565
3006723,-45.69565
3006724,75.42186
3006725,-67.40993
3006726,871.3991
3006727,-145.15294
3006728,-56.530148
3006729,-23.104904
3006730,-24.880678
3006731,-70.26668
3006732,2165.1318
3006733,-10.803093
3006734,416.0004
3006735,-18.571825
3006736,902.49097
3006737,553.54297
3006738,-0.4819671
3006739,109.90123
3006740,157.81708
3006741,2984.913
3006742,13.313648
3006743,11.832813
3006744,11.832813
3006745,5.80276
3006746,11.832813
3006747,113.23259
3006748,18.54871
3006749,18.54871
3006750,18.54871
3006751,102.94769
3006752,27.372044
3006753,264.2386
3006754,184.45312
3006755,14.530166
3006756,14.530166
3006757,218.95746
3006758,59.209805
3006759,1233.1875
3006760,-0.34958327
3006761,1.5019945
3006762,64.53109
3006763,62.755318
3006764,140.23915
3006765,3954.0493
3006766,118.37485
3006767,872.5901
3006768,131.96515
3006769,1361.3748
3006770,1289.311
3006771,615.12726
3006772,253.33472
3006773,315.1694
3006774,4267.7803
3006775,47.409325
3006776,45.92849
3006777,58.659218
3006778,172.83356
3006779,45.92849
3006780,410.12485
3006781,52.644398
3006782,52.644398
3006783,52.644398
3006784,399.83997
3006785,61.467724
3006786,238.58792
3006787,566.87164
3006788,51.331676
3006789,51.331676
3006790,324.15048
3006791,177.78229
3006792,2580.8286
3006793,89.9612
3006794,91.812775
3006795,-13.910521
3006796,-15.686295
3006797,-34.991024
3006798,2539.0056
3006799,11.13232
3006800,424.16943
3006801,-24.948587
3006802,823.87744
3006803,604.1877
3006804,32.39572
3006805,111.180275
3006806,173.01518
3006807,2757.0974
3006808,15.173558
3006809,13.692728
3006810,13.692728
3006811,28.523523
3006812,13.692728
3006813,135.17093
3006814,20.408627
3006815,20.408627
3006816,20.408627
3006817,110.69389
3006818,28.694311
3006819,206.04709
3006820,207.39572
3006821,18.79085
3006822,18.79085
3006823,225.27359
3006824,49.932716
3006825,1537.149
3006826,26.110117
3006827,27.961699
3006828,-27.278242
3006829,-29.054016
3006830,-25.603922
3006831,2195.25
3006832,-21.58346
3006833,354.65347
3006834,-24.604805
3006835,836.6047
3006836,592.1641
3006837,49.409977
3006838,98.26267
3006839,160.09755
3006840,3163.906
3006841,-8.598324
3006842,-10.079162
3006843,-10.079162
3006844,-10.079162
3006845,-10.079162
3006846,122.75878
3006847,-3.3632627
3006848,-3.3632627
3006849,-3.3632627
3006850,71.88843
3006851,5.460069
3006852,187.64685
3006853,154.33203
3006854,-9.194864
3006855,120.369125
3006856,166.31544
3006857,28.19389
3006858,1284.2588
3006859,-25.96626
3006860,-24.11469
3006861,37.967216
3006862,36.191444
3006863,27.001621
3006864,3582.9749
3006865,96.88139
3006866,853.7493
3006867,91.615555
3006868,1179.9575
3006869,1136.09
3006870,485.1645
3006871,227.01717
3006872,288.85184
3006873,3947.5605
3006874,37.879807
3006875,36.39897
3006876,36.39897
3006877,35.92126
3006878,36.39897
3006879,442.0737
3006880,43.11488
3006881,43.11488
3006882,43.11488
3006883,378.08755
3006884,51.938206
3006885,233.06294
3006886,521.18866
3006887,45.80672
3006888,143.99838
3006889,272.17813
3006890,125.80996
3006891,2171.381
3006892,88.26643
3006893,90.11801
3006894,28.06731
3006895,26.291536
3006896,44.0482
3006897,3631.8071
3006898,33.76209
3006899,640.61707
3006900,30.740747
3006901,1387.6228
3006902,1129.8661
3006903,365.85294
3006904,196.4177
3006905,334.22635
3006906,4654.7783
3006907,11.532896
3006908,10.052058
3006909,10.052058
3006910,47.756325
3006911,10.052058
3006912,323.605
3006913,16.767958
3006914,16.767958
3006915,16.767958
3006916,296.90363
3006917,25.591286
3006918,207.77808
3006919,391.97726
3006920,10.9363575
3006921,10.9363575
3006922,186.44667
3006923,48.325096
3006924,1171.302
3006925,-0.46280402
3006926,51.196102
3006927,-32.905525
3006928,-34.6813
3006929,-34.6813
3006930,3468.563
3006931,-27.210741
3006932,562.5964
3006933,-30.232088
3006934,1249.1388
3006935,991.38226
3006936,168.1337
3006937,135.44487
3006938,254.31345
3006939,4278.4146
3006940,-13.612058
3006941,-15.092895
3006942,8.510738
3006943,12.301432
3006944,-15.092895
3006945,288.15012
3006946,-8.376999
3006947,-8.376999
3006948,-8.376999
3006949,245.17566
3006950,0.4463336
3006951,182.63312
3006952,346.17313
3006953,-14.208598
3006954,-14.208598
3006955,161.3017
3006956,23.180145
3006957,1307.3599
3006958,-33.639843
3006959,16.56537
3006960,109.56114
3006961,107.785355
3006962,420.99982
3006963,9316.24
3006964,332.7761
3006965,1673.7476
3006966,433.33627
3006967,2223.828
3006968,2548.6248
3006969,1105.7313
3006970,426.39072
3006971,467.32703
3006972,9667.652
3006973,114.015816
3006974,112.53498
3006975,342.95114
3006976,429.0744
3006977,112.53498
3006978,771.58154
3006979,124.55109
3006980,124.55109
3006981,531.974
3006982,755.9495
3006983,133.17793
3006984,401.42578
3006985,874.84717
3006986,174.97072
3006987,174.97072
3006988,737.31525
3006989,534.2565
3006990,5563.9624
3006991,113.53463
3006992,115.38619
3006993,-34.308125
3006994,-36.083897
3006995,-36.083897
3006996,2256.3545
3006997,-30.797323
3006998,325.3637
3006999,-33.818665
3007000,749.4596
3007001,560.03235
3007002,10.35841
3007003,102.28498
3007004,79.16788
3007005,2898.0898
3007006,-22.389765
3007007,-23.870604
3007008,-23.870604
3007009,-23.870604
3007010,-23.870604
3007011,50.655125
3007012,-17.154694
3007013,-17.154694
3007014,-17.154694
3007015,40.855442
3007016,-10.254626
3007017,165.60832
3007018,116.48993
3007019,-27.366001
3007020,-27.366001
3007021,113.12791
3007022,-22.659533
3007023,314.82803
3007024,-39.720375
3007025,-76.70319
3007026,34.414623
3007027,32.638847
3007028,32.638847
3007029,3359.3801
3007030,35.998695
3007031,516.4056
3007032,47.030464
3007033,1285.8926
3007034,841.70593
3007035,214.92868
3007036,201.41243
3007037,247.56363
3007038,5710.7686
3007039,16.897408
3007040,15.416571
3007041,22.204266
3007042,22.204266
3007043,15.416571
3007044,210.6501
3007045,23.233814
3007046,23.233814
3007047,23.233814
3007048,171.67876
3007049,30.133888
3007050,238.54681
3007051,284.9704
3007052,18.841955
3007053,18.841955
3007054,164.5848
3007055,25.257359
3007056,1054.6345
3007057,16.228592
3007058,-6.647585
3007059,-37.38712
3007060,-39.162895
3007061,-39.162895
3007062,2155.1567
3007063,-33.876324
3007064,394.10748
3007065,-36.897675
3007066,841.7265
3007067,598.0997
3007068,173.84084
3007069,99.20597
3007070,-13.853592
3007071,3234.575
3007072,-25.468767
3007073,-26.949604
3007074,-26.949604
3007075,-26.949604
3007076,-26.949604
3007077,81.241776
3007078,-20.233694
3007079,-20.233694
3007080,-20.233694
3007081,71.00548
3007082,-13.333623
3007083,162.52933
3007084,112.223366
3007085,-30.445002
3007086,-30.445002
3007087,110.04891
3007088,-25.73853
3007089,980.92615
3007090,-42.799374
3007091,-40.947796
3007092,16.554296
3007093,14.7785225
3007094,14.7785225
3007095,2387.7512
3007096,41.53257
3007097,538.8972
3007098,31.841658
3007099,1028.1864
3007100,755.96326
3007101,220.45749
3007102,210.03232
3007103,264.29453
3007104,3690.7942
3007105,5.9288564
3007106,4.4480243
3007107,4.4480243
3007108,-5.594194
3007109,4.4480243
3007110,83.25781
3007111,11.16391
3007112,11.16391
3007113,11.16391
3007114,67.02471
3007115,18.063982
3007116,201.76085
3007117,153.14017
3007118,0.540934
3007119,0.540934
3007120,201.9392
3007121,66.15167
3007122,1725.1893
3007123,-41.390358
3007124,-129.33167
3007125,39.061665
3007126,37.285892
3007127,37.285892
3007128,3512.3816
3007129,42.20947
3007130,545.06024
3007131,53.24121
3007132,1298.416
3007133,751.7216
3007134,108.748955
3007135,195.01184
3007136,242.52858
3007137,5622.357
3007138,25.034452
3007139,23.553616
3007140,26.74199
3007141,26.74199
3007142,23.553616
3007143,210.93681
3007144,30.269531
3007145,30.269531
3007146,30.269531
3007147,190.91861
3007148,37.16959
3007149,216.2692
3007150,276.2219
3007151,19.427485
3007152,19.427485
3007153,165.17032
3007154,22.338528
3007155,384.1889
3007156,11.096821
3007157,3.162517
3007158,-18.68741
3007159,-20.463184
3007160,-20.463184
3007161,2295.2915
3007162,-24.55163
3007163,352.8695
3007164,-89.71351
3007165,745.6665
3007166,588.1107
3007167,3.3621483
3007168,73.594284
3007169,100.162674
3007170,2777.697
3007171,6.9643655
3007172,5.4835343
3007173,5.4835343
3007174,5.4835343
3007175,5.4835343
3007176,104.80567
3007177,12.199423
3007178,12.199423
3007179,12.199423
3007180,94.52077
3007181,19.099497
3007182,167.78609
3007183,153.81339
3007184,-25.188232
3007185,-25.188232
3007186,90.6804
3007187,-45.107067
3007188,240.5456
3007189,-11.883673
3007190,-37.78525
3007191,-0.6728922
3007192,-2.4486637
3007193,-2.4486637
3007194,3616.878
3007195,14.888231
3007196,639.8931
3007197,11.866858
3007198,1289.8597
3007199,914.40546
3007200,233.27823
3007201,172.12943
3007202,405.808
3007203,4780.2036
3007204,18.087353
3007205,16.606518
3007206,40.21015
3007207,40.21015
3007208,16.606518
3007209,296.43802
3007210,23.322432
3007211,23.322432
3007212,23.322432
3007213,264.87314
3007214,32.145756
3007215,214.33252
3007216,404.23776
3007217,17.490812
3007218,17.490812
3007219,193.00111
3007220,54.87957
3007221,1365.5223
3007222,3.8787441
3007223,5.7303257
3007224,29.566154
3007225,27.790386
3007226,48.467747
3007227,2765.0847
3007228,56.41657
3007229,696.8011
3007230,340.2587
3007231,1210.0594
3007232,936.78595
3007233,396.82175
3007234,144.30946
3007235,206.14429
3007236,4300.377
3007237,30.926535
3007238,29.445698
3007239,68.55964
3007240,62.073864
3007241,29.445698
3007242,356.63077
3007243,36.161587
3007244,36.161587
3007245,36.161587
3007246,348.4834
3007247,44.984917
3007248,231.46614
3007249,436.0353
3007250,38.491817
3007251,38.491817
3007252,219.32384
3007253,109.33472
3007254,1934.7323
3007255,33.1239
3007256,34.97548
3007257,55.309944
3007258,53.534172
3007259,55.679134
3007260,3010.9639
3007261,77.97676
3007262,692.08514
3007263,74.955414
3007264,1205.3438
3007265,1087.4521
3007266,392.1058
3007267,165.86964
3007268,227.7045
3007269,4636.743
3007270,35.88968
3007271,34.408844
3007272,62.44388
3007273,48.504612
3007274,34.408844
3007275,332.42212
3007276,41.124744
3007277,41.124744
3007278,41.124744
3007279,318.35083
3007280,49.948074
3007281,236.42928
3007282,422.1759
3007283,43.454975
3007284,43.454975
3007285,213.71637
3007286,103.72727
3007287,1708.6571
3007288,38.08706
3007289,39.938637
3007290,60.87152
3007291,59.095745
3007292,67.34454
3007293,3760.1182
3007294,75.308586
3007295,722.5486
3007296,86.34036
3007297,1475.241
3007298,1044.7107
3007299,327.00696
3007300,212.47954
3007301,263.77856
3007302,6505.649
3007303,32.04989
3007304,30.56906
3007305,30.56906
3007306,44.664814
3007307,30.56906
3007308,299.2878
3007309,37.284954
3007310,37.284954
3007311,215.19241
3007312,274.86728
3007313,44.185024
3007314,227.5791
3007315,368.8674
3007316,30.737381
3007317,30.737381
3007318,176.48021
3007319,37.152775
3007320,1215.2115
3007321,137.20007
3007322,116.76913
3007323,4.995231
3007324,3.2194612
3007325,1.0475807
3007326,3536.8088
3007327,35.240303
3007328,733.2047
3007329,102.74516
3007330,1180.4834
3007331,984.7595
3007332,387.6781
3007333,309.25952
3007334,264.2327
3007335,4906.847
3007336,16.17124
3007337,14.690399
3007338,92.90621
3007339,92.90621
3007340,14.690399
3007341,304.14294
3007342,23.426884
3007343,23.426884
3007344,23.426884
3007345,287.3045
3007346,32.053753
3007347,259.74353
3007348,408.46634
3007349,25.927826
3007350,25.927826
3007351,417.78625
3007352,151.69853
3007353,2785.204
3007354,-11.378997
3007355,-9.527419
3007356,47.635635
3007357,45.859863
3007358,54.10865
3007359,3195.5588
3007360,70.30247
3007361,659.282
3007362,335.61215
3007363,1471.3882
3007364,917.2956
3007365,265.29318
3007366,193.42021
3007367,405.81073
3007368,5077.8813
3007369,23.024248
3007370,21.543417
3007371,21.543417
3007372,47.65522
3007373,21.543417
3007374,313.4921
3007375,28.259317
3007376,28.259317
3007377,28.259317
3007378,237.31183
3007379,35.15939
3007380,215.31677
3007381,390.18427
3007382,22.342478
3007383,22.342478
3007384,200.68405
3007385,30.553333
3007386,1208.612
3007387,17.500004
3007388,64.84152
3007389,36.09648
3007390,34.32071
3007391,42.569504
3007392,2683.7722
3007393,59.685913
3007394,647.47534
3007395,56.664543
3007396,1160.734
3007397,1042.8423
3007398,347.49606
3007399,147.5788
3007400,209.41365
3007401,4257.1294
3007402,25.449518
3007403,23.968676
3007404,52.003716
3007405,23.968676
3007406,23.968676
3007407,291.87665
3007408,30.68458
3007409,30.68458
3007410,30.68458
3007411,297.86493
3007412,39.507904
3007413,225.98912
3007414,385.4168
3007415,33.014805
3007416,33.014805
3007417,241.12389
3007418,93.28712
3007419,1511.6552
3007420,10.607906
3007421,12.459485
3007422,-23.14667
3007423,-24.922441
3007424,-4.2450566
3007425,2683.6536
3007426,-8.602348
3007427,605.4632
3007428,-11.623714
3007429,1111.984
3007430,993.08673
3007431,305.48386
3007432,79.2905
3007433,141.12535
3007434,3678.296
3007435,16.895191
3007436,15.414354
3007437,15.414354
3007438,54.528297
3007439,15.414354
3007440,302.1449
3007441,22.130259
3007442,22.130259
3007443,72.35524
3007444,291.86
3007445,30.953592
3007446,214.80022
3007447,393.05045
3007448,21.825876
3007449,21.825876
3007450,202.65791
3007451,92.66877
3007452,1731.5044
3007453,-0.5810229
3007454,1.2705522
3007455,23.113636
3007456,21.33786
3007457,29.586658
3007458,4106.3794
3007459,46.599747
3007460,637.749
3007461,43.57837
3007462,1289.1504
3007463,968.35406
3007464,211.33328
3007465,167.79425
3007466,258.57846
3007467,5006.9473
3007468,9.872723
3007469,8.391891
3007470,22.487658
3007471,22.487658
3007472,8.391891
3007473,272.64328
3007474,19.186213
3007475,19.186213
3007476,19.186213
3007477,233.6193
3007478,28.009542
3007479,230.56088
3007480,386.61057
3007481,33.719147
3007482,33.719147
3007483,209.22948
3007484,74.612236
3007485,678.6257
3007486,-3.5429993
3007487,-1.6914175
3007488,76.942116
3007489,75.1663
3007490,181.96918
3007491,12961.464
3007492,221.74623
3007493,1952.7448
3007494,482.08246
3007495,3101.0046
3007496,2992.861
3007497,1075.2156
3007498,563.4982
3007499,795.1042
3007500,13115.357
3007501,72.17756
3007502,70.696724
3007503,273.74353
3007504,317.84576
3007505,70.696724
3007506,868.7749
3007507,624.1809
3007508,77.20385
3007509,606.5689
3007510,691.1201
3007511,96.37838
3007512,600.0255
3007513,882.57745
3007514,179.6432
3007515,179.6432
3007516,1107.6991
3007517,640.99603
3007518,8132.9937
3007519,1000.148
3007520,195.23344
3007521,65.73861
3007522,63.96279
3007523,81.85177
3007524,11925.847
3007525,210.54277
3007526,1924.7546
3007527,470.87894
3007528,3018.99
3007529,2905.397
3007530,1053.3773
3007531,558.44586
3007532,790.0518
3007533,13093.519
3007534,73.2925
3007535,71.81167
3007536,281.2641
3007537,325.36633
3007538,71.81167
3007539,707.48254
3007540,767.83575
3007541,78.318794
3007542,614.0894
3007543,794.1664
3007544,97.493324
3007545,816.7295
3007546,1043.0608
3007547,176.89075
3007548,443.66037
3007549,1095.8684
3007550,602.8807
3007551,7096.8335
3007552,1058.3911
3007553,206.58577
3007554,34.969322
3007555,33.19354
3007556,-13.594936
3007557,9414.051
3007558,124.25572
3007559,1746.1877
3007560,291.3084
3007561,2741.8098
3007562,2657.729
3007563,932.00696
3007564,397.13846
3007565,628.7443
3007566,12613.129
3007567,90.25888
3007568,88.778046
3007569,256.82156
3007570,272.64502
3007571,88.778046
3007572,842.37585
3007573,652.6229
3007574,100.37135
3007575,442.47668
3007576,610.7906
3007577,119.545876
3007578,606.8125
3007579,927.67633
3007580,178.61505
3007581,610.6232
3007582,1069.265
3007583,438.37308
3007584,4855.3247
3007585,690.06177
3007586,136.64091
3007587,52.102325
3007588,50.326538
3007589,11.9758835
3007590,9522.416
3007591,141.38878
3007592,1771.7585
3007593,308.4414
3007594,2816.7136
3007595,2683.2998
3007596,957.57794
3007597,414.27145
3007598,645.87726
3007599,12726.576
3007600,107.39188
3007601,105.91104
3007602,358.57425
3007603,298.21585
3007604,105.91104
3007605,809.7261
3007606,440.0728
3007607,117.504364
3007608,568.0834
3007609,759.30707
3007610,136.67891
3007611,623.94543
3007612,1038.8932
3007613,195.74803
3007614,195.74803
3007615,1080.9323
3007616,509.99896
3007617,4935.3887
3007618,770.1256
3007619,208.26686
3007620,13.847336
3007621,12.071577
3007622,53.988747
3007623,7041.073
3007624,90.27956
3007625,1545.0239
3007626,237.8361
3007627,2569.6262
3007628,2309.0742
3007629,735.9019
3007630,357.5534
3007631,589.1593
3007632,11114.321
3007633,74.776306
3007634,73.29547
3007635,73.29547
3007636,243.53859
3007637,73.29547
3007638,618.2285
3007639,625.23236
3007640,85.557434
3007641,516.46735
3007642,559.5223
3007643,104.731964
3007644,525.3749
3007645,899.8413
3007646,155.03133
3007647,514.1988
3007648,932.2394
3007649,270.77643
3007650,4186.074
3007651,420.9518
3007652,-23.407814
3007653,36.21564
3007654,34.439884
3007655,47.977657
3007656,8560.222
3007657,115.69391
3007658,1823.534
3007659,299.07336
3007660,2712.6182
3007661,2595.5325
3007662,869.02234
3007663,405.83115
3007664,637.43713
3007665,9544.707
3007666,80.50996
3007667,79.02912
3007668,277.16135
3007669,277.16135
3007670,79.02912
3007671,679.47876
3007672,370.41077
3007673,91.291084
3007674,472.78827
3007675,614.93854
3007676,110.465614
3007677,531.1085
3007678,831.55457
3007679,164.71275
3007680,164.71275
3007681,836.2061
3007682,453.5716
3007683,6660.0015
3007684,1162.226
3007685,82.10559
3007686,-9.431593
3007687,-11.207368
3007688,-168.83568
3007689,2841.9958
3007690,4.538281
3007691,262.51788
3007692,80.17528
3007693,865.9961
3007694,559.5421
3007695,38.535385
3007696,209.81306
3007697,250.74933
3007698,3925.4507
3007699,22.585262
3007700,21.104427
3007701,46.617603
3007702,37.224606
3007703,21.104427
3007704,141.29071
3007705,33.12054
3007706,33.12054
3007707,33.12054
3007708,124.45224
3007709,41.74741
3007710,261.60333
3007711,124.701614
3007712,39.90052
3007713,39.90052
3007714,373.47162
3007715,115.35504
3007716,1996.8594
3007717,-23.359488
3007718,-21.50792
3007719,-1.6828631
3007720,-3.4586525
3007721,-202.79782
3007722,5341.3965
3007723,60.162033
3007724,1405.5487
3007725,147.75485
3007726,2244.5764
3007727,1679.8027
3007728,544.1744
3007729,253.271
3007730,484.87695
3007731,7778.4727
3007732,34.673992
3007733,33.193157
3007734,33.193157
3007735,134.14584
3007736,33.193157
3007737,456.66324
3007738,329.67892
3007739,41.37669
3007740,41.37669
3007741,535.0987
3007742,56.096077
3007743,458.5652
3007744,723.8409
3007745,53.473907
3007746,53.473907
3007747,538.2883
3007748,229.39645
3007749,3494.4365
3007750,526.1671
3007751,34.004265
3007752,28.492886
3007753,26.717094
3007754,-69.99075
3007755,5692.3623
3007756,125.051605
3007757,1477.608
3007758,217.39183
3007759,2360.3235
3007760,1794.7162
3007761,546.837
3007762,308.46222
3007763,525.6491
3007764,6222.181
3007765,54.25063
3007766,52.769794
3007767,154.20003
3007768,155.95628
3007769,52.769794
3007770,461.94522
3007771,60.95332
3007772,60.95332
3007773,60.95332
3007774,403.23898
3007775,75.67271
3007776,455.0985
3007777,660.3264
3007778,93.00053
3007779,266.56198
3007780,714.92847
3007781,441.15186
3007782,4647.3857
3007783,131.19945
3007784,133.05101
3007785,-34.94716
3007786,-36.5964
3007787,-44.418503
3007788,5535.112
3007789,-83.66586
3007790,1456.6675
3007791,-233.63243
3007792,2277.6597
3007793,1805.5797
3007794,529.7302
3007795,-112.76138
3007796,118.84453
3007797,6689.2407
3007798,-73.14255
3007799,-74.62338
3007800,87.328995
3007801,87.328995
3007802,-74.62338
3007803,428.30313
3007804,-66.43981
3007805,-66.43981
3007806,-66.43981
3007807,422.21902
3007808,-51.720417
3007809,213.57996
3007810,632.2734
3007811,-84.85725
3007812,-84.85725
3007813,193.10677
3007814,-15.080623
3007815,4998.754
3007816,-131.73625
3007817,-129.88469
3007818,-21.140406
3007819,-22.91618
3007820,-17.229235
3007821,2352.2627
3007822,-26.157658
3007823,498.83554
3007824,-101.290474
3007825,982.0116
3007826,811.7422
3007827,227.90973
3007828,18.676903
3007829,80.51172
3007830,3445.1934
3007831,5.8355937
3007832,4.3547587
3007833,4.3547587
3007834,21.751665
3007835,4.3547587
3007836,234.43845
3007837,11.07065
3007838,11.07065
3007839,11.07065
3007840,207.06355
3007841,19.89398
3007842,189.87735
3007843,285.71896
3007844,-6.964332
3007845,-6.964332
3007846,165.37697
3007847,41.52834
3007848,1318.405
3007849,21.804855
3007850,23.656435
3007851,-7.3676677
3007852,-9.143438
3007853,-9.143438
3007854,2827.631
3007855,10.037785
3007856,528.5373
3007857,-2.9545474
3007858,993.77716
3007859,784.3068
3007860,122.019005
3007861,130.70049
3007862,219.23712
3007863,3677.174
3007864,0.60029507
3007865,-0.88053924
3007866,-0.88053924
3007867,-0.88053924
3007868,-0.88053924
3007869,185.2745
3007870,5.8353677
3007871,5.8353677
3007872,5.8353677
3007873,181.41087
3007874,12.735441
3007875,182.90472
3007876,234.33913
3007877,-10.069585
3007878,-10.069585
3007879,128.95834
3007880,-13.4539
3007881,410.75555
3007882,-28.935432
3007883,-43.92961
3007884,48.221237
3007885,46.445465
3007886,105.50896
3007887,4018.0168
3007888,105.42563
3007889,890.59424
3007890,158.12013
3007891,1414.6984
3007892,1370.4005
3007893,572.49023
3007894,251.3113
3007895,292.24747
3007896,5100.6
3007897,36.50907
3007898,35.028236
3007899,141.83328
3007900,127.43723
3007901,35.028236
3007902,463.99057
3007903,43.764713
3007904,43.764713
3007905,378.41858
3007906,424.9991
3007907,52.391582
3007908,284.33627
3007909,587.84674
3007910,57.88118
3007911,57.88118
3007912,486.0802
3007913,210.14809
3007914,2818.4114
3007915,11.590595
3007916,13.442177
3007917,44.994118
3007918,43.218338
3007919,161.5209
3007920,5464.217
3007921,106.94839
3007922,968.0335
3007923,207.50848
3007924,1491.263
3007925,1375.4224
3007926,637.87354
3007927,288.6432
3007928,329.5795
3007929,5638.3145
3007930,36.1476
3007931,34.666763
3007932,124.10948
3007933,202.56949
3007934,34.666763
3007935,481.72287
3007936,46.682873
3007937,46.682873
3007938,153.72244
3007939,498.6808
3007940,55.309742
3007941,287.25446
3007942,622.30237
3007943,60.79933
3007944,204.36089
3007945,515.3987
3007946,312.33978
3007947,3722.6887
3007948,45.834457
3007949,47.686066
3007950,48.5008
3007951,46.72502
3007952,165.0276
3007953,5530.7393
3007954,110.45507
3007955,1012.812
3007956,211.01518
3007957,1536.0411
3007958,1550.6562
3007959,682.65186
3007960,292.14987
3007961,333.08618
3007962,5849.9146
3007963,39.65428
3007964,38.173447
3007965,127.616165
3007966,206.07619
3007967,38.173447
3007968,548.7417
3007969,50.189556
3007970,50.189556
3007971,157.22914
3007972,533.10986
3007973,58.816425
3007974,290.76114
3007975,656.2623
3007976,64.306015
3007977,64.306015
3007978,518.9054
3007979,315.84647
3007980,3986.5466
3007981,49.34114
3007982,51.19275
3007983,3.7278166
3007984,1.9520296
3007985,109.347244
3007986,5250.3467
3007987,46.86206
3007988,911.7103
3007989,157.17482
3007990,1612.1997
3007991,1223.6936
3007992,612.3767
3007993,369.59967
3007994,527.7686
3007995,8064.0684
3007996,36.140102
3007997,34.659267
3007998,114.04521
3007999,104.37531
3008000,34.659267
3008001,492.26718
3008002,46.675392
3008003,46.675392
3008004,143.65819
3008005,422.73495
3008006,55.302254
3008007,337.52164
3008008,627.3213
3008009,31.582758
3008010,31.582758
3008011,412.6647
3008012,162.2963
3008013,2331.2905
3008014,384.2116
3008015,37.045776
3008016,-62.176727
3008017,-63.952522
3008018,-213.79765
3008019,1593.6053
3008020,-106.882965
3008021,187.3101
3008022,-51.125916
3008023,733.0727
3008024,511.27368
3008025,-123.57299
3008026,73.32141
3008027,114.257675
3008028,2125.116
3008029,-36.141853
3008030,-37.62269
3008031,-37.62269
3008032,16.24493
3008033,-37.62269
3008034,12.513894
3008035,-28.886215
3008036,-28.886215
3008037,-28.886215
3008038,0.7465143
3008039,-19.996668
3008040,207.69308
3008041,77.51746
3008042,-41.72876
3008043,-41.72876
3008044,313.0325
3008045,48.000046
3008046,1825.7845
3008047,-51.69432
3008048,-49.842728
3008049,-19.10309
3008050,-20.878862
3008051,-20.878862
3008052,2185.6372
3008053,-11.541986
3008054,32.35752
3008055,25.165283
3008056,966.97076
3008057,772.6953
3008058,249.44519
3008059,107.98264
3008060,179.16461
3008061,4150.5986
3008062,-59.9615
3008063,-8.403753
3008064,-8.403753
3008065,-8.403753
3008066,-8.403753
3008067,170.68509
3008068,-1.9123838
3008069,-1.9123838
3008070,-1.9123838
3008071,49.093513
3008072,6.7144933
3008073,205.68163
3008074,244.02765
3008075,-3.3533416
3008076,-3.3533416
3008077,288.89365
3008078,-37.87101
3008079,900.62524
3008080,-97.85219
3008081,-62.72931
3008082,91.190674
3008083,89.4149
3008084,89.4149
3008085,5219.1475
3008086,124.029816
3008087,1062.7908
3008088,221.15918
3008089,1688.7969
3008090,1292.7155
3008091,803.10657
3008092,366.5374
3008093,354.8578
3008094,9095.441
3008095,203.85234
3008096,53.765438
3008097,117.86802
3008098,117.86802
3008099,53.765438
3008100,518.49286
3008101,61.559196
3008102,61.559196
3008103,61.559196
3008104,336.5479
3008105,68.45926
3008106,296.23575
3008107,570.378
3008108,76.53096
3008109,76.53096
3008110,298.1567
3008111,89.3763
3008112,1160.1671
3008113,680.72064
3008114,69.823235
3008115,0.8410654
3008116,-0.93470526
3008117,-0.93470526
3008118,2372.4678
3008119,1.9135593
3008120,152.43684
3008121,-2.3939924
3008122,878.61743
3008123,583.178
3008124,77.08063
3008125,123.34468
3008126,149.71918
3008127,3426.2078
3008128,-35.753647
3008129,-5.324741
3008130,-5.324741
3008131,-21.738068
3008132,-5.324741
3008133,118.33236
3008134,1.1666259
3008135,1.1666259
3008136,41.42074
3008137,100.85267
3008138,8.066699
3008139,189.49207
3008140,183.18147
3008141,-11.297365
3008142,-11.297365
3008143,145.1709
3008144,-57.607246
3008145,799.09503
3008146,-139.29543
3008147,-16.739248
3008148,0.8410654
3008149,-0.93470526
3008150,-45.424046
3008151,2394.2852
3008152,1.9135593
3008153,210.34932
3008154,-2.3939924
3008155,844.6498
3008156,714.93085
3008157,62.832962
3008158,123.34468
3008159,149.71918
3008160,3247.6077
3008161,-28.025417
3008162,-5.324741
3008163,-5.324741
3008164,-21.738068
3008165,-5.324741
3008166,124.2291
3008167,1.1666259
3008168,1.1666259
3008169,1.1666259
3008170,34.86561
3008171,8.066699
3008172,189.49207
3008173,178.72896
3008174,-11.297365
3008175,-11.297365
3008176,134.44543
3008177,-57.607246
3008178,291.55685
3008179,-183.1162
3008180,-16.739248
3008181,0.14874506
3008182,-1.6270285
3008183,-1.6270285
3008184,2064.0657
3008185,21.16395
3008186,214.0426
3008187,-1.9612997
3008188,979.88635
3008189,733.6625
3008190,139.42621
3008191,148.19923
3008192,173.16357
3008193,3524.2593
3008194,20.528429
3008195,-0.7132423
3008196,-0.7132423
3008197,-0.7132423
3008198,-0.7132423
3008199,189.13802
3008200,9.057757
3008201,9.057757
3008202,9.057757
3008203,97.92926
3008204,17.684631
3008205,207.94981
3008206,249.50162
3008207,11.108104
3008208,11.108104
3008209,196.9719
3008210,10.804516
3008211,1006.22687
3008212,-134.0092
3008213,-28.5695
3008214,-45.04749
3008215,-0.93470526
3008216,-0.93470526
3008217,2372.4678
3008218,1.9135593
3008219,152.43684
3008220,-2.3939924
3008221,845.74786
3008222,610.4643
3008223,77.08063
3008224,123.34468
3008225,149.71918
3008226,3577.9978
3008227,-28.025417
3008228,-5.324741
3008229,-5.324741
3008230,-28.025417
3008231,-5.324741
3008232,128.68163
3008233,1.1666259
3008234,1.1666259
3008235,1.1666259
3008236,50.44574
3008237,8.066699
3008238,189.49207
3008239,178.72896
3008240,-11.297365
3008241,-11.297365
3008242,134.44543
3008243,-53.9629
3008244,905.1389
3008245,-181.78111
3008246,-16.739248
3008247,5.0131025
3008248,3.2373304
3008249,-60.770466
3008250,2097.166
3008251,20.51555
3008252,155.28868
3008253,-2.6096988
3008254,934.783
3008255,721.8503
3008256,77.82153
3008257,128.90471
3008258,166.6879
3008259,3032.8936
3008260,-93.44438
3008261,-0.988899
3008262,-0.988899
3008263,1.2339282
3008264,-0.988899
3008265,143.17824
3008266,8.782102
3008267,8.782102
3008268,8.782102
3008269,110.231255
3008270,17.408974
3008271,207.67415
3008272,203.06041
3008273,14.699836
3008274,14.699836
3008275,164.0392
3008276,-5.972641
3008277,316.07288
3008278,-20.005772
3008279,-18.154194
3008280,35.440136
3008281,33.664364
3008282,113.743996
3008283,3527.4868
3008284,65.02327
3008285,972.6462
3008286,52.010887
3008287,1396.1283
3008288,1196.9788
3008289,545.7646
3008290,255.7008
3008291,214.2
3008292,4831.315
3008293,190.65555
3008294,5.285089
3008295,59.97447
3008296,5.285089
3008297,5.285089
3008298,432.8576
3008299,11.776442
3008300,11.776442
3008301,218.59682
3008302,282.674
3008303,20.403318
3008304,218.50238
3008305,505.02618
3008306,13.415113
3008307,13.415113
3008308,284.7988
3008309,46.57377
3008310,607.9568
3008311,201.1559
3008312,-14.651803
3008313,18.074894
3008314,16.299122
3008315,13.837072
3008316,3837.566
3008317,46.535545
3008318,504.79614
3008319,29.174444
3008320,1243.1353
3008321,976.3386
3008322,379.88928
3008323,206.1337
3008324,186.1752
3008325,5111.9683
3008326,91.90288
3008327,-1.2042904
3008328,-1.2042904
3008329,55.80898
3008330,-1.2042904
3008331,282.49362
3008332,5.2870803
3008333,5.2870803
3008334,64.10645
3008335,247.55421
3008336,13.913957
3008337,209.72958
3008338,368.09882
3008339,0.69461066
3008340,0.69461066
3008341,330.75208
3008342,25.51963
3008343,1437.2568
3008344,619.0891
3008345,-33.638428
3008346,12.356958
3008347,10.581188
3008348,10.581188
3008349,2808.4836
3008350,15.833221
3008351,285.67252
3008352,11.525661
3008353,982.2673
3008354,706.66974
3008355,133.08583
3008356,140.86372
3008357,163.63885
3008358,3578.1777
3008359,-24.533016
3008360,5.1009808
3008361,5.1009808
3008362,5.1009808
3008363,5.1009808
3008364,189.70145
3008365,11.592351
3008366,11.592351
3008367,11.592351
3008368,48.89066
3008369,18.492422
3008370,203.92235
3008371,248.20581
3008372,3.1329184
3008373,3.1329184
3008374,148.87572
3008375,-36.02823
3008376,820.6289
3008377,-131.56926
3008378,1.1954225
3008379,41.677967
3008380,39.902195
3008381,26.76072
3008382,3976.6804
3008383,93.13441
3008384,779.8709
3008385,148.89146
3008386,1335.6584
3008387,1183.4148
3008388,395.70648
3008389,227.52469
3008390,268.46088
3008391,5621.031
3008392,18.553373
3008393,128.66417
3008394,17.072529
3008395,128.66417
3008396,17.072529
3008397,440.4037
3008398,25.80901
3008399,25.80901
3008400,25.80901
3008401,423.56534
3008402,34.43588
3008403,280.964
3008404,544.16675
3008405,54.508907
3008406,54.508907
3008407,469.77466
3008408,187.60645
3008409,2640.524
3008410,20.744148
3008411,22.595726
3008412,-26.162415
3008413,-27.938185
3008414,56.013916
3008415,4353.992
3008416,-7.3199024
3008417,944.1854
3008418,-5.5219774
3008419,1568.5541
3008420,1221.8094
3008421,467.40756
3008422,243.63605
3008423,160.9183
3008424,6622.191
3008425,170.77545
3008426,-17.68787
3008427,-17.68787
3008428,69.14874
3008429,-17.68787
3008430,352.1632
3008431,-10.971975
3008432,-10.971975
3008433,86.31904
3008434,325.82355
3008435,-2.6862907
3008436,193.12941
3008437,405.27814
3008438,-11.957889
3008439,-11.957889
3008440,284.43063
3008441,49.890854
3008442,1736.3438
3008443,575.2591
3008444,-66.346466
3008445,-46.963306
3008446,-48.739075
3008447,-83.873695
3008448,3614.1304
3008449,-52.8054
3008450,684.98944
3008451,-88.96753
3008452,1482.5598
3008453,937.27966
3008454,353.53964
3008455,101.000534
3008456,77.4727
3008457,5776.0835
3008458,104.18369
3008459,-13.864314
3008460,56.649
3008461,58.578854
3008462,-13.864314
3008463,258.70337
3008464,-7.1484156
3008465,-7.1484156
3008466,-7.1484156
3008467,245.93365
3008468,1.1372683
3008469,172.82211
3008470,324.2387
3008471,-16.70127
3008472,-16.70127
3008473,246.08902
3008474,-24.872566
3008475,326.7029
3008476,-55.26942
3008477,-53.417843
3008478,-40.900692
3008479,-42.676468
3008480,-42.676468
3008481,2116.8708
3008482,-57.82126
3008483,102.750145
3008484,-119.920616
3008485,771.40875
3008486,584.0969
3008487,10.465223
3008488,47.186794
3008489,72.511955
3008490,2957.4324
3008491,-7.282137
3008492,-15.052428
3008493,-7.282137
3008494,-7.282137
3008495,-15.052428
3008496,129.75435
3008497,-8.336534
3008498,-8.336534
3008499,-8.336534
3008500,90.03798
3008501,-1.4364603
3008502,152.81258
3008503,174.97571
3008504,-44.029144
3008505,-44.029144
3008506,77.08837
3008507,-65.743416
3008508,192.80714
3008509,-125.67774
3008510,-39.227028
3008511,-13.962805
3008512,-15.738579
3008513,-62.522568
3008514,2380.124
3008515,-1.6609956
3008516,449.95767
3008517,-6.367219
3008518,880.11176
3008519,635.1637
3008520,56.70987
3008521,120.29475
3008522,168.21054
3008523,3094.1887
3008524,14.933998
3008525,13.453163
3008526,34.977478
3008527,4.1880345
3008528,13.453163
3008529,131.15436
3008530,20.169071
3008531,20.169071
3008532,55.10686
3008533,120.86941
3008534,28.992405
3008535,271.4214
3008536,219.17609
3008537,21.712955
3008538,21.712955
3008539,226.14024
3008540,66.39257
3008541,1283.6335
3008542,6.8332167
3008543,8.684795
3008544,68.15691
3008545,66.38114
3008546,66.38114
3008547,4057.2427
3008548,122.00064
3008549,928.7543
3008550,138.6535
3008551,1400.824
3008552,1344.9678
3008553,670.784
3008554,258.21185
3008555,320.04657
3008556,4284.99
3008557,43.513405
3008558,42.03257
3008559,70.90147
3008560,255.06099
3008561,42.03257
3008562,428.0466
3008563,48.748478
3008564,48.748478
3008565,48.748478
3008566,389.94012
3008567,57.571804
3008568,240.25443
3008569,586.30255
3008570,52.998188
3008571,52.998188
3008572,325.817
3008573,179.44879
3008574,2631.275
3008575,91.627716
3008576,93.479294
3008577,-13.617487
3008578,-15.393261
3008579,-62.211143
3008580,2696.8586
3008581,11.42535
3008582,435.81
3008583,-21.593042
3008584,905.9856
3008585,653.47076
3008586,89.587524
3008587,112.72468
3008588,174.55956
3008589,2724.549
3008590,7.9448376
3008591,6.4640164
3008592,6.4640164
3008593,6.4640164
3008594,6.4640164
3008595,153.09265
3008596,13.179901
3008597,13.179901
3008598,13.179901
3008599,128.61566
3008600,21.46559
3008601,204.3808
3008602,199.01822
3008603,17.124575
3008604,17.124575
3008605,226.9401
3008606,51.599236
3008607,1608.0768
3008608,27.776628
3008609,29.62821
3008610,-23.652418
3008611,-25.428192
3008612,-25.428192
3008613,2288.6653
3008614,-17.957632
3008615,410.81763
3008616,-17.91647
3008617,925.4588
3008618,631.1057
3008619,65.6822
3008620,103.13984
3008621,164.97472
3008622,3104.3418
3008623,-12.494256
3008624,-13.975088
3008625,-13.975088
3008626,-13.975088
3008627,-13.975088
3008628,140.68059
3008629,-7.2591853
3008630,-7.2591853
3008631,-7.2591853
3008632,130.39566
3008633,1.5641409
3008634,189.31335
3008635,184.1123
3008636,-7.528354
3008637,-7.528354
3008638,167.98195
3008639,29.860405
3008640,1208.4414
3008641,-24.299753
3008642,-22.44818
3008643,66.220985
3008644,64.44522
3008645,27.742271
3008646,3885.5088
3008647,125.13518
3008648,917.82635
3008649,122.93185
3008650,1244.0347
3008651,1233.7828
3008652,565.4492
3008653,256.52228
3008654,318.357
3008655,3989.3982
3008656,58.611835
3008657,57.131
3008658,57.131
3008659,73.77707
3008660,57.131
3008661,475.78336
3008662,63.84691
3008663,63.84691
3008664,63.84691
3008665,420.6373
3008666,72.67023
3008667,259.35736
3008668,565.2474
3008669,72.10118
3008670,72.10118
3008671,298.47263
3008672,152.10443
3008673,2142.942
3008674,114.5609
3008675,116.412476
3008676,31.69313
3008677,29.917358
3008678,29.917358
3008679,4132.3174
3008680,37.38792
3008681,1173.4774
3008682,37.42908
3008683,1660.8453
3008684,1361.0876
3008685,502.08582
3008686,212.68991
3008687,220.32028
3008688,5593.284
3008689,132.65776
3008690,6.156135
3008691,45.540367
3008692,45.540367
3008693,6.156135
3008694,423.61212
3008695,12.872034
3008696,12.872034
3008697,12.872034
3008698,329.20856
3008699,21.69536
3008700,209.44458
3008701,491.9844
3008702,12.602865
3008703,12.602865
3008704,188.11317
3008705,49.991615
3008706,1242.2297
3008707,1.2037046
3008708,3.0552788
3008709,-29.2797
3008710,-31.055471
3008711,-31.055471
3008712,3705.3125
3008713,-23.584917
3008714,829.8652
3008715,-23.543755
3008716,1317.2279
3008717,1097.4182
3008718,378.86673
3008719,151.71709
3008720,159.34746
3008721,4539.655
3008722,106.93822
3008723,-18.98882
3008724,25.529285
3008725,20.39542
3008726,-18.98882
3008727,336.22092
3008728,-12.272921
3008729,-12.272921
3008730,-12.272921
3008731,241.81747
3008732,-3.4495916
3008733,184.29962
3008734,411.331
3008735,-12.54209
3008736,-12.54209
3008737,162.9682
3008738,24.846664
3008739,1378.2876
3008740,-31.973331
3008741,-30.121758
3008742,117.06648
3008743,115.290695
3008744,379.38275
3008745,9857.304
3008746,340.2814
3008747,1902.1226
3008748,443.90408
3008749,2452.2031
3008750,2793.2073
3008751,1019.8375
3008752,435.14743
3008753,476.08374
3008754,9970.783
3008755,115.34256
3008756,113.86173
3008757,338.44925
3008758,424.57245
3008759,113.86173
3008760,1032.4761
3008761,125.87784
3008762,125.87784
3008763,784.24725
3008764,848.3245
3008765,134.50468
3008766,406.9718
3008767,1125.3925
3008768,180.51672
3008769,180.51672
3008770,742.8612
3008771,539.8025
3008772,5853.5645
3008773,119.08065
3008774,120.93218
3008775,-30.682299
3008776,-32.458073
3008777,-32.458073
3008778,2258.1506
3008779,-27.1715
3008780,130.67496
3008781,-27.130331
3008782,840.754
3008783,604.49036
3008784,73.23638
3008785,107.35853
3008786,157.68413
3008787,2929.314
3008788,-76.50785
3008789,-27.766525
3008790,-31.077446
3008791,-27.766525
3008792,-27.766525
3008793,57.37821
3008794,-21.050629
3008795,-21.050629
3008796,-21.050629
3008797,41.541462
3008798,-14.150557
3008799,167.27483
3008800,105.75228
3008801,-25.699492
3008802,-25.699492
3008803,114.79442
3008804,-20.993025
3008805,316.49457
3008806,-38.053864
3008807,-36.202293
3008808,43.55673
3008809,41.780956
3008810,9.692245
3008811,3770.4204
3008812,45.14081
3008813,552.83026
3008814,59.23506
3008815,1316.481
3008816,815.47327
3008817,285.79745
3008818,232.89671
3008819,247.64722
3008820,5917.8413
3008821,52.2135
3008822,17.036922
3008823,49.301003
3008824,49.301003
3008825,17.036922
3008826,245.29314
3008827,24.854168
3008828,24.854168
3008829,24.854168
3008830,123.02125
3008831,31.754238
3008832,245.7296
3008833,319.61353
3008834,26.02474
3008835,126.941154
3008836,171.76758
3008837,32.440147
3008838,1083.0745
3008839,23.411383
3008840,25.262964
3008841,-33.76129
3008842,-35.53707
3008843,-35.53707
3008844,2309.3738
3008845,-30.250498
3008846,160.08084
3008847,-30.209333
3008848,807.1159
3008849,644.0928
3008850,182.84062
3008851,104.27952
3008852,154.60516
3008853,3137.3198
3008854,-79.586845
3008855,-30.845528
3008856,-34.156452
3008857,-30.845528
3008858,-30.845528
3008859,83.319595
3008860,-24.129623
3008861,-24.129623
3008862,-24.129623
3008863,38.46246
3008864,-17.229553
3008865,164.19583
3008866,118.94647
3008867,-28.778492
3008868,-28.778492
3008869,111.71542
3008870,-24.07202
3008871,944.46954
3008872,-41.132862
3008873,-39.28129
3008874,20.18012
3008875,18.404352
3008876,18.404352
3008877,2595.4534
3008878,45.158386
3008879,370.02924
3008880,38.52999
3008881,1056.4369
3008882,811.0933
3008883,176.50822
3008884,215.1059
3008885,217.57173
3008886,3793.7998
3008887,-4.9081798
3008888,0.55209243
3008889,0.55209243
3008890,0.55209243
3008891,0.55209243
3008892,101.83947
3008893,7.267985
3008894,7.267985
3008895,7.267985
3008896,65.94832
3008897,14.168055
3008898,203.42735
3008899,171.72179
3008900,2.2074428
3008901,2.2074428
3008902,203.6057
3008903,67.81818
3008904,1688.7327
3008905,-39.723854
3008906,-37.872276
3008907,42.68749
3008908,40.911716
3008909,40.911716
3008910,3923.4219
3008911,45.835293
3008912,536.69543
3008913,59.929565
3008914,1306.4371
3008915,803.9572
3008916,158.58553
3008917,203.92877
3008918,239.32967
3008919,5900.61
3008920,47.853752
3008921,19.657677
3008922,19.657677
3008923,31.271385
3008924,19.657677
3008925,223.01262
3008926,26.3736
3008927,26.3736
3008928,26.3736
3008929,103.89028
3008930,33.273663
3008931,217.9357
3008932,295.03546
3008933,21.093992
3008934,21.093992
3008935,166.83682
3008936,24.005032
3008937,385.85544
3008938,12.763329
3008939,14.61491
3008940,-15.06159
3008941,-16.837362
3008942,-16.837362
3008943,2297.7273
3008944,-20.925802
3008945,196.04153
3008946,-83.02517
3008947,813.63965
3008948,634.10376
3008949,112.893
3008950,78.66785
3008951,117.91208
3008952,2783.708
3008953,-1.8206266
3008954,1.5876071
3008955,9.357895
3008956,1.5876071
3008957,1.5876071
3008958,111.52876
3008959,8.303498
3008960,8.303498
3008961,8.303498
3008962,133.05853
3008963,15.203568
3008964,169.45259
3008965,148.99973
3008966,-23.521717
3008967,-23.521717
3008968,92.34691
3008969,-43.440556
3008970,242.21213
3008971,-10.217165
3008972,-8.365587
3008973,2.9529314
3008974,1.1771597
3008975,1.1771597
3008976,4084.9778
3008977,18.514053
3008978,851.7174
3008979,18.555191
3008980,1357.9489
3008981,1015.2149
3008982,426.07132
3008983,188.40164
3008984,196.03201
3008985,4955.87
3008986,89.24952
3008987,12.710587
3008988,12.710587
3008989,52.09483
3008990,12.710587
3008991,377.1985
3008992,19.426502
3008993,19.426502
3008994,19.426502
3008995,304.07486
3008996,28.249836
3008997,215.99902
3008998,445.57077
3008999,19.157335
3009000,19.157335
3009001,194.66762
3009002,56.54607
3009003,1436.4501
3009004,5.5452623
3009005,7.39684
3009006,33.19198
3009007,31.41621
3009008,24.58045
3009009,3014.6768
3009010,60.042393
3009011,736.2502
3009012,60.083534
3009013,1242.771
3009014,1140.081
3009015,452.47858
3009016,149.18666
3009017,211.02148
3009018,4325.3184
3009019,27.030607
3009020,25.549774
3009021,25.549774
3009022,73.958534
3009023,25.549774
3009024,360.4169
3009025,32.26566
3009026,32.26566
3009027,32.26566
3009028,350.13202
3009029,41.08899
3009030,233.13264
3009031,448.72855
3009032,40.158337
3009033,40.158337
3009034,220.99034
3009035,111.00122
3009036,1985.1783
3009037,34.79042
3009038,36.642
3009039,58.935776
3009040,57.160004
3009041,37.895653
3009042,2877.7305
3009043,81.602585
3009044,731.53424
3009045,81.64374
3009046,1238.0552
3009047,987.7267
3009048,341.415
3009049,170.74684
3009050,232.5817
3009051,4653.953
3009052,31.993753
3009053,30.512922
3009054,60.38927
3009055,75.671745
3009056,30.512922
3009057,346.5575
3009058,37.228817
3009059,37.228817
3009060,37.228817
3009061,352.54578
3009062,46.052147
3009063,238.09578
3009064,407.40555
3009065,45.121487
3009066,45.121487
3009067,215.38287
3009068,105.393776
3009069,1759.1031
3009070,39.75357
3009071,41.60515
3009072,64.49735
3009073,62.721573
3009074,43.457214
3009075,4222.8115
3009076,78.93442
3009077,763.4996
3009078,93.0287
3009079,1483.2621
3009080,1093.0123
3009081,375.30847
3009082,221.39645
3009083,245.88995
3009084,6690.155
3009085,133.93619
3009086,26.673128
3009087,49.194218
3009088,49.194218
3009089,26.673128
3009090,318.10138
3009091,33.389027
3009092,33.389027
3009093,73.50694
3009094,285.4338
3009095,40.289097
3009096,229.2456
3009097,353.47958
3009098,32.40389
3009099,32.40389
3009100,220.20049
3009101,38.81928
3009102,1221.0842
3009103,188.12834
3009104,27.617554
3009105,38.54006
3009106,36.764294
3009107,-18.180723
3009108,3614.6223
3009109,68.785164
3009110,747.79004
3009111,139.35246
3009112,1266.5667
3009113,1078.4692
3009114,468.8012
3009115,258.09268
3009116,299.0289
3009117,5050.97
3009118,28.131887
3009119,26.651043
3009120,26.651043
3009121,26.651043
3009122,26.651043
3009123,332.0005
3009124,35.387535
3009125,35.387535
3009126,35.387535
3009127,329.31018
3009128,44.014404
3009129,275.9234
3009130,456.43372
3009131,42.107704
3009132,42.107704
3009133,433.96616
3009134,167.87843
3009135,2750.5002
3009136,4.8008947
3009137,6.652479
3009138,51.261467
3009139,49.485695
3009140,30.22136
3009141,3404.4375
3009142,73.92829
3009143,1006.86487
3009144,73.96945
3009145,1345.7238
3009146,961.7536
3009147,311.28635
3009148,198.49379
3009149,226.83066
3009150,5177.64
3009151,86.71948
3009152,17.647478
3009153,17.647478
3009154,17.647478
3009155,17.647478
3009156,332.07373
3009157,24.363392
3009158,24.363392
3009159,24.363392
3009160,73.642494
3009161,31.263468
3009162,216.98328
3009163,398.41666
3009164,24.008984
3009165,24.008984
3009166,202.71327
3009167,32.21984
3009168,1172.1554
3009169,19.166515
3009170,21.018085
3009171,39.722313
3009172,37.94654
3009173,12.578369
3009174,3032.9119
3009175,63.311745
3009176,668.9845
3009177,63.35289
3009178,1200.183
3009179,943.1169
3009180,403.15292
3009181,152.456
3009182,214.29085
3009183,4274.34
3009184,21.553577
3009185,20.072744
3009186,49.949116
3009187,20.072744
3009188,20.072744
3009189,309.7984
3009190,26.788658
3009191,26.788658
3009192,26.788658
3009193,124.49126
3009194,35.611977
3009195,227.65562
3009196,370.64645
3009197,34.681316
3009198,34.681316
3009199,204.94272
3009200,94.95362
3009201,1705.305
3009202,12.274419
3009203,14.125997
3009204,-19.520844
3009205,-21.296618
3009206,-28.132376
3009207,3033.9177
3009208,-4.97652
3009209,651.65015
3009210,-4.9353824
3009211,1151.4331
3009212,1048.7433
3009213,361.14072
3009214,84.16766
3009215,146.00256
3009216,3695.5056
3009217,12.999259
3009218,11.518424
3009219,11.518424
3009220,67.75616
3009221,11.518424
3009222,320.06665
3009223,18.234325
3009224,18.234325
3009225,84.23991
3009226,309.78174
3009227,27.057652
3009228,216.46672
3009229,405.74368
3009230,23.49239
3009231,23.49239
3009232,204.32442
3009233,94.33527
3009234,1781.9504
3009235,1.0854859
3009236,2.9370599
3009237,19.767273
3009238,17.9915
3009239,-1.2728432
3009240,4412.6367
3009241,43.253387
3009242,820.6908
3009243,43.29451
3009244,1350.2673
3009245,1029.1655
3009246,415.0941
3009247,177.09427
3009248,194.2325
3009249,5103.0586
3009250,52.699272
3009251,6.8798614
3009252,36.75622
3009253,36.75622
3009254,6.8798614
3009255,333.4472
3009256,17.67418
3009257,17.67418
3009258,17.67418
3009259,239.31998
3009260,26.497507
3009261,226.47113
3009262,435.66293
3009263,29.629404
3009264,29.629404
3009265,205.13972
3009266,70.522514
3009267,674.5359
3009268,-7.6327553
3009269,-5.78118
3009270,75.15945
3009271,73.38363
3009272,151.10962
3009273,13444.066
3009274,219.96358
3009275,2049.106
3009276,497.8283
3009277,3197.3655
3009278,3214.449
3009279,1211.857
3009280,598.0479
3009281,829.6539
3009282,13950.044
3009283,65.47311
3009284,63.99227
3009285,401.1871
3009286,353.66934
3009287,63.99227
3009288,858.75635
3009289,808.5173
3009290,70.4994
3009291,653.2616
3009292,721.5397
3009293,89.67392
3009294,634.8135
3009295,798.24365
3009296,178.7583
3009297,467.6906
3009298,1106.8141
3009299,640.1111
3009300,8399.396
3009301,1333.5985
3009302,194.34854
3009303,80.92384
3009304,79.14801
3009305,67.96015
3009306,12843.862
3009307,225.72792
3009308,2038.0839
3009309,503.5927
3009310,3132.3188
3009311,3143.9526
3009312,1206.9867
3009313,609.96344
3009314,841.5694
3009315,13945.173
3009316,68.15029
3009317,66.66946
3009318,410.2699
3009319,362.75214
3009320,66.66946
3009321,867.8391
3009322,817.60004
3009323,73.17658
3009324,662.34436
3009325,902.15125
3009326,92.35111
3009327,637.4906
3009328,999.0386
3009329,177.5681
3009330,177.5681
3009331,1096.5458
3009332,603.558
3009333,7348.526
3009334,1393.4039
3009335,207.26312
3009336,50.154533
3009337,48.378746
3009338,-27.486551
3009339,10542.671
3009340,139.441
3009341,1859.517
3009342,324.02216
3009343,2974.182
3009344,2896.2847
3009345,1085.6166
3009346,448.65598
3009347,680.2619
3009348,13552.652
3009349,85.11667
3009350,83.63583
3009351,294.20737
3009352,310.03082
3009353,83.63583
3009354,892.14
3009355,464.26617
3009356,95.22916
3009357,479.8624
3009358,659.04553
3009359,114.4037
3009360,643.16266
3009361,1054.9462
3009362,179.2924
3009363,639.8689
3009364,1069.9424
3009365,439.0504
3009366,5123.291
3009367,992.5576
3009368,137.31827
3009369,67.28752
3009370,65.51172
3009371,-1.9157087
3009372,10867.328
3009373,156.57399
3009374,1885.0878
3009375,341.15515
3009376,2935.4922
3009377,2921.8555
3009378,1111.1874
3009379,465.7888
3009380,697.3946
3009381,13666.1
3009382,102.24968
3009383,100.76883
3009384,395.96005
3009385,335.60165
3009386,100.76883
3009387,762.3535
3009388,727.958
3009389,112.36214
3009390,641.56146
3009391,700.8895
3009392,131.5367
3009393,660.29565
3009394,789.885
3009395,196.42537
3009396,196.42537
3009397,1081.6095
3009398,510.67627
3009399,5242.418
3009400,1072.6212
3009401,208.94423
3009402,39.10536
3009403,37.3296
3009404,-95.22829
3009405,7743.4346
3009406,115.537636
3009407,1770.2928
3009408,280.6226
3009409,2740.1125
3009410,2810.3586
3009411,1001.4517
3009412,419.1438
3009413,650.74976
3009414,12605.115
3009415,70.35086
3009416,68.870026
3009417,334.45374
3009418,281.641
3009419,68.870026
3009420,743.9846
3009421,777.58026
3009422,81.13199
3009423,365.2862
3009424,574.37354
3009425,100.30651
3009426,570.5819
3009427,1052.1888
3009428,164.56558
3009429,552.30133
3009430,941.77356
3009431,305.17093
3009432,4564.542
3009433,834.17194
3009434,10.986691
3009435,54.685226
3009436,52.909477
3009437,131.9061
3009438,9579.768
3009439,134.16356
3009440,1915.9248
3009441,335.07147
3009442,2750.226
3009443,2691.17
3009444,1001.6938
3009445,460.63303
3009446,692.239
3009447,10590.712
3009448,69.29604
3009449,67.81521
3009450,308.47543
3009451,317.4069
3009452,67.81521
3009453,800.0331
3009454,652.3837
3009455,80.07717
3009456,589.06244
3009457,657.3405
3009458,99.2517
3009459,569.5271
3009460,959.69763
3009461,167.45856
3009462,167.45856
3009463,838.95184
3009464,456.31735
3009465,6993.354
3009466,1449.9885
3009467,84.8514
3009468,-2.8498342
3009469,-4.6256065
3009470,-113.01059
3009471,3029.228
3009472,11.120064
3009473,308.2557
3009474,89.81955
3009475,911.73395
3009476,606.8749
3009477,100.48094
3009478,217.6462
3009479,258.5824
3009480,3948.949
3009481,22.988468
3009482,21.507637
3009483,21.507637
3009484,21.507637
3009485,21.507637
3009486,86.86538
3009487,33.523746
3009488,33.523746
3009489,33.523746
3009490,149.63046
3009491,42.150623
3009492,266.22577
3009493,47.854694
3009494,44.52298
3009495,44.52298
3009496,381.42688
3009497,123.31029
3009498,2023.6633
3009499,-15.404242
3009500,-13.552672
3009501,5.442045
3009502,3.6662636
3009503,-224.74973
3009504,6034.8486
3009505,67.28695
3009506,1441.9337
3009507,172.40839
3009508,2317.6204
3009509,1767.0664
3009510,620.8398
3009511,296.72824
3009512,528.3342
3009513,8170.8467
3009514,27.521036
3009515,26.040201
3009516,154.67436
3009517,141.95386
3009518,26.040201
3009519,448.79645
3009520,321.81216
3009521,34.223743
3009522,34.223743
3009523,390.09024
3009524,48.94314
3009525,501.04483
3009526,690.7919
3009527,60.28067
3009528,60.28067
3009529,545.09503
3009530,236.20326
3009531,3483.4133
3009532,472.59158
3009533,40.811012
3009534,35.617798
3009535,33.842014
3009536,-5.9699225
3009537,6321.848
3009538,132.17657
3009539,1476.489
3009540,242.04532
3009541,2359.204
3009542,1844.4757
3009543,585.9982
3009544,351.9195
3009545,569.1064
3009546,6316.902
3009547,47.09769
3009548,45.616856
3009549,45.616856
3009550,141.5521
3009551,45.616856
3009552,483.76398
3009553,53.80038
3009554,53.80038
3009555,53.80038
3009556,373.16
3009557,68.51975
3009558,497.57816
3009559,644.5559
3009560,99.80729
3009561,252.15782
3009562,721.73517
3009563,447.95862
3009564,4855.0703
3009565,138.00621
3009566,139.85777
3009567,-27.82224
3009568,-29.471476
3009569,-23.87757
3009570,6094.8755
3009571,-76.54094
3009572,1422.9779
3009573,-208.97896
3009574,2298.7527
3009575,1806.5953
3009576,591.10364
3009577,-69.30411
3009578,162.30191
3009579,6900.2437
3009580,-70.02962
3009581,-71.510445
3009582,-71.510445
3009583,147.91586
3009584,-71.510445
3009585,527.73914
3009586,-63.32688
3009587,-63.32688
3009588,-63.32688
3009589,453.798
3009590,-48.607494
3009591,256.05954
3009592,638.715
3009593,-78.050476
3009594,-78.050476
3009595,199.91353
3009596,-8.273868
3009597,5228.651
3009598,-124.92951
3009599,-123.07795
3009600,-15.579182
3009601,-17.354952
3009602,-39.18117
3009603,2738.1128
3009604,-20.59644
3009605,606.15137
3009606,-92.66674
3009607,1096.0647
3009608,918.7527
3009609,351.4329
3009610,25.48947
3009611,87.324295
3009612,3537.8584
3009613,3.8750634
3009614,2.394228
3009615,32.27059
3009616,32.27059
3009617,2.394228
3009618,285.94064
3009619,9.11012
3009620,9.11012
3009621,9.11012
3009622,275.65573
3009623,17.933449
3009624,193.47926
3009625,404.45807
3009626,-3.3624277
3009627,-3.3624277
3009628,168.97888
3009629,45.130238
3009630,1422.9132
3009631,25.40677
3009632,27.258345
3009633,-1.8064426
3009634,-3.5822186
3009635,-22.846563
3009636,3165.053
3009637,15.599007
3009638,666.3031
3009639,5.669178
3009640,1245.0087
3009641,909.1175
3009642,246.82977
3009643,137.70946
3009644,211.80225
3009645,4217.6562
3009646,39.033066
3009647,-2.8410692
3009648,15.836644
3009649,-2.8410692
3009650,-2.8410692
3009651,285.12357
3009652,3.8748403
3009653,3.8748403
3009654,3.8748403
3009655,139.1865
3009656,10.774912
3009657,186.50664
3009658,344.5374
3009659,-6.467674
3009660,-6.467674
3009661,132.56024
3009662,-9.851992
3009663,414.35748
3009664,-25.333527
3009665,-23.481956
3009666,77.12477
3009667,75.349014
3009668,106.89937
3009669,4422.5845
3009670,134.3292
3009671,976.8078
3009672,190.08618
3009673,1560.6184
3009674,1543.2002
3009675,674.9114
3009676,281.46616
3009677,322.4024
3009678,5419.8164
3009679,43.828434
3009680,42.3476
3009681,164.93326
3009682,150.53722
3009683,42.3476
3009684,479.20197
3009685,51.084076
3009686,51.084076
3009687,415.78293
3009688,462.36353
3009689,59.710945
3009690,295.87488
3009691,743.2892
3009692,69.41978
3009693,69.41978
3009694,497.6188
3009695,221.68669
3009696,2867.6387
3009697,23.129204
3009698,24.980782
3009699,48.61995
3009700,46.844162
3009701,112.3736
3009702,5436.138
3009703,110.57421
3009704,993.99524
3009705,214.19681
3009706,1542.9409
3009707,1561.5348
3009708,693.5302
3009709,293.5204
3009710,334.4567
3009711,5796.463
3009712,33.59487
3009713,32.114037
3009714,137.33736
3009715,215.79741
3009716,32.114037
3009717,509.2151
3009718,44.13014
3009719,44.13014
3009720,318.69696
3009721,492.37668
3009722,52.757008
3009723,288.921
3009724,657.20056
3009725,62.465843
3009726,62.465843
3009727,517.0652
3009728,314.00632
3009729,3793.6165
3009730,47.50096
3009731,49.35257
3009732,52.126633
3009733,50.350845
3009734,115.88028
3009735,5663.138
3009736,114.080894
3009737,1035.546
3009738,217.7035
3009739,1558.7753
3009740,1606.313
3009741,738.30853
3009742,297.02707
3009743,337.96338
3009744,5964.1187
3009745,37.101555
3009746,35.62072
3009747,35.62072
3009748,219.30411
3009749,35.62072
3009750,512.7218
3009751,47.63682
3009752,47.63682
3009753,174.01717
3009754,495.88336
3009755,56.26369
3009756,292.42767
3009757,685.2638
3009758,65.97253
3009759,65.97253
3009760,520.5719
3009761,317.513
3009762,3937.3293
3009763,51.007645
3009764,52.859253
3009765,7.3536406
3009766,5.577853
3009767,85.45991
3009768,5711.558
3009769,50.487885
3009770,1084.7506
3009771,163.86314
3009772,1647.7878
3009773,1421.2737
3009774,688.24524
3009775,406.08368
3009776,323.9579
3009777,8638.942
3009778,355.78387
3009779,32.10654
3009780,147.4849
3009781,137.81502
3009782,32.10654
3009783,541.4806
3009784,44.122658
3009785,44.122658
3009786,440.94116
3009787,470.43906
3009788,52.749527
3009789,254.48361
3009790,659.8195
3009791,33.249268
3009792,33.249268
3009793,488.31372
3009794,163.9628
3009795,2417.9167
3009796,853.6892
3009797,-22.114948
3009798,12.952358
3009799,11.17658
3009800,-18.14733
3009801,2420.109
3009802,-13.083917
3009803,465.5062
3009804,17.595135
3009805,954.3486
3009806,949.7966
3009807,273.7008
3009808,121.15039
3009809,143.91405
3009810,3411.7566
3009811,1.5551647
3009812,0.07432878
3009813,0.07432878
3009814,17.717716
3009815,0.07432878
3009816,267.60562
3009817,12.081679
3009818,12.081679
3009819,12.081679
3009820,272.80508
3009821,24.90826
3009822,251.30164
3009823,321.66254
3009824,27.782375
3009825,115.66202
3009826,345.70248
3009827,182.78477
3009828,2340.831
3009829,82.937996
3009830,84.78956
3009831,-3.9360857
3009832,-5.7118587
3009833,-5.7118587
3009834,1698.8323
3009835,-25.275314
3009836,245.29994
3009837,-13.645986
3009838,761.42834
3009839,624.891
3009840,55.75516
3009841,80.959984
3009842,108.570114
3009843,3663.361
3009844,-2.0954533
3009845,-3.5762887
3009846,-3.5762887
3009847,-3.5762887
3009848,-3.5762887
3009849,66.97106
3009850,-1.1358054
3009851,-1.1358054
3009852,-1.1358054
3009853,49.870106
3009854,7.491068
3009855,190.94797
3009856,99.59214
3009857,-15.22302
3009858,-15.22302
3009859,227.20654
3009860,3.2783723
3009861,1096.4818
3009862,-84.30377
3009863,-46.88777
3009864,92.47123
3009865,90.69546
3009866,90.69546
3009867,4345.081
3009868,113.408615
3009869,929.7546
3009870,185.46005
3009871,1718.6766
3009872,1144.7329
3009873,697.526
3009874,557.8241
3009875,287.37537
3009876,7764.7524
3009877,39.261086
3009878,37.78025
3009879,79.567116
3009880,58.410435
3009881,37.78025
3009882,426.3231
3009883,41.523136
3009884,41.523136
3009885,41.523136
3009886,126.48525
3009887,48.4232
3009888,265.58206
3009889,474.07913
3009890,59.35644
3009891,59.35644
3009892,256.52206
3009893,125.22084
3009894,1442.7495
3009895,105.45055
3009896,75.57046
3009897,12.611059
3009898,10.835285
3009899,-11.564288
3009900,1841.3423
3009901,-4.464787
3009902,285.85767
3009903,-24.637619
3009904,780.92303
3009905,548.30743
3009906,52.84733
3009907,114.20599
3009908,95.692345
3009909,3299.4482
3009910,4.4639463
3009911,2.9831073
3009912,2.9831073
3009913,6.9877753
3009914,2.9831073
3009915,106.201675
3009916,5.4235992
3009917,5.4235992
3009918,-14.451951
3009919,17.524776
3009920,12.323671
3009921,189.4125
3009922,129.70958
3009923,-8.512909
3009924,-8.512909
3009925,123.495155
3009926,-1.803776
3009927,861.2937
3009928,-187.63493
3009929,-6.11064
3009930,12.611059
3009931,10.835285
3009932,10.835285
3009933,1768.2032
3009934,-4.464787
3009935,334.5483
3009936,-24.637619
3009937,890.2433
3009938,528.87964
3009939,115.55713
3009940,0.9527313
3009941,95.692345
3009942,3374.4458
3009943,4.4639463
3009944,2.9831073
3009945,6.9877753
3009946,6.9877753
3009947,2.9831073
3009948,118.70358
3009949,5.4235992
3009950,5.4235992
3009951,5.4235992
3009952,17.524776
3009953,12.323671
3009954,189.4125
3009955,135.6063
3009956,-8.512909
3009957,-8.512909
3009958,112.7697
3009959,-1.803776
3009960,861.2937
3009961,-113.096664
3009962,-6.11064
3009963,15.77164
3009964,13.995865
3009965,13.995865
3009966,1631.3608
3009967,11.972941
3009968,334.86987
3009969,-27.017569
3009970,868.88544
3009971,623.7784
3009972,134.0313
3009973,160.24492
3009974,116.32411
3009975,3485.3228
3009976,3.7779012
3009977,2.29707
3009978,2.29707
3009979,19.343155
3009980,2.29707
3009981,130.93924
3009982,8.017192
3009983,8.017192
3009984,8.017192
3009985,59.023106
3009986,16.644062
3009987,187.96893
3009988,180.84708
3009989,4.6063848
3009990,4.6063848
3009991,166.01
3009992,57.321823
3009993,1121.2234
3009994,-112.145744
3009995,0.4967602
3009996,12.611059
3009997,10.835285
3009998,-11.564288
3009999,1979.6862
3010000,-4.464787
3010001,308.0009
3010002,-24.637619
3010003,900.05066
3010004,528.87964
3010005,152.61314
3010006,114.20599
3010007,95.692345
3010008,3625.9053
3010009,4.4639463
3010010,2.9831073
3010011,-20.19271
3010012,2.9831073
3010013,2.9831073
3010014,118.70358
3010015,5.4235992
3010016,5.4235992
3010017,5.4235992
3010018,54.70271
3010019,12.323671
3010020,175.02527
3010021,135.6063
3010022,-8.512909
3010023,-8.512909
3010024,131.37863
3010025,1.8405752
3010026,920.97534
3010027,-187.63493
3010028,-6.11064
3010029,24.133686
3010030,22.35791
3010031,22.35791
3010032,1442.0947
3010033,8.626471
3010034,228.68954
3010035,-30.36404
3010036,804.1661
3010037,548.6862
3010038,31.698729
3010039,94.187645
3010040,107.15033
3010041,2917.5217
3010042,0.80417866
3010043,-0.6766518
3010044,-2.6494246
3010045,-2.6494246
3010046,-0.6766518
3010047,94.42378
3010048,5.043474
3010049,5.043474
3010050,5.043474
3010051,47.97277
3010052,13.670346
3010053,184.9952
3010054,119.242424
3010055,5.5000415
3010056,5.5000415
3010057,130.37927
3010058,37.846603
3010059,559.42334
3010060,6.362413
3010061,8.213989
3010062,28.72778
3010063,26.952003
3010064,74.52956
3010065,2435.5222
3010066,34.805557
3010067,530.08887
3010068,5.927887
3010069,1117.7454
3010070,952.0234
3010071,357.67624
3010072,256.19922
3010073,136.33385
3010074,4039.174
3010075,13.613893
3010076,12.133059
3010077,37.221775
3010078,37.221775
3010079,12.133059
3010080,228.87564
3010081,14.573548
3010082,14.573548
3010083,21.671654
3010084,84.56432
3010085,23.200422
3010086,192.04042
3010087,251.2094
3010088,0.43233603
3010089,0.43233603
3010090,199.0713
3010091,86.610016
3010092,833.6365
3010093,-38.04158
3010094,15.154223
3010095,1.4112601
3010096,-0.36451346
3010097,-34.853954
3010098,2524.8477
3010099,8.661185
3010100,388.33066
3010101,-24.565203
3010102,1017.24176
3010103,789.84424
3010104,193.69156
3010105,341.8732
3010106,108.49571
3010107,4500.993
3010108,6.802328
3010109,5.321494
3010110,5.321494
3010111,5.321494
3010112,5.321494
3010113,141.56621
3010114,7.761979
3010115,7.761979
3010116,-8.370236
3010117,66.903206
3010118,16.388853
3010119,195.50125
3010120,162.6451
3010121,-10.669721
3010122,-10.669721
3010123,220.08322
3010124,67.17433
3010125,1446.8038
3010126,317.01498
3010127,-17.29155
3010128,20.587515
3010129,18.811745
3010130,18.811745
3010131,2226.2087
3010132,5.9154553
3010133,332.21472
3010134,-14.2573805
3010135,927.7368
3010136,579.6892
3010137,99.20442
3010138,168.40646
3010139,113.91596
3010140,3662.9985
3010141,13.808594
3010142,12.327757
3010143,12.327757
3010144,12.327757
3010145,12.327757
3010146,161.87242
3010147,14.768245
3010148,14.768245
3010149,14.768245
3010150,64.047356
3010151,21.668312
3010152,200.7807
3010153,182.95131
3010154,2.8552852
3010155,2.8552852
3010156,124.137886
3010157,16.713148
3010158,873.65686
3010159,-172.07874
3010160,8.761932
3010161,22.259655
3010162,20.483883
3010163,53.02759
3010164,2905.247
3010165,20.82245
3010166,729.1824
3010167,51.50154
3010168,1204.52
3010169,1198.9796
3010170,424.03815
3010171,116.583824
3010172,139.34744
3010173,5326.772
3010174,0.14999148
3010175,-1.3308434
3010176,-1.3308434
3010177,53.933605
3010178,-1.3308434
3010179,398.01334
3010180,10.676512
3010181,10.676512
3010182,62.1843
3010183,369.6769
3010184,19.303389
3010185,260.3159
3010186,516.00415
3010187,52.94934
3010188,52.94934
3010189,383.02084
3010190,202.96727
3010191,2637.4531
3010192,77.58438
3010193,79.43596
3010194,-29.821888
3010195,-31.597664
3010196,80.4877
3010197,2865.1516
3010198,-32.1901
3010199,570.9828
3010200,-46.257435
3010201,1299.5284
3010202,897.29596
3010203,343.1961
3010204,283.35803
3010205,103.193634
3010206,5108.534
3010207,-5.5263906
3010208,-7.0072255
3010209,-7.0072255
3010210,72.31117
3010211,-7.0072255
3010212,216.56273
3010213,-4.3422055
3010214,-4.3422055
3010215,-4.3422055
3010216,122.60658
3010217,3.9434776
3010218,173.98004
3010219,258.37875
3010220,-17.628098
3010221,-17.628098
3010222,200.67607
3010223,97.23964
3010224,1628.1024
3010225,-59.197826
3010226,-42.789673
3010227,-33.41522
3010228,-35.190994
3010229,-51.15868
3010230,2272.873
3010231,-76.29924
3010232,334.58966
3010233,-128.32664
3010234,1168.007
3010235,633.49805
3010236,172.61804
3010237,131.28094
3010238,21.124445
3010239,4591.308
3010240,-18.011244
3010241,-19.492079
3010242,-19.492079
3010243,-8.610128
3010244,-19.492079
3010245,144.05397
3010246,-16.827057
3010247,-16.827057
3010248,-16.827057
3010249,67.81677
3010250,-8.541371
3010251,147.45903
3010252,185.87004
3010253,-28.585192
3010254,40.97297
3010255,119.69883
3010256,16.262547
3010257,1120.8405
3010258,-45.14716
3010259,-43.29558
3010260,-36.632248
3010261,-38.408012
3010262,-38.408012
3010263,1626.1501
3010264,-77.05817
3010265,229.8637
3010266,-155.02275
3010267,647.36566
3010268,463.91016
3010269,-36.425743
3010270,45.309757
3010271,10.355205
3010272,2708.2544
3010273,-13.194225
3010274,-14.675061
3010275,-6.4486403
3010276,-14.675061
3010277,-14.675061
3010278,57.553974
3010279,-12.010038
3010280,-12.010038
3010281,-12.010038
3010282,23.557632
3010283,-5.109965
3010284,139.95139
3010285,92.20436
3010286,-43.411175
3010287,-43.411175
3010288,53.246174
3010289,-12.106434
3010290,922.6531
3010291,-161.82796
3010292,-29.249107
3010293,-8.677085
3010294,-10.452859
3010295,-44.72933
3010296,1613.8486
3010297,-20.422451
3010298,253.333
3010299,-40.993954
3010300,738.87195
3010301,480.68176
3010302,11.576953
3010303,86.85149
3010304,116.59463
3010305,2793.4504
3010306,12.759027
3010307,11.278197
3010308,24.475712
3010309,-12.364253
3010310,11.278197
3010311,60.02876
3010312,13.943213
3010313,13.943213
3010314,33.50775
3010315,41.368473
3010316,22.766544
3010317,243.84697
3010318,99.758095
3010319,9.692622
3010320,9.692622
3010321,157.81723
3010322,75.54878
3010323,1380.7175
3010324,18.463795
3010325,20.315376
3010326,49.362255
3010327,47.586483
3010328,230.9075
3010329,3251.871
3010330,82.318436
3010331,738.4549
3010332,83.10596
3010333,1115.8541
3010334,1068.293
3010335,541.56464
3010336,203.84793
3010337,247.5101
3010338,3975.0154
3010339,43.201595
3010340,41.72076
3010341,65.98944
3010342,65.98944
3010343,41.72076
3010344,306.4022
3010345,44.385788
3010346,44.385788
3010347,44.385788
3010348,207.32942
3010349,53.209114
3010350,259.8178
3010351,449.3533
3010352,47.147736
3010353,47.147736
3010354,265.7389
3010355,196.84985
3010356,2446.1038
3010357,99.48483
3010358,101.33641
3010359,-15.631206
3010360,-17.406986
3010361,-27.692049
3010362,2009.682
3010363,-19.286041
3010364,279.3665
3010365,-68.16971
3010366,684.186
3010367,560.2646
3010368,13.299823
3010369,67.33155
3010370,110.99372
3010371,2602.907
3010372,2.646387
3010373,1.1655538
3010374,1.1655538
3010375,16.859657
3010376,1.1655538
3010377,82.03666
3010378,3.8305826
3010379,3.8305826
3010380,3.8305826
3010381,55.301224
3010382,12.116264
3010383,179.83197
3010384,94.12528
3010385,6.0548973
3010386,6.0548973
3010387,158.30997
3010388,60.448303
3010389,1287.0618
3010390,28.203693
3010391,30.055275
3010392,-26.177073
3010393,-27.952845
3010394,-27.952845
3010395,1749.4048
3010396,-38.07187
3010397,321.90448
3010398,-53.895992
3010399,727.9449
3010400,512.45764
3010401,58.559467
3010402,68.343834
3010403,112.006
3010404,2993.8523
3010405,-11.145931
3010406,-12.626771
3010407,-12.626771
3010408,-12.626771
3010409,-12.626771
3010410,54.636734
3010411,-9.961745
3010412,-9.961745
3010413,-9.961745
3010414,8.316245
3010415,-1.1384125
3010416,174.59013
3010417,59.880524
3010418,-14.095828
3010419,-14.095828
3010420,130.9435
3010421,46.544464
3010422,1176.553
3010423,0.6794769
3010424,2.5310564
3010425,28.403265
3010426,26.627485
3010427,104.2023
3010428,2624.9539
3010429,63.745155
3010430,641.1097
3010431,45.676544
3010432,933.6376
3010433,940.0179
3010434,414.52188
3010435,180.4505
3010436,224.11267
3010437,3722.6956
3010438,31.716162
3010439,30.235329
3010440,87.62893
3010441,42.281162
3010442,30.235329
3010443,282.6939
3010444,32.900345
3010445,32.900345
3010446,32.900345
3010447,260.911
3010448,41.72367
3010449,209.43935
3010450,390.97177
3010451,35.6623
3010452,35.6623
3010453,207.80612
3010454,138.91708
3010455,2061.074
3010456,91.829575
3010457,93.68115
3010458,9.9019
3010459,8.126128
3010460,8.126128
3010461,2903.7043
3010462,-1.9928975
3010463,495.61588
3010464,-17.81702
3010465,1174.5383
3010466,918.22424
3010467,322.81754
3010468,472.428
3010469,148.08499
3010470,4277.71
3010471,5.492492
3010472,4.0116515
3010473,24.103516
3010474,29.552841
3010475,4.0116515
3010476,197.646
3010477,6.676678
3010478,6.676678
3010479,6.676678
3010480,77.83623
3010481,15.500009
3010482,185.90514
3010483,282.535
3010484,2.5425935
3010485,2.5425935
3010486,161.88849
3010487,63.18288
3010488,1212.8701
3010489,22.690136
3010490,24.541718
3010491,-21.85511
3010492,-23.630884
3010493,-23.630884
3010494,2634.554
3010495,-33.74991
3010496,459.14633
3010497,-49.574024
3010498,1048.2284
3010499,824.2909
3010500,268.408
3010501,378.49484
3010502,116.327965
3010503,3903.3032
3010504,-6.2104177
3010505,-7.69126
3010506,17.84993
3010507,-7.69126
3010508,-7.69126
3010509,219.54129
3010510,-5.0262322
3010511,-5.0262322
3010512,-5.0262322
3010513,61.42076
3010514,3.7970972
3010515,174.20222
3010516,214.1345
3010517,-9.160317
3010518,-9.160317
3010519,112.12228
3010520,51.47997
3010521,1193.135
3010522,2.955144
3010523,4.806726
3010524,80.64335
3010525,78.86759
3010526,345.34448
3010527,7547.3955
3010528,282.85263
3010529,1500.6779
3010530,361.39737
3010531,1970.3086
3010532,2234.9482
3010533,1015.62695
3010534,339.03012
3010535,361.79382
3010536,7813.1025
3010537,66.968925
3010538,65.48809
3010539,65.48809
3010540,221.80797
3010541,65.48809
3010542,654.2369
3010543,73.453316
3010544,73.453316
3010545,73.453316
3010546,359.1705
3010547,82.08019
3010548,354.07086
3010549,777.9738
3010550,146.7043
3010551,146.7043
3010552,733.06494
3010553,607.48535
3010554,4628.968
3010555,192.7167
3010556,194.56824
3010557,-27.55559
3010558,-29.33136
3010559,-29.33136
3010560,1628.2289
3010561,-41.634373
3010562,265.19165
3010563,-57.458485
3010564,707.4638
3010565,439.42554
3010566,44.97398
3010567,39.54581
3010568,110.36679
3010569,2788.9814
3010570,-12.17162
3010571,-13.65246
3010572,-20.08472
3010573,-20.08472
3010574,-13.65246
3010575,-15.249633
3010576,-10.987434
3010577,-10.987434
3010578,-10.987434
3010579,38.291668
3010580,-4.087362
3010581,165.94914
3010582,5.6123786
3010583,-13.546018
3010584,-13.546018
3010585,102.4877
3010586,44.179455
3010587,550.62134
3010588,-2.9786391
3010589,-1.1270571
3010590,41.23831
3010591,39.462543
3010592,39.462543
3010593,2742.45
3010594,21.62865
3010595,463.74255
3010596,19.8577
3010597,1353.6139
3010598,636.92883
3010599,91.097275
3010600,172.83293
3010601,191.28064
3010602,4965.0176
3010603,18.706469
3010604,17.225632
3010605,37.603752
3010606,-8.925595
3010607,17.225632
3010608,130.04292
3010609,20.991997
3010610,20.991997
3010611,20.991997
3010612,84.54534
3010613,27.892069
3010614,226.47397
3010615,166.1088
3010616,20.248293
3010617,20.248293
3010618,141.53094
3010619,79.6827
3010620,1127.1246
3010621,40.556705
3010622,42.408276
3010623,-30.634579
3010624,-32.410355
3010625,-32.410355
3010626,1657.6348
3010627,-44.713367
3010628,262.11264
3010629,-60.537487
3010630,704.3848
3010631,466.53906
3010632,67.92683
3010633,36.466816
3010634,107.287796
3010635,2843.6006
3010636,-15.250622
3010637,-16.731457
3010638,-16.731457
3010639,-16.731457
3010640,-16.731457
3010641,-4.9949374
3010642,-14.066433
3010643,-14.066433
3010644,-14.066433
3010645,-15.378555
3010646,-7.1663613
3010647,162.87013
3010648,2.5333862
3010649,-16.625011
3010650,-16.625011
3010651,99.40871
3010652,41.100456
3010653,1053.6998
3010654,-6.0576367
3010655,-4.206054
3010656,22.29208
3010657,20.516312
3010658,20.516312
3010659,2038.755
3010660,30.605547
3010661,404.3381
3010662,8.111916
3010663,920.3528
3010664,635.09784
3010665,120.80411
3010666,123.331406
3010667,170.16452
3010668,3465.076
3010669,10.609927
3010670,9.129096
3010671,4.124929
3010672,4.124929
3010673,9.129096
3010674,24.620422
3010675,11.794109
3010676,11.794109
3010677,11.794109
3010678,61.07321
3010679,18.694178
3010680,188.73074
3010681,61.049297
3010682,0.98999846
3010683,0.98999846
3010684,177.92809
3010685,119.61974
3010686,1696.0914
3010687,1.1476109
3010688,2.999189
3010689,42.447437
3010690,40.671665
3010691,40.671665
3010692,2490.424
3010693,36.582203
3010694,452.00833
3010695,34.811253
3010696,1315.0997
3010697,631.78937
3010698,99.97124
3010699,71.667625
3010700,197.22218
3010701,5128.195
3010702,28.041355
3010703,26.56052
3010704,26.56052
3010705,49.448006
3010706,26.56052
3010707,146.25867
3010708,29.225542
3010709,29.225542
3010710,29.225542
3010711,78.50463
3010712,36.12561
3010713,209.39876
3010714,184.03166
3010715,26.036228
3010716,26.036228
3010717,147.31885
3010718,81.966286
3010719,612.7709
3010720,40.62733
3010721,42.47891
3010722,-7.4578533
3010723,-9.233619
3010724,-9.233619
3010725,1766.0798
3010726,-29.986843
3010727,253.42256
3010728,-107.95146
3010729,670.48724
3010730,492.18124
3010731,-47.90138
3010732,33.83414
3010733,65.93121
3010734,2940.1343
3010735,1.2006974
3010736,-0.280137
3010737,-0.280137
3010738,-0.280137
3010739,-0.280137
3010740,24.769827
3010741,2.384885
3010742,2.384885
3010743,2.384885
3010744,24.665892
3010745,9.284958
3010746,154.34628
3010747,36.929848
3010748,-25.148865
3010749,-25.148865
3010750,66.259575
3010751,7.951325
3010752,983.3747
3010753,11.0774555
3010754,12.929032
3010755,11.31006
3010756,9.534294
3010757,9.534294
3010758,2993.069
3010759,15.563464
3010760,536.07367
3010761,-0.26063365
3010762,1085.5101
3010763,745.4822
3010764,225.80333
3010765,350.12894
3010766,160.22705
3010767,4525.282
3010768,20.28238
3010769,18.801542
3010770,18.801542
3010771,44.342724
3010772,18.801542
3010773,250.0705
3010774,21.466566
3010775,21.466566
3010776,21.466566
3010777,92.106255
3010778,30.289896
3010779,200.695
3010780,306.99802
3010781,17.332489
3010782,17.332489
3010783,138.6151
3010784,77.97279
3010785,1479.2135
3010786,35.267117
3010787,37.118702
3010788,29.47418
3010789,27.698408
3010790,155.93848
3010791,2461.9414
3010792,45.027798
3010793,616.42236
3010794,29.203688
3010795,1042.4933
3010796,944.6683
3010797,430.69373
3010798,138.51324
3010799,182.17542
3010800,4116.899
3010801,28.242907
3010802,26.762077
3010803,26.762077
3010804,99.1976
3010805,26.762077
3010806,286.72186
3010807,29.427095
3010808,29.427095
3010809,29.427095
3010810,152.93033
3010811,38.25042
3010812,215.32713
3010813,365.0611
3010814,35.832
3010815,35.832
3010816,162.43633
3010817,129.92647
3010818,1910.2095
3010819,70.33654
3010820,72.18812
3010821,47.08343
3010822,45.307667
3010823,80.49148
3010824,2303.364
3010825,64.352295
3010826,594.40265
3010827,48.528194
3010828,1020.4737
3010829,827.1563
3010830,408.674
3010831,157.83774
3010832,201.49994
3010833,4124.417
3010834,33.347504
3010835,31.86667
3010836,68.698006
3010837,68.698006
3010838,31.86667
3010839,257.9358
3010840,34.531696
3010841,34.531696
3010842,34.531696
3010843,236.153
3010844,43.355022
3010845,218.05458
3010846,333.89783
3010847,38.55945
3010848,38.55945
3010849,154.59317
3010850,122.083336
3010851,1599.5396
3010852,73.06399
3010853,74.915565
3010854,54.925007
3010855,53.149235
3010856,53.149235
3010857,3035.1694
3010858,60.35999
3010859,594.6208
3010860,58.58903
3010861,1395.7175
3010862,1075.1559
3010863,353.90393
3010864,520.54675
3010865,213.48402
3010866,5568.1855
3010867,35.297935
3010868,33.8171
3010869,33.8171
3010870,82.30129
3010871,33.8171
3010872,249.87024
3010873,36.48213
3010874,36.48213
3010875,91.33333
3010876,125.20216
3010877,43.382195
3010878,220.94981
3010879,291.9377
3010880,37.58726
3010881,37.58726
3010882,158.8699
3010883,97.021706
3010884,1261.7133
3010885,108.94909
3010886,64.04843
3010887,3.4767416
3010888,1.7009683
3010889,2.1940346
3010890,2728.9072
3010891,-19.171883
3010892,555.91254
3010893,26.317522
3010894,1012.1795
3010895,1021.257
3010896,373.88425
3010897,131.4471
3010898,154.21071
3010899,4235.1445
3010900,-5.266634
3010901,-6.747469
3010902,-6.747469
3010903,-6.747469
3010904,-6.747469
3010905,185.4067
3010906,-2.0618691
3010907,-2.0618691
3010908,-2.0618691
3010909,140.4535
3010910,6.5650043
3010911,232.9584
3010912,339.67856
3010913,18.231215
3010914,18.231215
3010915,350.2527
3010916,179.52328
3010917,2163.1506
3010918,52.164597
3010919,54.016167
3010920,40.960506
3010921,39.184734
3010922,39.184734
3010923,2845.4482
3010924,58.229362
3010925,556.5652
3010926,42.405262
3010927,1345.6019
3010928,783.76416
3010929,265.8735
3010930,304.81732
3010931,197.30028
3010932,4424.256
3010933,29.147831
3010934,27.666998
3010935,57.912704
3010936,27.666998
3010937,27.666998
3010938,259.06073
3010939,30.332018
3010940,30.332018
3010941,30.332018
3010942,103.75295
3010943,37.232086
3010944,211.56303
3010945,297.89157
3010946,32.067894
3010947,32.067894
3010948,179.19606
3010949,93.29777
3010950,1239.7507
3010951,58.472942
3010952,60.32452
3010953,27.869972
3010954,26.09421
3010955,61.27802
3010956,2207.481
3010957,46.061447
3010958,549.79285
3010959,30.237343
3010960,975.86383
3010961,919.38293
3010962,364.06427
3010963,139.54689
3010964,183.20909
3010965,3744.803
3010966,22.907341
3010967,21.426498
3010968,21.426498
3010969,58.25783
3010970,21.426498
3010971,171.1168
3010972,24.09153
3010973,24.09153
3010974,24.09153
3010975,106.379875
3010976,32.91485
3010977,207.61443
3010978,274.64832
3010979,28.11929
3010980,126.592354
3010981,144.15302
3010982,111.643166
3010983,1650.7145
3010984,45.58485
3010985,47.43643
3010986,-26.986034
3010987,-28.761805
3010988,99.47822
3010989,2204.393
3010990,-23.738539
3010991,525.0845
3010992,-39.56264
3010993,951.15546
3010994,853.3304
3010995,339.3559
3010996,69.7468
3010997,113.409004
3010998,3290.1028
3010999,10.464179
3011000,8.983344
3011001,8.983344
3011002,94.48303
3011003,8.983344
3011004,246.37173
3011005,11.648367
3011006,11.648367
3011007,103.51504
3011008,224.5888
3011009,20.471695
3011010,194.9138
3011011,322.07623
3011012,15.418663
3011013,15.418663
3011014,142.023
3011015,109.51312
3011016,1872.7571
3011017,32.884228
3011018,34.735806
3011019,13.184768
3011020,11.408992
3011021,46.59282
3011022,3502.4792
3011023,31.27292
3011024,536.779
3011025,15.448827
3011026,1091.3097
3011027,904.9276
3011028,333.11032
3011029,315.39346
3011030,168.42053
3011031,4467.9375
3011032,5.6282187
3011033,4.1473804
3011034,40.978703
3011035,40.978703
3011036,4.1473804
3011037,196.52925
3011038,10.890826
3011039,10.890826
3011040,10.890826
3011041,121.15402
3011042,19.714151
3011043,210.48381
3011044,301.78275
3011045,27.121279
3011046,27.121279
3011047,148.4039
3011048,91.26595
3011049,820.62823
3011050,29.7316
3011051,31.583178
3011052,65.048584
3011053,63.272793
3011054,138.45924
3011055,8919.458
3011056,131.42102
3011057,1460.3116
3011058,271.42612
3011059,2315.9775
3011060,2812.0928
3011061,646.7331
3011062,420.24384
3011063,640.2047
3011064,9743.401
3011065,55.384808
3011066,53.903973
3011067,210.65247
3011068,134.16185
3011069,53.903973
3011070,703.84753
3011071,336.4628
3011072,56.36022
3011073,336.4628
3011074,393.24283
3011075,75.534744
3011076,523.3497
3011077,912.953
3011078,125.01676
3011079,357.8423
3011080,783.05774
3011081,537.4028
3011082,7133.256
3011083,591.57666
3011084,158.31395
3011085,59.279957
3011086,57.50417
3011087,46.805397
3011088,8348.134
3011089,92.34827
3011090,1385.4595
3011091,232.3535
3011092,2181.651
3011093,2554.5225
3011094,578.0319
3011095,387.32233
3011096,607.2832
3011097,9659.286
3011098,28.63054
3011099,27.149706
3011100,27.149706
3011101,77.791916
3011102,27.149706
3011103,390.51352
3011104,192.35017
3011105,29.605984
3011106,297.12045
3011107,253.58835
3011108,48.780502
3011109,496.59543
3011110,1043.9397
3011111,94.39507
3011112,94.39507
3011113,743.3579
3011114,471.41818
3011115,6002.728
3011116,602.9573
3011117,141.79707
3011118,22.145283
3011119,20.369534
3011120,-89.30636
3011121,5950.4775
3011122,34.144848
3011123,1195.3126
3011124,80.866554
3011125,1995.9866
3011126,2410.9106
3011127,431.36285
3011128,258.49414
3011129,478.45517
3011130,9313.115
3011131,31.331879
3011132,29.851044
3011133,29.851044
3011134,78.47511
3011135,29.851044
3011136,339.285
3011137,98.14863
3011138,32.30732
3011139,99.20281
3011140,250.04991
3011141,51.48184
3011142,488.2723
3011143,792.8282
3011144,63.6365
3011145,280.9554
3011146,686.0629
3011147,301.85754
3011148,4436.8813
3011149,328.2898
3011150,101.3646
3011151,39.278282
3011152,37.502533
3011153,-63.735535
3011154,6275.1333
3011155,51.27784
3011156,1220.8834
3011157,97.99954
3011158,2021.5574
3011159,2436.4814
3011160,456.93356
3011161,275.62714
3011162,495.58817
3011163,9426.562
3011164,48.46486
3011165,46.984024
3011166,141.06032
3011167,24.952059
3011168,46.984024
3011169,610.2885
3011170,218.84076
3011171,49.440308
3011172,218.84076
3011173,275.6207
3011174,68.61481
3011175,505.4053
3011176,1299.772
3011177,80.769485
3011178,80.769485
3011179,698.01117
3011180,373.4835
3011181,4516.9453
3011182,408.35358
3011183,172.99065
3011184,-7.487371
3011185,-9.263137
3011186,-175.63152
3011187,4490.031
3011188,-6.3420286
3011189,1050.9675
3011190,33.60599
3011191,1825.8392
3011192,1810.066
3011193,359.71854
3011194,225.121
3011195,445.08185
3011196,7594.942
3011197,31.571228
3011198,30.090393
3011199,123.02527
3011200,71.06085
3011201,30.090393
3011202,549.8421
3011203,208.33014
3011204,33.21531
3011205,93.59852
3011206,150.37863
3011207,52.389828
3011208,422.55652
3011209,745.67566
3011210,55.774693
3011211,55.774693
3011212,614.7386
3011213,149.983
3011214,3260.2996
3011215,136.38165
3011216,-38.92545
3011217,17.374838
3011218,15.599078
3011219,122.889656
3011220,6146.9556
3011221,21.5662
3011222,1337.8011
3011223,97.33726
3011224,1995.2782
3011225,2588.7642
3011226,506.41785
3011227,275.89258
3011228,495.85355
3011229,8078.122
3011230,39.79877
3011231,38.317947
3011232,215.2055
3011233,160.42415
3011234,38.317947
3011235,393.325
3011236,318.96286
3011237,41.44285
3011238,41.44285
3011239,375.74295
3011240,60.617367
3011241,420.25174
3011242,812.0089
3011243,75.90541
3011244,75.90541
3011245,599.7539
3011246,343.22742
3011247,4553.932
3011248,919.8905
3011249,92.1149
3011250,-8.369084
3011251,-10.144857
3011252,-133.95467
3011253,2203.12
3011254,-43.877167
3011255,226.19742
3011256,9.744327
3011257,745.29443
3011258,578.78186
3011259,93.511604
3011260,123.960365
3011261,146.72401
3011262,3609.6697
3011263,-4.869007
3011264,-6.349841
3011265,-6.349841
3011266,-6.3290453
3011267,-6.349841
3011268,80.24556
3011269,1.615386
3011270,1.615386
3011271,1.615386
3011272,21.293922
3011273,10.242264
3011274,241.67485
3011275,165.49821
3011276,39.060627
3011277,39.060627
3011278,312.79477
3011279,150.03639
3011280,1589.5408
3011281,37.452026
3011282,39.303574
3011283,9.014141
3011284,7.2383757
3011285,-203.61937
3011286,3631.8198
3011287,2.7081964
3011288,952.368
3011289,21.993532
3011290,1633.1077
3011291,1587.8478
3011292,187.13092
3011293,199.30728
3011294,419.26813
3011295,6768.806
3011296,24.223734
3011297,22.742897
3011298,22.742897
3011299,36.132694
3011300,22.742897
3011301,256.95554
3011302,66.58496
3011303,21.789385
3011304,21.789385
3011305,200.0703
3011306,36.508778
3011307,421.78885
3011308,611.84045
3011309,30.72272
3011310,30.72272
3011311,403.91528
3011312,185.10832
3011313,3338.6985
3011314,474.15424
3011315,54.696404
3011316,31.076761
3011317,29.300993
3011318,4.0187445
3011319,4364.66
3011320,59.4846
3011321,1105.2292
3011322,83.5173
3011323,1738.2147
3011324,1739.3668
3011325,292.3312
3011326,246.38538
3011327,451.92722
3011328,6162.178
3011329,35.68724
3011330,34.206398
3011331,34.206398
3011332,49.829952
3011333,34.206398
3011334,262.23743
3011335,33.2529
3011336,33.2529
3011337,33.2529
3011338,205.35228
3011339,47.972294
3011340,410.20898
3011341,638.0045
3011342,59.545307
3011343,59.545307
3011344,569.85126
3011345,386.1597
3011346,4028.6362
3011347,92.26484
3011348,100.396614
3011349,-34.142662
3011350,-35.791893
3011351,-31.535976
3011352,4558.2183
3011353,-80.5383
3011354,1038.2021
3011355,-264.5362
3011356,1627.5879
3011357,1973.7682
3011358,224.32808
3011359,-81.93313
3011360,138.02791
3011361,6467.742
3011362,-36.111294
3011363,-37.59213
3011364,33.307465
3011365,33.307465
3011366,-37.59213
3011367,234.78865
3011368,-38.545612
3011369,-38.545612
3011370,-38.545612
3011371,217.20653
3011372,-23.82621
3011373,226.40634
3011374,622.65015
3011375,-39.517994
3011376,-39.517994
3011377,126.824165
3011378,8.721632
3011379,4134.722
3011380,-38.996735
3011381,-37.145157
3011382,-13.3859415
3011383,-15.161706
3011384,-0.49531478
3011385,1905.805
3011386,-47.26206
3011387,408.04105
3011388,-135.19759
3011389,810.7671
3011390,647.60724
3011391,241.30055
3011392,-6.9004097
3011393,36.76177
3011394,3262.1533
3011395,-11.417307
3011396,-12.898142
3011397,-12.898142
3011398,32.308384
3011399,-12.898142
3011400,161.66388
3011401,-10.233114
3011402,-10.233114
3011403,-10.233114
3011404,139.881
3011405,-1.4097891
3011406,158.99312
3011407,204.30531
3011408,-24.3694
3011409,-24.3694
3011410,93.74417
3011411,47.37481
3011412,1374.7306
3011413,44.27226
3011414,46.123837
3011415,-12.511703
3011416,-14.287486
3011417,19.108442
3011418,2124.747
3011419,-19.605434
3011420,367.3341
3011421,-45.400486
3011422,862.77234
3011423,637.9424
3011424,120.7202
3011425,183.83435
3011426,117.01036
3011427,3473.111
3011428,-9.114387
3011429,-10.595223
3011430,24.4482
3011431,24.4482
3011432,-10.595223
3011433,112.14705
3011434,-7.930202
3011435,-7.930202
3011436,-7.930202
3011437,41.3489
3011438,-1.0301294
3011439,163.31268
3011440,150.51648
3011441,-16.182432
3011442,-16.182432
3011443,98.385254
3011444,33.452267
3011445,574.3859
3011446,-3.8007712
3011447,-1.9491878
3011448,52.77481
3011449,50.99904
3011450,78.965225
3011451,3071.6257
3011452,57.08551
3011453,665.535
3011454,87.76457
3011455,1164.2053
3011456,1128.4923
3011457,480.95972
3011458,165.534
3011459,188.2976
3011460,4372.5225
3011461,21.143257
3011462,19.662416
3011463,75.57007
3011464,41.624084
3011465,19.662416
3011466,327.84607
3011467,24.348026
3011468,24.348026
3011469,177.5913
3011470,125.15768
3011471,32.974903
3011472,263.6232
3011473,453.58472
3011474,56.256657
3011475,56.256657
3011476,399.26144
3011477,226.16574
3011478,2274.9624
3011479,81.206245
3011480,83.05782
3011481,45.04949
3011482,43.27372
3011483,155.62657
3011484,4233.261
3011485,65.03003
3011486,873.6905
3011487,143.57469
3011488,1302.982
3011489,1325.5475
3011490,625.2703
3011491,209.28767
3011492,232.05128
3011493,4911.052
3011494,22.164341
3011495,20.683504
3011496,113.27851
3011497,222.92474
3011498,20.683504
3011499,455.19498
3011500,28.648752
3011501,28.648752
3011502,28.648752
3011503,339.8368
3011504,37.27563
3011505,272.96323
3011506,569.6372
3011507,65.59658
3011508,65.59658
3011509,460.35895
3011510,334.77936
3011511,2964.9468
3011512,121.87189
3011513,123.723495
3011514,45.04949
3011515,43.27372
3011516,155.62657
3011517,4208.2725
3011518,65.03003
3011519,880.7507
3011520,143.57469
3011521,1323.5298
3011522,1220.931
3011523,645.81805
3011524,209.28767
3011525,232.05128
3011526,5034.02
3011527,22.164341
3011528,20.683504
3011529,87.77037
3011530,87.77037
3011531,20.683504
3011532,368.17325
3011533,28.648752
3011534,28.648752
3011535,91.978935
3011536,308.01373
3011537,37.27563
3011538,272.96323
3011539,576.6974
3011540,65.59658
3011541,65.59658
3011542,460.35895
3011543,334.77936
3011544,3531.6233
3011545,121.87189
3011546,123.723495
3011547,-3.0152636
3011548,-4.7910347
3011549,123.05062
3011550,4011.3306
3011551,3.8248358
3011552,801.63275
3011553,92.12213
3011554,1598.6133
3011555,1132.3622
3011556,385.0794
3011557,509.40747
3011558,220.43372
3011559,7353.123
3011560,21.038021
3011561,19.557184
3011562,19.557184
3011563,78.98423
3011564,19.557184
3011565,430.99207
3011566,27.522444
3011567,27.522444
3011568,122.53637
3011569,302.67722
3011570,36.149323
3011571,221.74715
3011572,512.2045
3011573,19.601322
3011574,19.601322
3011575,370.61383
3011576,197.72449
3011577,1860.9393
3011578,746.91254
3011579,26.85239
3011580,9.674575
3011581,7.898802
3011582,7.898802
3011583,2375.9888
3011584,-17.847113
3011585,562.5037
3011586,4.258785
3011587,906.20184
3011588,911.9607
3011589,272.2546
3011590,130.08742
3011591,166.75026
3011592,3439.6829
3011593,5.03409
3011594,3.5532548
3011595,3.5532548
3011596,64.63
3011597,3.5532548
3011598,305.8749
3011599,15.560611
3011600,15.560611
3011601,15.560611
3011602,134.46805
3011603,32.15543
3011604,243.31079
3011605,348.57788
3011606,16.028309
3011607,167.19395
3011608,337.57678
3011609,177.92575
3011610,2312.6758
3011611,59.84247
3011612,61.69404
3011613,-9.829328
3011614,-11.605098
3011615,-11.605098
3011616,1663.0768
3011617,-32.65397
3011618,220.34683
3011619,-29.597792
3011620,732.5154
3011621,599.9377
3011622,76.30504
3011623,14.674006
3011624,128.79091
3011625,3140.3079
3011626,-1.2319887
3011627,-2.7128253
3011628,-2.7128253
3011629,-24.43231
3011630,-2.7128253
3011631,82.925316
3011632,-0.27233917
3011633,-0.27233917
3011634,-0.27233917
3011635,54.50182
3011636,12.122779
3011637,196.00148
3011638,89.64643
3011639,-13.932711
3011640,-13.932711
3011641,230.77554
3011642,5.6076455
3011643,615.9538
3011644,-193.54414
3011645,-57.991165
3011646,87.4581
3011647,85.68233
3011648,69.33549
3011649,3964.004
3011650,106.91009
3011651,938.1685
3011652,170.38838
3011653,1542.3192
3011654,1115.3572
3011655,687.9999
3011656,248.8351
3011657,308.47635
3011658,6798.1064
3011659,46.04386
3011660,44.563026
3011661,97.12934
3011662,97.12934
3011663,44.563026
3011664,441.77353
3011665,48.305912
3011666,107.23926
3011667,48.305912
3011668,137.0287
3011669,58.97422
3011670,271.51566
3011671,486.2363
3011672,61.52685
3011673,61.52685
3011674,260.97116
3011675,134.28622
3011676,2769.468
3011677,57.215073
3011678,82.560814
3011679,8.009195
3011680,6.233423
3011681,6.233423
3011682,1710.9756
3011683,-10.552068
3011684,274.90454
3011685,-39.298027
3011686,800.6323
3011687,504.4387
3011688,34.751022
3011689,47.81861
3011690,117.20451
3011691,2835.1104
3011692,3.4022694
3011693,1.9214308
3011694,8.616236
3011695,1.9214308
3011696,1.9214308
3011697,112.57826
3011698,4.3619237
3011699,4.3619237
3011700,-20.577255
3011701,28.530315
3011702,15.030236
3011703,195.7574
3011704,132.84865
3011705,-5.931222
3011706,-5.931222
3011707,128.35553
3011708,1.8168669
3011709,643.5283
3011710,-234.75215
3011711,-4.565063
3011712,8.009195
3011713,6.233423
3011714,-39.56467
3011715,1710.9756
3011716,-10.552068
3011717,310.88657
3011718,-39.298027
3011719,756.4821
3011720,504.4387
3011721,65.382645
3011722,47.81861
3011723,117.20451
3011724,2935.321
3011725,3.4022694
3011726,1.9214308
3011727,1.9214308
3011728,1.9214308
3011729,1.9214308
3011730,88.132355
3011731,4.3619237
3011732,4.3619237
3011733,4.3619237
3011734,38.441246
3011735,15.030236
3011736,195.7574
3011737,126.95192
3011738,-5.931222
3011739,-5.931222
3011740,117.630066
3011741,1.8168669
3011742,348.4087
3011743,-234.75215
3011744,-4.565063
3011745,12.493858
3011746,10.718081
3011747,10.718081
3011748,1560.6531
3011749,7.2097416
3011750,346.65494
3011751,-40.353897
3011752,865.6195
3011753,615.9876
3011754,91.85724
3011755,80.96082
3011756,139.1604
3011757,3041.4983
3011758,6.525181
3011759,5.0443473
3011760,5.0443473
3011761,5.0443473
3011762,5.0443473
3011763,143.94899
3011764,10.764475
3011765,10.764475
3011766,10.764475
3011767,83.492065
3011768,23.15959
3011769,195.63791
3011770,194.7396
3011771,8.51215
3011772,8.51215
3011773,172.19446
3011774,68.122604
3011775,705.7771
3011776,-104.343056
3011777,-2.1351335
3011778,8.009195
3011779,6.233423
3011780,6.233423
3011781,2001.2167
3011782,-10.552068
3011783,284.33908
3011784,-39.298027
3011785,803.9243
3011786,508.8912
3011787,34.751022
3011788,47.81861
3011789,117.20451
3011790,2914.9282
3011791,3.4022694
3011792,1.9214308
3011793,1.9214308
3011794,8.616236
3011795,1.9214308
3011796,112.57826
3011797,4.3619237
3011798,4.3619237
3011799,4.3619237
3011800,57.409275
3011801,15.030236
3011802,195.7574
3011803,137.30116
3011804,-5.931222
3011805,-5.931222
3011806,117.630066
3011807,37.389633
3011808,1037.3055
3011809,-228.19096
3011810,-4.565063
3011811,16.134468
3011812,14.358693
3011813,14.358693
3011814,1273.9412
3011815,-0.8581615
3011816,223.38248
3011817,-48.4218
3011818,743.0068
3011819,543.37897
3011820,14.796071
3011821,54.24682
3011822,125.26513
3011823,2617.4185
3011824,-1.1699753
3011825,-2.6508121
3011826,-2.6508121
3011827,6.1558676
3011828,-2.6508121
3011829,66.88773
3011830,3.0693188
3011831,3.0693188
3011832,3.0693188
3011833,50.025826
3011834,15.464437
3011835,187.94273
3011836,111.58455
3011837,4.6843724
3011838,4.6843724
3011839,131.84227
3011840,43.925934
3011841,687.058
3011842,-0.99091643
3011843,0.8606611
3011844,25.449997
3011845,23.674225
3011846,55.942593
3011847,2411.8645
3011848,30.04236
3011849,522.2981
3011850,-7.4084625
3011851,1020.24506
3011852,832.3518
3011853,349.88565
3011854,142.03064
3011855,159.17004
3011856,3604.949
3011857,13.876306
3011858,12.395468
3011859,48.26362
3011860,12.395468
3011861,12.395468
3011862,217.10727
3011863,14.835961
3011864,14.835961
3011865,57.071163
3011866,95.60618
3011867,27.231077
3011868,199.7094
3011869,259.20523
3011870,4.3381033
3011871,4.3381033
3011872,201.48267
3011873,97.4108
3011874,2151.5793
3011875,-97.08423
3011876,12.522332
3011877,3.799271
3011878,2.0234923
3011879,-19.32569
3011880,2481.8403
3011881,9.563778
3011882,384.36722
3011883,-32.23575
3011884,977.7806
3011885,738.2633
3011886,176.24063
3011887,68.68728
3011888,129.15443
3011889,3777.1843
3011890,5.3961077
3011891,3.9152727
3011892,32.732483
3011893,32.732483
3011894,3.9152727
3011895,123.152306
3011896,6.3557577
3011897,-8.077645
3011898,7.8541193
3011899,60.433365
3011900,18.750874
3011901,199.47804
3011902,161.97188
3011903,-10.456122
3011904,-10.456122
3011905,181.84415
3011906,68.426895
3011907,2695.8037
3011908,403.07974
3011909,-29.471668
3011910,15.326578
3011911,13.550807
3011912,-34.75665
3011913,2049.5298
3011914,-0.8308955
3011915,356.58438
3011916,-29.576874
3011917,835.17255
3011918,550.1367
3011919,80.449066
3011920,55.03042
3011921,126.9257
3011922,2999.904
3011923,13.123436
3011924,11.642599
3011925,11.642599
3011926,11.642599
3011927,11.642599
3011928,158.27634
3011929,14.083089
3011930,14.083089
3011931,14.083089
3011932,67.13045
3011933,24.751402
3011934,205.47856
3011935,178.54666
3011936,3.7899475
3011937,3.7899475
3011938,127.351234
3011939,18.686773
3011940,708.1107
3011941,-182.49294
3011942,8.660494
3011943,18.981869
3011944,17.206099
3011945,94.59819
3011946,2845.4348
3011947,16.059252
3011948,721.3916
3011949,38.16518
3011950,1219.145
3011951,1177.7378
3011952,416.24744
3011953,125.52085
3011954,162.18367
3011955,4631.697
3011956,3.6289148
3011957,2.1480842
3011958,68.835175
3011959,2.1480842
3011960,2.1480842
3011961,411.7547
3011962,14.155437
3011963,14.155437
3011964,14.155437
3011965,383.41824
3011966,26.55057
3011967,252.32501
3011968,502.56345
3011969,41.195282
3011970,41.195282
3011971,373.5455
3011972,198.10825
3011973,2519.6504
3011974,50.66773
3011975,52.5193
3011976,-24.394659
3011977,-26.170437
3011978,70.60578
3011979,2670.0574
3011980,-28.248287
3011981,571.89703
3011982,-50.888775
3011983,1144.4648
3011984,844.62885
3011985,344.11053
3011986,173.24327
3011987,119.940926
3011988,4488.4097
3011989,-6.5671926
3011990,-8.048027
3011991,-8.048027
3011992,82.049835
3011993,-8.048027
3011994,224.18959
3011995,-5.3830047
3011996,136.68231
3011997,91.081894
3011998,132.34532
3011999,6.670922
3012000,176.86589
3012001,267.48822
3012002,-18.50545
3012003,-18.50545
3012004,202.07741
3012005,103.25731
3012006,2276.7744
3012007,-34.439026
3012008,-36.64288
3012009,-32.70943
3012010,-34.485207
3012011,-65.76209
3012012,2289.6965
3012013,-77.07887
3012014,320.04742
3012015,-137.67938
3012016,1020.8875
3012017,658.43286
3012018,158.07585
3012019,-23.285107
3012020,33.150204
3012021,3951.5847
3012022,-23.773481
3012023,-25.254316
3012024,5.1148734
3012025,-8.082567
3012026,-25.254316
3012027,136.22432
3012028,-22.589296
3012029,-6.9291186
3012030,-22.589296
3012031,45.65013
3012032,-10.535368
3012033,145.62344
3012034,179.52292
3012035,-34.183975
3012036,64.91865
3012037,116.378746
3012038,17.558779
3012039,1575.1598
3012040,-43.7218
3012041,-41.87022
3012042,-27.705269
3012043,-29.481033
3012044,-29.481033
3012045,1478.9849
3012046,-69.6166
3012047,216.33778
3012048,-156.15433
3012049,651.7797
3012050,469.10315
3012051,-25.667164
3012052,-37.196484
3012053,30.602154
3012054,2458.6924
3012055,-10.735277
3012056,-12.216112
3012057,6.7897563
3012058,6.7897563
3012059,-12.216112
3012060,83.42055
3012061,-9.551091
3012062,-9.551091
3012063,-9.551091
3012064,59.975117
3012065,1.1172252
3012066,146.33699
3012067,104.81351
3012068,-40.78877
3012069,-40.78877
3012070,58.14725
3012071,-2.5890126
3012072,1146.2906
3012073,-116.238106
3012074,-8.244956
3012075,-15.35843
3012076,-17.134205
3012077,-40.06096
3012078,1630.43
3012079,-28.589216
3012080,231.01103
3012081,-57.733852
3012082,699.3887
3012083,440.41968
3012084,-22.340706
3012085,77.59088
3012086,121.2333
3012087,2713.4126
3012088,7.979675
3012089,6.49884
3012090,6.49884
3012091,30.475803
3012092,6.49884
3012093,64.10413
3012094,9.163862
3012095,9.163862
3012096,39.50783
3012097,14.661046
3012098,21.755432
3012099,242.62566
3012100,64.01905
3012101,4.7080894
3012102,4.7080894
3012103,155.11136
3012104,77.45927
3012105,1341.6211
3012106,9.674249
3012107,11.525818
3012108,51.621223
3012109,49.84545
3012110,278.01495
3012111,3122.994
3012112,83.09201
3012113,736.20087
3012114,75.30638
3012115,1114.3792
3012116,1022.54297
3012117,557.25085
3012118,203.52768
3012119,261.08905
3012120,3886.5352
3012121,41.369698
3012122,39.888863
3012123,81.182434
3012124,127.28381
3012125,39.888863
3012126,314.83276
3012127,42.55389
3012128,42.55389
3012129,42.55389
3012130,293.0499
3012131,55.14546
3012132,220.2738
3012133,443.25253
3012134,42.73351
3012135,42.73351
3012136,263.60336
3012137,199.33067
3012138,2436.6458
3012139,91.2656
3012140,93.11718
3012141,-12.703805
3012142,-14.479579
3012143,-40.073853
3012144,1970.4784
3012145,-17.844055
3012146,249.10588
3012147,-75.300865
3012148,672.6443
3012149,547.9439
3012150,103.28881
3012151,67.67971
3012152,125.24111
3012153,2666.5684
3012154,1.4829242
3012155,0.002090156
3012156,0.002090156
3012157,1.900873
3012158,0.002090156
3012159,80.40055
3012160,2.6671114
3012161,2.6671114
3012162,2.6671114
3012163,43.561253
3012164,14.721041
3012165,179.84938
3012166,123.2014
3012167,2.3091009
3012168,2.3091009
3012169,156.84286
3012170,63.597523
3012171,1267.4313
3012172,9.295279
3012173,11.146856
3012174,-20.263584
3012175,-22.03936
3012176,-22.03936
3012177,1718.0186
3012178,-33.643803
3012179,293.68488
3012180,-58.04105
3012181,730.1244
3012182,483.6656
3012183,80.710884
3012184,71.67808
3012185,129.23947
3012186,2733.2275
3012187,-11.700472
3012188,-13.181312
3012189,-13.181312
3012190,8.832734
3012191,-13.181312
3012192,56.93785
3012193,-10.516285
3012194,-10.516285
3012195,-10.516285
3012196,42.56176
3012197,2.0752866
3012198,172.2702
3012199,85.84851
3012200,-14.855543
3012201,-14.855543
3012202,108.70572
3012203,52.679764
3012204,656.6953
3012205,-3.8852468
3012206,-2.0336657
3012207,25.376421
3012208,23.600649
3012209,23.600649
3012210,2652.5273
3012211,59.23291
3012212,633.5699
3012213,32.59114
3012214,965.26965
3012215,861.2341
3012216,299.94873
3012217,174.84444
3012218,232.40582
3012219,3521.5027
3012220,32.96846
3012221,31.487627
3012222,31.487627
3012223,60.55834
3012224,31.487627
3012225,294.20865
3012226,34.152645
3012227,34.152645
3012228,34.152645
3012229,272.42578
3012230,46.744213
3012231,211.87253
3012232,387.95514
3012233,34.33227
3012234,34.33227
3012235,208.75479
3012236,144.48209
3012237,2054.7
3012238,86.69454
3012239,88.54612
3012240,15.815385
3012241,14.039609
3012242,38.17421
3012243,2564.1487
3012244,2.4351697
3012245,540.565
3012246,-21.962093
3012247,1196.5332
3012248,925.7513
3012249,367.7665
3012250,116.46563
3012251,165.31851
3012252,3821.1675
3012253,4.9379525
3012254,3.4571114
3012255,55.327858
3012256,55.327858
3012257,3.4571114
3012258,266.91965
3012259,6.1221385
3012260,64.359886
3012261,6.1221385
3012262,166.916
3012263,18.713707
3012264,188.90863
3012265,323.63705
3012266,1.7828789
3012267,1.7828789
3012268,187.45332
3012269,69.31818
3012270,2349.9592
3012271,18.125412
3012272,19.976994
3012273,-15.941623
3012274,-17.7174
3012275,6.4172053
3012276,2589.9644
3012277,-29.321842
3012278,504.09537
3012279,83.76863
3012280,1026.2917
3012281,825.74384
3012282,313.35703
3012283,84.708626
3012284,133.56145
3012285,3446.7607
3012286,-6.764958
3012287,-8.2458
3012288,43.624947
3012289,-8.2458
3012290,-8.2458
3012291,260.85336
3012292,-5.580772
3012293,51.230385
3012294,-5.580772
3012295,93.44121
3012296,7.010798
3012297,177.2057
3012298,307.2216
3012299,-9.920032
3012300,-9.920032
3012301,113.64124
3012302,57.615273
3012303,2821.5217
3012304,-1.6095791
3012305,0.24200147
3012306,77.36557
3012307,75.58981
3012308,616.02057
3012309,7931.873
3012310,278.0895
3012311,1492.887
3012312,348.06107
3012313,1962.5177
3012314,2071.9846
3012315,989.896
3012316,347.96722
3012317,384.6301
3012318,7118.0273
3012319,75.48705
3012320,74.00622
3012321,257.27887
3012322,285.1552
3012323,74.00622
3012324,661.0733
3012325,81.97146
3012326,81.97146
3012327,251.55942
3012328,377.95096
3012329,94.36656
3012330,346.08008
3012331,750.9836
3012332,134.95024
3012333,134.95024
3012334,723.58954
3012335,602.6263
3012336,5241.3345
3012337,165.8
3012338,167.65157
3012339,-21.642097
3012340,-23.417875
3012341,-23.417875
3012342,1662.9635
3012343,-37.206303
3012344,267.37125
3012345,-61.603554
3012346,651.1719
3012347,460.25388
3012348,-7.795091
3012349,31.223852
3012350,127.60025
3012351,2652.166
3012352,-12.726162
3012353,-14.207003
3012354,-9.859817
3012355,-9.859817
3012356,-14.207003
3012357,-5.541741
3012358,-11.541972
3012359,-11.541972
3012360,-11.541972
3012361,35.980423
3012362,-0.87365955
3012363,169.32124
3012364,27.152048
3012365,-13.93711
3012366,-13.93711
3012367,104.37529
3012368,50.683388
3012369,1203.3778
3012370,1.450212
3012371,3.3017926
3012372,38.211475
3012373,36.435707
3012374,36.435707
3012375,2608.6829
3012376,17.116392
3012377,426.58264
3012378,6.7722964
3012379,1119.6486
3012380,629.389
3012381,89.902084
3012382,130.00772
3012383,199.57376
3012384,4397.935
3012385,17.58162
3012386,16.10078
3012387,16.10078
3012388,6.9744325
3012389,16.10078
3012390,137.58572
3012391,19.867147
3012392,9.229224
3012393,19.867147
3012394,61.808483
3012395,30.535463
3012396,229.27577
3012397,185.48338
3012398,19.286896
3012399,19.286896
3012400,142.8482
3012401,85.61631
3012402,1652.5693
3012403,44.415237
3012404,46.266823
3012405,-24.721098
3012406,-26.496872
3012407,-26.496872
3012408,1692.3694
3012409,-40.285297
3012410,258.10294
3012411,-64.68255
3012412,666.147
3012413,468.71857
3012414,76.18891
3012415,66.95986
3012416,124.521255
3012417,2667.445
3012418,-15.805158
3012419,-17.286001
3012420,-17.286001
3012421,-17.286001
3012422,-17.286001
3012423,-8.620738
3012424,-14.620972
3012425,-14.620972
3012426,-14.620972
3012427,32.90143
3012428,-3.9526582
3012429,166.24225
3012430,24.073057
3012431,-17.016104
3012432,-17.016104
3012433,101.296295
3012434,47.604378
3012435,862.08826
3012436,-1.6287875
3012437,0.22279328
3012438,23.572504
3012439,21.79673
3012440,21.79673
3012441,1916.1373
3012442,30.400545
3012443,401.1057
3012444,-0.6662299
3012445,921.07306
3012446,631.8653
3012447,123.91619
3012448,137.82564
3012449,182.7649
3012450,3125.013
3012451,11.889799
3012452,10.408967
3012453,10.408967
3012454,10.408967
3012455,10.408967
3012456,35.456387
3012457,13.073984
3012458,13.073984
3012459,13.073984
3012460,66.12132
3012461,23.742296
3012462,193.93727
3012463,80.93609
3012464,2.4333174
3012465,2.4333174
3012466,181.65009
3012467,127.95815
3012468,1947.229
3012469,-3.9467292
3012470,-2.0951543
3012471,41.99251
3012472,40.216747
3012473,40.216747
3012474,2553.577
3012475,34.641857
3012476,447.0405
3012477,24.297747
3012478,1083.7062
3012479,608.8814
3012480,101.347946
3012481,141.03055
3012482,208.0872
3012483,4449.8623
3012484,27.585873
3012485,26.105032
3012486,26.105032
3012487,34.524834
3012488,26.105032
3012489,144.12161
3012490,28.77006
3012491,46.046734
3012492,28.77006
3012493,88.257545
3012494,39.43837
3012495,212.86993
3012496,183.37714
3012497,25.744198
3012498,25.744198
3012499,149.30551
3012500,88.56927
3012501,1657.7712
3012502,45.155247
3012503,47.006824
3012504,-2.6776767
3012505,-4.453445
3012506,-4.453445
3012507,1719.4663
3012508,-26.692074
3012509,254.46886
3012510,-113.22984
3012511,674.0465
3012512,458.89523
3012513,37.50585
3012514,0.31366807
3012515,82.03136
3012516,2482.707
3012517,5.980317
3012518,4.4994826
3012519,4.4994826
3012520,4.4994826
3012521,4.4994826
3012522,39.811874
3012523,7.164509
3012524,7.164509
3012525,7.164509
3012526,69.3456
3012527,17.832823
3012528,163.05257
3012529,74.35006
3012530,-20.205788
3012531,-20.205788
3012532,73.48133
3012533,19.789415
3012534,810.28076
3012535,20.84046
3012536,22.692038
3012537,10.855132
3012538,9.079363
3012539,9.079363
3012540,2942.111
3012541,13.62312
3012542,574.65424
3012543,-10.77414
3012544,1062.2126
3012545,785.5645
3012546,396.44144
3012547,122.239174
3012548,171.09207
3012549,3896.075
3012550,19.826904
3012551,18.346064
3012552,18.346064
3012553,75.23485
3012554,18.346064
3012555,301.83102
3012556,21.011084
3012557,96.94011
3012558,21.011084
3012559,191.47807
3012560,33.602654
3012561,203.79756
3012562,348.19913
3012563,16.671833
3012564,16.671833
3012565,140.23314
3012566,84.20714
3012567,2890.5474
3012568,30.801458
3012569,32.65304
3012570,29.019257
3012571,27.243484
3012572,120.50764
3012573,2358.714
3012574,43.087452
3012575,590.6565
3012576,18.690197
3012577,1016.7275
3012578,897.58813
3012579,404.9279
3012580,135.47902
3012581,193.04047
3012582,3854.31
3012583,30.164585
3012584,28.683748
3012585,28.683748
3012586,90.89813
3012587,28.683748
3012588,278.10794
3012589,31.348772
3012590,31.348772
3012591,31.348772
3012592,256.325
3012593,43.940334
3012594,218.42969
3012595,341.9158
3012596,35.171345
3012597,35.171345
3012598,164.05437
3012599,136.16083
3012600,1883.7069
3012601,65.870895
3012602,67.72246
3012603,46.628506
3012604,44.85274
3012605,102.95566
3012606,2220.874
3012607,62.411957
3012608,568.6368
3012609,38.014706
3012610,994.70776
3012611,821.601
3012612,270.4164
3012613,154.80357
3012614,212.36496
3012615,3756.5596
3012616,32.89203
3012617,31.4112
3012618,58.22394
3012619,58.22394
3012620,31.4112
3012621,246.9448
3012622,34.07622
3012623,34.07622
3012624,34.07622
3012625,225.1619
3012626,46.66779
3012627,221.15714
3012628,310.75253
3012629,37.8988
3012630,37.8988
3012631,156.21121
3012632,128.3177
3012633,1651.691
3012634,68.59833
3012635,70.449905
3012636,54.47008
3012637,52.69431
3012638,52.69431
3012639,3025.8694
3012640,58.419636
3012641,568.8549
3012642,48.075535
3012643,1208.5248
3012644,907.57733
3012645,328.1381
3012646,162.09113
3012647,224.34904
3012648,4889.8545
3012649,34.84246
3012650,33.361626
3012651,33.361626
3012652,71.82724
3012653,33.361626
3012654,226.93515
3012655,36.026646
3012656,88.94615
3012657,36.026646
3012658,117.66753
3012659,46.694954
3012660,224.42099
3012661,280.83435
3012662,37.29524
3012663,37.29524
3012664,160.85657
3012665,103.62467
3012666,2697.5808
3012667,103.11356
3012668,68.57634
3012669,0.19895534
3012670,-1.5768125
3012671,3.8944893
3012672,2678.3027
3012673,-23.935078
3012674,548.12177
3012675,12.981174
3012676,1008.841
3012677,867.65924
3012678,218.43596
3012679,140.38411
3012680,177.04694
3012681,3734.8022
3012682,-1.7877088
3012683,-3.268543
3012684,-3.268543
3012685,-3.268543
3012686,-3.268543
3012687,236.32771
3012688,1.4170513
3012689,1.4170513
3012690,1.4170513
3012691,170.81169
3012692,13.812167
3012693,224.96756
3012694,330.69043
3012695,6.47715
3012696,6.47715
3012697,340.77737
3012698,174.66426
3012699,2141.7578
3012700,25.247942
3012701,27.099527
3012702,40.50558
3012703,38.72981
3012704,38.72981
3012705,2749.8928
3012706,56.28901
3012707,530.7993
3012708,31.891768
3012709,1162.5818
3012710,757.9983
3012711,341.00378
3012712,127.66879
3012713,208.1653
3012714,4056.3977
3012715,28.692356
3012716,27.211517
3012717,47.43863
3012718,27.211517
3012719,27.211517
3012720,222.98051
3012721,29.876543
3012722,29.876543
3012723,29.876543
3012724,82.92388
3012725,40.544853
3012726,215.03421
3012727,286.78827
3012728,31.77587
3012729,31.77587
3012730,180.55379
3012731,99.90075
3012732,1896.942
3012733,63.00085
3012734,64.85243
3012735,27.415047
3012736,25.63928
3012737,83.742195
3012738,2013.3263
3012739,44.121094
3012740,524.027
3012741,19.723845
3012742,950.09796
3012743,859.4872
3012744,320.35837
3012745,136.51273
3012746,194.07411
3012747,3511.9373
3012748,22.451859
3012749,20.97102
3012750,20.97102
3012751,20.97102
3012752,20.97102
3012753,210.18571
3012754,23.636053
3012755,23.636053
3012756,56.81581
3012757,95.547295
3012758,36.227615
3012759,210.71698
3012760,273.99344
3012761,27.458633
3012762,115.908104
3012763,145.77106
3012764,117.87751
3012765,1624.2119
3012766,41.119186
3012767,42.97077
3012768,-37.420673
3012769,-39.196453
3012770,54.06771
3012771,2111.9236
3012772,-35.658592
3012773,489.3389
3012774,-60.055836
3012775,949.1234
3012776,796.2705
3012777,303.61032
3012778,56.732944
3012779,114.29434
3012780,2845.8547
3012781,2.40615
3012782,0.9253163
3012783,0.9253163
3012784,76.40644
3012785,0.9253163
3012786,227.77808
3012787,3.5903392
3012788,3.5903392
3012789,3.5903392
3012790,171.00308
3012791,16.181906
3012792,188.03664
3012793,288.95123
3012794,4.778306
3012795,4.778306
3012796,133.66129
3012797,105.76776
3012798,1836.2749
3012799,18.438856
3012800,20.29043
3012801,25.241299
3012802,23.465523
3012803,23.465523
3012804,3420.0364
3012805,41.84404
3012806,567.07306
3012807,17.446781
3012808,1012.57184
3012809,901.0918
3012810,381.3444
3012811,133.4363
3012812,191.79703
3012813,3856.596
3012814,5.4701614
3012815,3.9893217
3012816,46.3522
3012817,3.9893217
3012818,3.9893217
3012819,201.38576
3012820,10.732774
3012821,73.431274
3012822,10.732774
3012823,105.458694
3012824,23.324343
3012825,213.88379
3012826,322.4833
3012827,26.758053
3012828,26.758053
3012829,150.31937
3012830,97.79774
3012831,2240.9922
3012832,25.563358
3012833,27.41494
3012834,76.1854
3012835,74.409615
3012836,113.48884
3012837,8486.736
3012838,128.50548
3012839,1477.1525
3012840,259.93747
3012841,2332.8184
3012842,2250.331
3012843,663.5741
3012844,416.2345
3012845,643.5669
3012846,8752.766
3012847,59.949535
3012848,58.468697
3012849,205.19861
3012850,141.89388
3012851,58.468697
3012852,437.58783
3012853,344.1948
3012854,60.92496
3012855,344.1948
3012856,400.97482
3012857,83.86772
3012858,501.86813
3012859,937.4291
3012860,128.39552
3012861,128.39552
3012862,788.71515
3012863,572.4167
3012864,6466.7134
3012865,616.37805
3012866,150.618
3012867,70.41677
3012868,68.64099
3012869,95.69548
3012870,7818.924
3012871,89.43274
3012872,1375.7214
3012873,220.86482
3012874,2171.913
3012875,1966.1821
3012876,568.29407
3012877,383.313
3012878,610.6454
3012879,8642.071
3012880,33.195274
3012881,31.71444
3012882,31.71444
3012883,174.7844
3012884,31.71444
3012885,398.24554
3012886,200.08223
3012887,34.17071
3012888,291.56766
3012889,256.8622
3012890,57.11348
3012891,475.1139
3012892,871.5079
3012893,97.773834
3012894,97.773834
3012895,749.0153
3012896,506.43216
3012897,5802.476
3012898,601.1798
3012899,134.10112
3012900,30.66663
3012901,28.890888
3012902,-72.06065
3012903,5485.6987
3012904,28.613815
3012905,1153.9304
3012906,66.76238
3012907,2094.858
3012908,1790.9259
3012909,389.98056
3012910,251.86934
3012911,479.2018
3012912,8264.259
3012913,33.281143
3012914,31.800308
3012915,31.800308
3012916,61.325214
3012917,31.800308
3012918,552.16156
3012919,164.44238
3012920,34.256584
3012921,82.05291
3012922,226.13763
3012923,57.199352
3012924,464.17532
3012925,759.081
3012926,64.3998
3012927,262.61453
3012928,668.7132
3012929,328.40002
3012930,4155.357
3012931,245.2408
3012932,85.19717
3012933,47.799606
3012934,46.023872
3012935,-46.489807
3012936,5869.0166
3012937,45.746815
3012938,1238.1632
3012939,83.89538
3012940,2038.837
3012941,1875.1586
3012942,474.21332
3012943,269.00232
3012944,496.3348
3012945,8436.364
3012946,50.41414
3012947,48.93331
3012948,124.90169
3012949,86.89604
3012950,48.93331
3012951,340.9435
3012952,194.9284
3012953,51.389572
3012954,194.9284
3012955,251.70842
3012956,74.33231
3012957,481.30832
3012958,1013.6429
3012959,81.53278
3012960,81.53278
3012961,701.0531
3012962,400.026
3012963,4235.421
3012964,383.96652
3012965,156.8232
3012966,-5.2777395
3012967,-7.053504
3012968,-164.69751
3012969,4407.5806
3012970,-18.184778
3012971,1011.5906
3012972,13.19011
3012973,1786.4623
3012974,1543.7125
3012975,392.41183
3012976,212.18446
3012977,439.51678
3012978,6624.05
3012979,29.912758
3012980,28.431927
3012981,28.431927
3012982,50.30321
3012983,28.431927
3012984,300.45816
3012985,72.84086
3012986,31.556839
3012987,85.68873
3012988,230.25403
3012989,54.499607
3012990,394.85178
3012991,716.63763
3012992,52.930256
3012993,226.59886
3012994,614.1728
3012995,172.91772
3012996,3548.8281
3012997,47.168602
3012998,-62.73736
3012999,22.199932
3013000,20.424164
3013001,73.961
3013002,6325.361
3013003,12.338908
3013004,1330.0685
3013005,79.53683
3013006,2024.2045
3013007,2002.4288
3013008,498.6851
3013009,265.57147
3013010,492.90396
3013011,7138.8745
3013012,40.755764
3013013,39.274933
3013014,179.71855
3013015,179.71855
3013016,39.274933
3013017,390.1132
3013018,202.92908
3013019,42.39985
3013020,202.92908
3013021,372.5311
3013022,65.34259
3013023,395.16245
3013024,814.6153
3013025,75.67644
3013026,75.67644
3013027,601.80365
3013028,374.63364
3013029,5280.952
3013030,911.9491
3013031,76.7745
3013032,-16.368305
3013033,-18.144075
3013034,-107.84052
3013035,2206.19
3013036,-53.36178
3013037,285.72937
3013038,-8.313431
3013039,722.0471
3013040,555.53455
3013041,10.152762
3013042,128.176
3013043,164.83884
3013044,3476.438
3013045,-1.07231
3013046,-2.5531433
3013047,8.247091
3013048,-10.69555
3013049,-2.5531433
3013050,83.56964
3013051,5.4120836
3013052,5.4120836
3013053,5.4120836
3013054,46.09229
3013055,17.807198
3013056,228.96257
3013057,136.60109
3013058,22.585133
3013059,22.585133
3013060,268.10138
3013061,140.45593
3013062,2036.1132
3013063,5.8139067
3013064,7.6654844
3013065,12.515151
3013066,10.739387
3013067,-191.39397
3013068,3703.6943
3013069,-7.843166
3013070,885.2144
3013071,2.8690276
3013072,1565.9542
3013073,1199.1853
3013074,187.61938
3013075,187.66206
3013076,414.9944
3013077,5985.166
3013078,23.856646
3013079,22.37581
3013080,22.37581
3013081,16.666458
3013082,22.37581
3013083,194.32285
3013084,11.288375
3013085,21.4223
3013086,21.4223
3013087,137.43764
3013088,39.90994
3013089,395.37546
3013090,555.02594
3013091,29.169687
3013092,29.169687
3013093,404.64096
3013094,209.33441
3013095,3037.147
3013096,368.52213
3013097,43.53347
3013098,39.927776
3013099,38.152016
3013100,38.152016
3013101,4131.1714
3013102,54.283226
3013103,1067.1437
3013104,69.742775
3013105,1514.7672
3013106,1470.2197
3013107,186.60373
3013108,240.0902
3013109,453.00357
3013110,5665.4873
3013111,40.67015
3013112,39.18931
3013113,35.71371
3013114,35.71371
3013115,39.18931
3013116,228.67273
3013117,38.23581
3013118,38.23581
3013119,38.23581
3013120,171.78749
3013121,56.72344
3013122,389.1456
3013123,610.2579
3013124,63.342205
3013125,63.342205
3013126,575.92676
3013127,415.73578
3013128,4244.6333
3013129,86.4519
3013130,94.58367
3013131,-21.020088
3013132,-22.669315
3013133,14.542148
3013134,4635.578
3013135,-81.46809
3013136,1033.9694
3013137,-274.03915
3013138,1462.8824
3013139,1697.7004
3013140,220.09515
3013141,-83.95673
3013142,143.37575
3013143,5971.8535
3013144,-32.62873
3013145,-34.10957
3013146,-34.10957
3013147,41.921997
3013148,-34.10957
3013149,229.30461
3013150,-35.063046
3013151,-35.063046
3013152,-35.063046
3013153,211.72252
3013154,-16.575409
3013155,209.61447
3013156,628.7563
3013157,-31.449469
3013158,-31.449469
3013159,137.17137
3013160,48.42532
3013161,3945.7205
3013162,-60.47153
3013163,-58.619976
3013164,-7.118351
3013165,-8.894111
3013166,-8.894111
3013167,1719.2501
3013168,-42.479855
3013169,365.9382
3013170,-138.98854
3013171,768.66406
3013172,687.5976
3013173,199.1975
3013174,-3.2120605
3013175,54.349327
3013176,3035.7603
3013177,-5.150261
3013178,-6.6310954
3013179,23.759127
3013180,9.125303
3013181,-6.6310954
3013182,100.08891
3013183,-3.9660702
3013184,-3.9660702
3013185,-3.9660702
3013186,62.85799
3013187,8.625497
3013188,168.81819
3013189,154.4737
3013190,-18.307528
3013191,-18.307528
3013192,102.08473
3013193,60.331707
3013194,1142.9285
3013195,46.529118
3013196,48.380695
3013197,-11.479209
3013198,-13.254981
3013199,-20.764023
3013200,1960.4288
3013201,-20.058346
3013202,377.3539
3013203,-54.426556
3013204,789.6178
3013205,602.3091
3013206,90.65245
3013207,48.866383
3013208,129.36284
3013209,3164.7078
3013210,-8.082447
3013211,-9.563285
3013212,-9.563285
3013213,-9.563285
3013214,-9.563285
3013215,90.5096
3013216,-6.898261
3013217,-6.898261
3013218,-6.898261
3013219,41.570057
3013220,3.770052
3013221,168.27127
3013222,107.49169
3013223,-14.987043
3013224,-14.987043
3013225,101.859344
3013226,41.542683
3013227,1228.9437
3013228,2.2145612
3013229,4.066148
3013230,49.497025
3013231,47.721252
3013232,60.378258
3013233,2965.2864
3013234,52.32232
3013235,691.5925
3013236,74.42823
3013237,1144.5315
3013238,1086.5715
3013239,468.7165
3013240,174.47101
3013241,211.13383
3013242,3894.3447
3013243,24.622179
3013244,23.141344
3013245,89.82844
3013246,62.127888
3013247,23.141344
3013248,288.86505
3013249,27.82695
3013250,27.82695
3013251,90.937836
3013252,115.63603
3013253,40.222065
3013254,255.63235
3013255,423.80862
3013256,44.50259
3013257,44.50259
3013258,389.78616
3013259,221.30672
3013260,2253.5696
3013261,54.2896
3013262,56.14117
3013263,41.771706
3013264,39.995926
3013265,197.19727
3013266,4222.647
3013267,60.26684
3013268,865.8997
3013269,130.23836
3013270,1295.1912
3013271,1162.584
3013272,630.9671
3013273,218.22472
3013274,254.88753
3013275,4677.637
3013276,30.682467
3013277,29.201632
3013278,132.5761
3013279,122.288475
3013280,29.201632
3013281,386.95386
3013282,37.166878
3013283,37.166878
3013284,146.90836
3013285,225.11996
3013286,49.561993
3013287,264.97232
3013288,569.7458
3013289,53.842537
3013290,53.842537
3013291,450.88364
3013292,329.92032
3013293,2943.554
3013294,94.95522
3013295,96.806816
3013296,41.771706
3013297,39.995926
3013298,197.19727
3013299,4229.707
3013300,60.26684
3013301,872.9599
3013302,130.23836
3013303,1320.1914
3013304,1169.6442
3013305,642.4798
3013306,218.22472
3013307,254.88753
3013308,4555.842
3013309,30.682467
3013310,29.201632
3013311,132.5761
3013312,113.313385
3013313,29.201632
3013314,386.95386
3013315,37.166878
3013316,37.166878
3013317,172.54073
3013318,358.61743
3013319,49.561993
3013320,264.97232
3013321,563.25653
3013322,53.842537
3013323,200.10097
3013324,450.88364
3013325,329.92032
3013326,3503.4678
3013327,94.95522
3013328,96.806816
3013329,-6.2930527
3013330,-8.068827
3013331,104.463646
3013332,4023.2793
3013333,-0.9383593
3013334,798.2945
3013335,78.785805
3013336,1395.2484
3013337,1124.5713
3013338,562.7611
3013339,263.54904
3013340,243.26997
3013341,6389.504
3013342,29.556143
3013343,28.075308
3013344,28.075308
3013345,28.075308
3013346,28.075308
3013347,437.82858
3013348,36.04057
3013349,163.75462
3013350,108.73584
3013351,329.96732
3013352,48.435684
3013353,229.41612
3013354,526.0969
3013355,23.507086
3013356,23.507086
3013357,379.92355
3013358,208.52528
3013359,3678.8167
3013360,647.41223
3013361,24.220495
3013362,3.3207858
3013363,1.5450113
3013364,-49.512573
3013365,2798.7732
3013366,-24.200905
3013367,451.44385
3013368,-2.0950074
3013369,880.5023
3013370,874.6127
3013371,284.65784
3013372,123.73364
3013373,160.3965
3013374,3352.3062
3013375,0.23253381
3013376,-1.2483008
3013377,-1.2483008
3013378,32.234608
3013379,-1.2483008
3013380,280.17538
3013381,6.922139
3013382,194.98778
3013383,6.922139
3013384,268.07306
3013385,23.516958
3013386,234.67233
3013387,308.25717
3013388,7.3898354
3013389,7.3898354
3013390,314.2141
3013391,155.91272
3013392,3677.7043
3013393,55.80213
3013394,57.653717
3013395,-19.161861
3013396,-20.937632
3013397,-20.937632
3013398,1661.3005
3013399,-41.986504
3013400,202.11925
3013401,-38.93033
3013402,737.385
3013403,372.78445
3013404,79.33476
3013405,-7.4838176
3013406,119.45837
3013407,2976.113
3013408,-6.680656
3013409,-8.1614895
3013410,-8.1614895
3013411,-43.815273
3013412,-8.1614895
3013413,81.14898
3013414,-5.721002
3013415,-5.721002
3013416,-5.721002
3013417,22.108658
3013418,6.674112
3013419,190.55283
3013420,89.49487
3013421,-19.381372
3013422,-19.381372
3013423,225.32689
3013424,0.15897167
3013425,670.13367
3013426,-176.129
3013427,-58.841698
3013428,77.60076
3013429,75.82499
3013430,55.910122
3013431,4040.1533
3013432,97.05278
3013433,945.12476
3013434,164.65913
3013435,1474.7693
3013436,1265.3381
3013437,694.9561
3013438,235.40976
3013439,302.7471
3013440,6874.256
3013441,43.089478
3013442,41.608643
3013443,86.47883
3013444,86.47883
3013445,41.608643
3013446,444.27713
3013447,45.35153
3013448,45.35153
3013449,45.35153
3013450,144.51503
3013451,56.019836
3013452,268.56128
3013453,502.4699
3013454,58.572468
3013455,58.572468
3013456,258.01675
3013457,131.33183
3013458,824.8093
3013459,60.6961
3013460,84.20456
3013461,-1.3233387
3013462,-3.0991135
3013463,-3.0991135
3013464,1653.9425
3013465,-19.8846
3013466,309.1102
3013467,-48.630566
3013468,798.856
3013469,406.26685
3013470,32.974674
3013471,25.6608
3013472,107.87198
3013473,2843.8691
3013474,-4.480632
3013475,-5.9614663
3013476,-5.9614663
3013477,-5.9614663
3013478,-5.9614663
3013479,110.801926
3013480,-3.5209723
3013481,-3.5209723
3013482,-26.625546
3013483,16.91573
3013484,7.1473417
3013485,187.87453
3013486,126.80036
3013487,-13.814127
3013488,-13.814127
3013489,120.47262
3013490,-6.0660295
3013491,459.9194
3013492,-273.8161
3013493,-7.8498316
3013494,-1.3233387
3013495,-3.0991135
3013496,-61.72247
3013497,1709.1993
3013498,-19.8846
3013499,309.1102
3013500,-48.630566
3013501,798.856
3013502,406.26685
3013503,83.05672
3013504,25.6608
3013505,107.87198
3013506,2934.4802
3013507,-4.480632
3013508,-5.9614663
3013509,-5.9614663
3013510,-5.9614663
3013511,-5.9614663
3013512,86.355995
3013513,-3.5209723
3013514,-3.5209723
3013515,-3.5209723
3013516,26.284302
3013517,7.1473417
3013518,187.87453
3013519,126.80036
3013520,-13.814127
3013521,-13.814127
3013522,109.74716
3013523,-6.0660295
3013524,605.0953
3013525,241.45245
3013526,-7.8498316
3013527,3.161325
3013528,1.3855498
3013529,1.3855498
3013530,1530.834
3013531,-2.1227908
3013532,334.81433
3013533,-49.686428
3013534,872.57574
3013535,531.4785
3013536,103.15602
3013537,67.53547
3013538,129.82787
3013539,3059.8567
3013540,-1.3577118
3013541,-2.8385477
3013542,-2.8385477
3013543,22.219372
3013544,-2.8385477
3013545,150.9051
3013546,2.8815823
3013547,2.8815823
3013548,2.8815823
3013549,57.655735
3013550,15.276697
3013551,187.75504
3013552,197.42378
3013553,0.6292534
3013554,0.6292534
3013555,164.31157
3013556,60.239685
3013557,772.1624
3013558,-222.91165
3013559,-5.419897
3013560,-1.3233387
3013561,-3.0991135
3013562,-3.0991135
3013563,1975.8547
3013564,-19.8846
3013565,282.5627
3013566,-48.630566
3013567,776.3841
3013568,456.33075
3013569,32.974674
3013570,17.716722
3013571,74.5816
3013572,2976.1614
3013573,-4.480632
3013574,-5.9614663
3013575,-10.766732
3013576,-10.766732
3013577,-5.9614663
3013578,92.25274
3013579,-3.5209723
3013580,-3.5209723
3013581,-3.5209723
3013582,37.451664
3013583,7.1473417
3013584,187.87453
3013585,126.80036
3013586,-13.814127
3013587,-13.814127
3013588,124.75974
3013589,13.734718
3013590,459.9194
3013591,152.96095
3013592,-7.8498316
3013593,6.801934
3013594,5.026157
3013595,5.026157
3013596,1339.8926
3013597,-10.190695
3013598,260.73773
3013599,-57.754337
3013600,792.39984
3013601,408.7995
3013602,21.752216
3013603,40.821457
3013604,115.932594
3013605,2651.3904
3013606,-9.052873
3013607,-10.533712
3013608,-10.533712
3013609,-4.4946322
3013610,-10.533712
3013611,73.84386
3013612,-4.813579
3013613,-4.813579
3013614,-4.813579
3013615,53.353577
3013616,7.581537
3013617,180.05986
3013618,114.46589
3013619,-3.1985254
3013620,-3.1985254
3013621,123.959366
3013622,36.043037
3013623,464.2974
3013624,-4.2756777
3013625,-2.4241018
3013626,16.11747
3013627,14.341694
3013628,42.517254
3013629,2372.7148
3013630,20.709816
3013631,529.25433
3013632,-16.740993
3013633,1035.3606
3013634,1050.991
3013635,356.84177
3013636,128.6053
3013637,149.83754
3013638,3613.708
3013639,5.9934106
3013640,4.5125785
3013641,4.5125785
3013642,37.613117
3013643,4.5125785
3013644,234.41261
3013645,6.9530616
3013646,6.9530616
3013647,108.72913
3013648,92.18169
3013649,19.34818
3013650,191.82652
3013651,267.78613
3013652,-3.5447955
3013653,-3.5447955
3013654,193.59978
3013655,89.52789
3013656,1159.0251
3013657,-88.456505
3013658,9.237564
3013659,-5.5332646
3013660,-7.3090425
3013661,-41.48351
3013662,2369.8723
3013663,0.23123622
3013664,387.04337
3013665,-41.56828
3013666,993.92914
3013667,789.4683
3013668,178.91682
3013669,46.52948
3013670,119.82188
3013671,3806.2139
3013672,-2.4867916
3013673,-3.967626
3013674,-3.967626
3013675,-3.967626
3013676,-3.967626
3013677,135.47267
3013678,-1.5271373
3013679,-1.5271373
3013680,-6.463326
3013681,65.88305
3013682,10.867978
3013683,191.59517
3013684,151.47108
3013685,-18.339024
3013686,-18.339024
3013687,173.96126
3013688,60.54399
3013689,1255.403
3013690,-123.5288
3013691,-32.756424
3013692,5.9940495
3013693,4.218276
3013694,-56.914448
3013695,2091.7063
3013696,-10.163434
3013697,286.97006
3013698,-38.909397
3013699,800.4038
3013700,470.84943
3013701,78.67271
3013702,32.87259
3013703,117.593155
3013704,2999.0632
3013705,5.2405343
3013706,3.7597017
3013707,3.7597017
3013708,3.7597017
3013709,3.7597017
3013710,132.05403
3013711,6.2001934
3013712,6.2001934
3013713,6.2001934
3013714,59.24754
3013715,16.868505
3013716,197.59569
3013717,172.49838
3013718,-4.0929527
3013719,-4.0929527
3013720,119.46833
3013721,10.803865
3013722,470.63565
3013723,-138.37898
3013724,5.375724
3013725,10.296448
3013726,8.520677
3013727,59.42796
3013728,3256.361
3013729,7.373831
3013730,672.5752
3013731,29.47975
3013732,1211.3856
3013733,1161.4044
3013734,408.48798
3013735,116.83545
3013736,153.49828
3013737,4607.8
3013738,-1.1726363
3013739,-2.653472
3013740,-2.653472
3013741,58.83176
3013742,-2.653472
3013743,386.05515
3013744,5.516962
3013745,300.86752
3013746,69.097305
3013747,176.59564
3013748,17.912083
3013749,243.68655
3013750,472.59204
3013751,32.5568
3013752,32.5568
3013753,364.907
3013754,189.46979
3013755,4176.5024
3013756,46.62739
3013757,48.47897
3013758,-33.727196
3013759,-35.502968
3013760,-35.502968
3013761,2817.643
3013762,-37.58082
3013763,560.91315
3013764,-60.221313
3013765,1175.6819
3013766,1051.5089
3013767,351.06668
3013768,159.81795
3013769,110.60835
3013770,4611.679
3013771,-14.450088
3013772,-15.9309225
3013773,71.399315
3013774,71.399315
3013775,-15.9309225
3013776,220.79648
3013777,-13.2659025
3013778,-13.2659025
3013779,-13.2659025
3013780,135.76366
3013781,-1.2119749
3013782,168.98302
3013783,270.1724
3013784,-26.388346
3013785,-26.388346
3013786,241.88861
3013787,95.374405
3013788,1269.678
3013789,457.66312
3013790,-39.927647
3013791,-42.041958
3013792,-43.817738
3013793,-43.817738
3013794,2159.6284
3013795,-86.41141
3013796,327.0035
3013797,-147.0119
3013798,1110.3129
3013799,843.3662
3013800,165.03198
3013801,-36.710457
3013802,19.18984
3013803,3980.7207
3013804,-31.65638
3013805,-33.13722
3013806,-33.13722
3013807,-7.8222866
3013808,-33.13722
3013809,132.83119
3013810,-30.472189
3013811,-30.472189
3013812,-30.472189
3013813,75.76403
3013814,-18.418266
3013815,137.74055
3013816,182.20709
3013817,-42.06687
3013818,-42.06687
3013819,108.49584
3013820,9.675883
3013821,885.7141
3013822,-47.006573
3013823,-45.154987
3013824,-37.037804
3013825,-38.813576
3013826,-38.813576
3013827,1529.8936
3013828,-78.94914
3013829,285.23892
3013830,-165.48685
3013831,658.7359
3013832,337.35373
3013833,-18.711035
3013834,-50.62183
3013835,21.269615
3013836,2421.8652
3013837,-18.618172
3013838,-20.09901
3013839,-20.09901
3013840,-20.09901
3013841,-20.09901
3013842,77.23146
3013843,-17.433987
3013844,-17.433987
3013845,-17.433987
3013846,50.52776
3013847,-6.7656727
3013848,138.45412
3013849,97.14846
3013850,-48.671665
3013851,-48.671665
3013852,50.26434
3013853,-10.471912
3013854,773.3581
3013855,-114.743256
3013856,-11.529722
3013857,-22.197138
3013858,-23.972914
3013859,-9.0768
3013860,1682.2905
3013861,-35.42793
3013862,237.96715
3013863,-60.44445
3013864,640.69305
3013865,494.82846
3013866,-15.384566
3013867,74.8803
3013868,118.52263
3013869,2509.3733
3013870,5.6096764
3013871,4.1288424
3013872,4.1288424
3013873,19.825298
3013874,4.1288424
3013875,71.06025
3013876,6.7938643
3013877,6.7938643
3013878,6.7938643
3013879,56.503414
3013880,19.385431
3013881,240.25568
3013882,66.70323
3013883,2.3380933
3013884,2.3380933
3013885,152.74138
3013886,75.08927
3013887,1722.4287
3013888,11.902381
3013889,13.753959
3013890,42.28869
3013891,40.512917
3013892,40.512917
3013893,3298.3943
3013894,73.759476
3013895,720.04016
3013896,65.97386
3013897,1134.7765
3013898,1045.4675
3013899,564.20703
3013900,194.19514
3013901,251.75653
3013902,3691.8071
3013903,33.4868
3013904,32.005966
3013905,32.005966
3013906,134.23994
3013907,32.005966
3013908,296.10992
3013909,34.670994
3013910,299.79068
3013911,34.670994
3013912,281.55307
3013913,47.26256
3013914,212.39095
3013915,445.9367
3013916,34.850613
3013917,34.850613
3013918,255.7205
3013919,191.44774
3013920,5299.5825
3013921,87.98085
3013922,89.83243
3013923,-22.03634
3013924,-23.812113
3013925,-23.812113
3013926,1945.2905
3013927,-27.176588
3013928,274.00208
3013929,-84.6334
3013930,679.60046
3013931,558.6821
3013932,110.244965
3013933,58.34718
3013934,115.90858
3013935,2612.3425
3013936,-6.3999724
3013937,-7.8808074
3013938,-7.8808074
3013939,-7.8808074
3013940,-7.8808074
3013941,87.356674
3013942,-5.2157807
3013943,-6.841727
3013944,-5.2157807
3013945,57.743404
3013946,6.838142
3013947,171.96652
3013948,125.885605
3013949,-5.5737977
3013950,-5.5737977
3013951,148.95998
3013952,55.714634
3013953,2247.88
3013954,6.010513
3013955,7.8620906
3013956,-29.59612
3013957,-31.37189
3013958,-31.37189
3013959,1724.9747
3013960,-42.976337
3013961,300.641
3013962,-67.37359
3013963,703.367
3013964,490.62183
3013965,73.260735
3013966,62.345543
3013967,119.90694
3013968,2984.0364
3013969,-19.58337
3013970,-21.064205
3013971,-21.064205
3013972,-21.064205
3013973,-21.064205
3013974,63.893967
3013975,-18.399178
3013976,-31.804333
3013977,-18.399178
3013978,49.337128
3013979,-5.807608
3013980,164.38733
3013981,88.532684
3013982,-22.738445
3013983,-22.738445
3013984,100.822815
3013985,44.79686
3013986,1457.5872
3013987,-7.1700125
3013988,-5.3184395
3013989,16.04389
3013990,14.268114
3013991,96.13139
3013992,2678.1643
3013993,49.90038
3013994,623.4317
3013995,23.258604
3013996,950.99396
3013997,884.15857
3013998,431.87848
3013999,165.5119
3014000,223.07329
3014001,3326.6501
3014002,25.08557
3014003,23.604734
3014004,89.01017
3014005,60.8186
3014006,23.604734
3014007,301.16476
3014008,26.269758
3014009,222.53079
3014010,26.269758
3014011,302.8811
3014012,38.861324
3014013,203.98967
3014014,390.6393
3014015,26.449379
3014016,26.449379
3014017,272.24368
3014018,136.59915
3014019,4241.815
3014020,83.4098
3014021,85.261375
3014022,6.4828486
3014023,4.707078
3014024,4.707078
3014025,2739.1418
3014026,-6.897367
3014027,506.6457
3014028,-31.294622
3014029,1090.6477
3014030,1014.2229
3014031,205.46123
3014032,87.49015
3014033,155.98595
3014034,3730.897
3014035,-2.944951
3014036,-4.4257836
3014037,29.127241
3014038,-4.4257836
3014039,-4.4257836
3014040,243.34991
3014041,-1.7607585
3014042,-1.7607585
3014043,-1.7607585
3014044,199.75319
3014045,10.83081
3014046,181.02576
3014047,285.44598
3014048,-6.1000247
3014049,-6.1000247
3014050,156.98077
3014051,61.435287
3014052,867.365
3014053,14.840649
3014054,16.692225
3014055,-25.274158
3014056,-27.04993
3014057,-22.558258
3014058,2695.5432
3014059,-38.654377
3014060,457.41418
3014061,-63.05163
3014062,981.4134
3014063,832.88336
3014064,156.2298
3014065,55.73315
3014066,124.228905
3014067,3401.8823
3014068,-14.647864
3014069,-16.128696
3014070,17.42433
3014071,17.42433
3014072,-16.128696
3014073,214.17259
3014074,-13.46367
3014075,-13.46367
3014076,-13.46367
3014077,89.6798
3014078,-0.8720987
3014079,169.32283
3014080,256.26868
3014081,-17.802933
3014082,-17.802933
3014083,105.75834
3014084,49.732365
3014085,847.63
3014086,-4.894346
3014087,-3.0427723
3014088,68.680176
3014089,66.90443
3014090,313.9793
3014091,7659.744
3014092,269.40405
3014093,1762.4796
3014094,339.37567
3014095,1970.121
3014096,2109.8433
3014097,1010.9868
3014098,339.2818
3014099,375.94467
3014100,7300.3867
3014101,70.6855
3014102,69.20465
3014103,69.20465
3014104,292.75845
3014105,69.20465
3014106,668.6765
3014107,77.16988
3014108,568.4224
3014109,77.16988
3014110,473.48605
3014111,89.565
3014112,341.2785
3014113,1038.3527
3014114,130.1487
3014115,346.83148
3014116,718.788
3014117,597.82477
3014118,10592.949
3014119,165.59659
3014120,302.98468
3014121,-30.974634
3014122,-32.75041
3014123,-32.75041
3014124,1710.2999
3014125,-46.538834
3014126,225.98825
3014127,-70.93608
3014128,676.1821
3014129,340.34244
3014130,23.501238
3014131,17.7985
3014132,118.267715
3014133,2560.7139
3014134,-20.609062
3014135,-22.089897
3014136,-20.510313
3014137,-22.089897
3014138,-22.089897
3014139,1.4143926
3014140,-19.424877
3014141,-19.424877
3014142,-19.424877
3014143,11.657076
3014144,-8.75656
3014145,161.43837
3014146,56.655785
3014147,-21.82001
3014148,-21.82001
3014149,96.492386
3014150,42.800476
3014151,696.63696
3014152,-1.8345559
3014153,0.01702024
3014154,28.354147
3014155,26.578371
3014156,26.578371
3014157,2550.8276
3014158,7.259066
3014159,463.93793
3014160,1.0430602
3014161,1138.2146
3014162,817.024
3014163,153.53145
3014164,116.58237
3014165,193.84453
3014166,4474.085
3014167,12.192995
3014168,10.71216
3014169,36.60784
3014170,7.2347116
3014171,10.71216
3014172,144.54185
3014173,14.478525
3014174,14.478525
3014175,14.478525
3014176,69.29477
3014177,25.146843
3014178,223.88716
3014179,188.16757
3014180,13.898271
3014181,13.898271
3014182,137.45958
3014183,80.22767
3014184,766.4123
3014185,43.62475
3014186,45.47633
3014187,-34.05363
3014188,-35.829403
3014189,-35.829403
3014190,1609.267
3014191,-49.61783
3014192,271.24835
3014193,-74.015076
3014194,687.53394
3014195,365.89713
3014196,62.763577
3014197,14.719515
3014198,115.18872
3014199,2590.1196
3014200,-23.688063
3014201,-25.168896
3014202,-25.168896
3014203,-25.168896
3014204,-25.168896
3014205,11.669089
3014206,-22.503868
3014207,-22.503868
3014208,-22.503868
3014209,29.47697
3014210,-11.835558
3014211,158.35938
3014212,26.757256
3014213,-24.899008
3014214,-24.899008
3014215,93.41339
3014216,39.72148
3014217,693.558
3014218,-4.9135523
3014219,-3.0619745
3014220,14.239977
3014221,12.464199
3014222,12.464199
3014223,1876.9874
3014224,21.068027
3014225,408.06183
3014226,-9.99876
3014227,903.86584
3014228,617.05676
3014229,130.87236
3014230,124.40019
3014231,173.43239
3014232,3058.7742
3014233,4.006903
3014234,2.5260644
3014235,2.5260644
3014236,5.53375
3014237,2.5260644
3014238,31.174831
3014239,5.19109
3014240,5.19109
3014241,5.19109
3014242,58.60003
3014243,15.859403
3014244,186.0544
3014245,83.62027
3014246,-5.4495783
3014247,-5.4495783
3014248,173.76717
3014249,120.07517
3014250,1326.4259
3014251,-7.231492
3014252,-5.379916
3014253,32.659985
3014254,30.88421
3014255,32.722183
3014256,2600.9133
3014257,25.309315
3014258,453.9966
3014259,14.965212
3014260,1092.4648
3014261,829.6021
3014262,164.97728
3014263,127.60518
3014264,198.7547
3014265,4526.012
3014266,19.702969
3014267,18.222134
3014268,49.121464
3014269,34.78513
3014270,18.222134
3014271,129.40958
3014272,20.887154
3014273,20.887154
3014274,20.887154
3014275,114.85263
3014276,31.55547
3014277,204.98706
3014278,196.41057
3014279,17.861303
3014280,17.861303
3014281,141.4226
3014282,80.68636
3014283,529.5262
3014284,41.87048
3014285,43.72205
3014286,-12.010212
3014287,-13.78598
3014288,-13.78598
3014289,1739.2423
3014290,-36.02461
3014291,261.42496
3014292,-22.032316
3014293,677.7106
3014294,356.00107
3014295,13.363371
3014296,-13.111692
3014297,72.698814
3014298,2577.5498
3014299,-1.9025799
3014300,-3.3834157
3014301,-3.3834157
3014302,-3.3834157
3014303,-3.3834157
3014304,65.65743
3014305,-0.7183926
3014306,-0.7183926
3014307,-0.7183926
3014308,65.9211
3014309,9.949921
3014310,155.1697
3014311,77.03424
3014312,-28.088692
3014313,-28.088692
3014314,65.59841
3014315,11.906518
3014316,822.83875
3014317,17.555702
3014318,19.40728
3014319,1.5226003
3014320,-0.25317132
3014321,-0.25317132
3014322,3109.3184
3014323,4.290579
3014324,527.97327
3014325,-20.106676
3014326,1022.1338
3014327,863.10364
3014328,221.37422
3014329,93.26371
3014330,163.08316
3014331,3851.1965
3014332,11.943996
3014333,10.463161
3014334,44.01619
3014335,10.463161
3014336,10.463161
3014337,255.15007
3014338,13.128187
3014339,13.128187
3014340,13.128187
3014341,99.00573
3014342,25.719759
3014343,195.91469
3014344,297.24622
3014345,8.788929
3014346,8.788929
3014347,132.35028
3014348,76.324234
3014349,898.58466
3014350,27.516691
3014351,29.36827
3014352,22.180548
3014353,20.40478
3014354,177.01942
3014355,2490.7607
3014356,36.248734
3014357,580.5183
3014358,15.979593
3014359,1023.68365
3014360,891.7287
3014361,411.884
3014362,132.76842
3014363,190.32985
3014364,3757.8005
3014365,27.794582
3014366,26.313747
3014367,26.313747
3014368,93.514366
3014369,26.313747
3014370,285.06406
3014371,28.978771
3014372,206.43007
3014373,28.978771
3014374,270.50717
3014375,41.570343
3014376,216.05972
3014377,344.59998
3014378,32.801353
3014379,32.801353
3014380,161.68437
3014381,133.79082
3014382,4161.4897
3014383,68.09902
3014384,69.9506
3014385,37.29597
3014386,35.520206
3014387,100.4411
3014388,2286.1123
3014389,53.07942
3014390,595.02075
3014391,28.682165
3014392,1001.66394
3014393,911.05316
3014394,389.8643
3014395,145.47107
3014396,203.03242
3014397,3765.3184
3014398,25.009125
3014399,23.52829
3014400,47.57345
3014401,59.118988
3014402,23.52829
3014403,256.69672
3014404,26.193323
3014405,125.20685
3014406,26.193323
3014407,239.34406
3014408,38.78488
3014409,213.27426
3014410,313.4367
3014411,30.015898
3014412,111.42583
3014413,148.32832
3014414,120.43479
3014415,2689.1846
3014416,65.31357
3014417,67.165146
3014418,45.635853
3014419,43.86008
3014420,49.998455
3014421,3120.9944
3014422,49.5854
3014423,575.8111
3014424,39.241295
3014425,1307.7579
3014426,1027.7451
3014427,335.0942
3014428,148.6658
3014429,215.51483
3014430,4913.529
3014431,26.34883
3014432,24.867998
3014433,24.867998
3014434,67.50113
3014435,24.867998
3014436,233.8913
3014437,27.533028
3014438,27.533028
3014439,65.936844
3014440,128.45993
3014441,38.20134
3014442,215.92738
3014443,266.40576
3014444,24.135595
3014445,24.135595
3014446,194.63815
3014447,90.46502
3014448,880.87225
3014449,75.96868
3014450,60.014835
3014451,-8.4864645
3014452,-10.262234
3014453,-8.883745
3014454,2695.9333
3014455,-32.620502
3014456,569.2126
3014457,4.295747
3014458,1031.4196
3014459,867.69867
3014460,373.69678
3014461,131.69872
3014462,168.36154
3014463,3744.208
3014464,-6.589262
3014465,-8.070095
3014466,78.87558
3014467,78.87558
3014468,-8.070095
3014469,206.75136
3014470,-3.384504
3014471,121.563675
3014472,-3.384504
3014473,169.02415
3014474,9.010613
3014475,220.16602
3014476,329.5692
3014477,1.6755993
3014478,1.6755993
3014479,335.9758
3014480,151.98357
3014481,3193.77
3014482,25.044525
3014483,26.896105
3014484,31.671349
3014485,29.895582
3014486,29.895582
3014487,2590.094
3014488,47.45478
3014489,537.7555
3014490,23.057531
3014491,1172.8301
3014492,1062.2322
3014493,347.9599
3014494,114.24344
3014495,184.06285
3014496,4065.1567
3014497,20.19872
3014498,18.717886
3014499,36.788136
3014500,36.788136
3014501,18.717886
3014502,243.08185
3014503,21.382912
3014504,21.382912
3014505,21.382912
3014506,89.85442
3014507,32.051224
3014508,206.5406
3014509,289.47244
3014510,18.61621
3014511,18.61621
3014512,136.92863
3014513,86.7411
3014514,858.9098
3014515,54.43933
3014516,56.29091
3014517,18.58082
3014518,16.805052
3014519,81.22764
3014520,2175.9
3014521,35.286858
3014522,530.98315
3014523,10.889608
3014524,957.05414
3014525,858.8797
3014526,327.31448
3014527,127.67847
3014528,185.23987
3014529,3385.7048
3014530,13.958224
3014531,12.477391
3014532,12.477391
3014533,12.477391
3014534,12.477391
3014535,217.14185
3014536,15.142417
3014537,138.50778
3014538,15.142417
3014539,109.637566
3014540,27.73399
3014541,202.22337
3014542,259.56485
3014543,14.298973
3014544,14.298973
3014545,132.6114
3014546,104.71785
3014547,3913.2354
3014548,32.55766
3014549,34.409245
3014550,-76.95047
3014551,-78.72625
3014552,40.642345
3014553,2114.4326
3014554,-75.18838
3014555,496.29507
3014556,-99.585625
3014557,922.366
3014558,782.8474
3014559,310.56644
3014560,17.203148
3014561,74.76454
3014562,3026.2932
3014563,-9.0174055
3014564,-10.498241
3014565,-10.498241
3014566,65.75591
3014567,-10.498241
3014568,234.7342
3014569,-7.8332157
3014570,156.10014
3014571,121.10797
3014572,220.17735
3014573,4.7583556
3014574,176.61313
3014575,291.6354
3014576,-6.6452513
3014577,-6.6452513
3014578,122.23771
3014579,94.3442
3014580,3854.2705
3014581,11.613439
3014582,13.465016
3014583,16.407074
3014584,14.631298
3014585,9.116802
3014586,3460.1328
3014587,33.009804
3014588,533.15393
3014589,8.61256
3014590,1055.7986
3014591,901.12646
3014592,329.48523
3014593,104.46081
3014594,182.96281
3014595,3819.1252
3014596,-3.0234685
3014597,-4.5043035
3014598,20.151585
3014599,20.151585
3014600,-4.5043035
3014601,196.60112
3014602,2.2391515
3014603,2.2391515
3014604,2.2391515
3014605,97.39486
3014606,14.830719
3014607,205.39018
3014608,284.29224
3014609,13.598391
3014610,13.598391
3014611,137.15971
3014612,84.63808
3014613,1015.8159
3014614,17.001842
3014615,18.85342
3014616,65.407265
3014617,63.631474
3014618,98.11959
3014619,8818.749
3014620,117.72731
3014621,1810.9723
3014622,249.15933
3014623,2448.1912
3014624,2468.4973
3014625,670.5303
3014626,405.45633
3014627,632.7889
3014628,8828.913
3014629,51.94624
3014630,50.465405
3014631,192.60417
3014632,148.85
3014633,50.465405
3014634,736.4708
3014635,623.7392
3014636,333.5941
3014637,346.87894
3014638,431.43015
3014639,75.86441
3014640,493.8648
3014641,1804.3687
3014642,115.726204
3014643,115.726204
3014644,776.0459
3014645,559.74744
3014646,12187.087
3014647,634.5439
3014648,93.54399
3014649,59.638664
3014650,57.862885
3014651,93.180916
3014652,7887.845
3014653,78.65459
3014654,1590.7888
3014655,210.08667
3014656,2319.1238
3014657,1967.3672
3014658,575.25024
3014659,372.53482
3014660,599.86725
3014661,8718.219
3014662,25.19198
3014663,23.711145
3014664,172.25554
3014665,92.48008
3014666,23.711145
3014667,405.20166
3014668,307.53665
3014669,307.53665
3014670,202.76642
3014671,375.81473
3014672,49.110176
3014673,467.11057
3014674,1573.3892
3014675,85.104515
3014676,85.104515
3014677,736.34607
3014678,493.76282
3014679,9954.687
3014680,619.34564
3014681,126.02992
3014682,19.888493
3014683,18.112751
3014684,-83.30767
3014685,5951.008
3014686,17.835686
3014687,1373.5598
3014688,55.98426
3014689,2082.3176
3014690,1799.6846
3014691,388.2042
3014692,241.09117
3014693,468.42365
3014694,8340.406
3014695,25.277851
3014696,23.797012
3014697,86.44181
3014698,52.853043
3014699,23.797012
3014700,550.3852
3014701,469.36356
3014702,469.36356
3014703,69.30877
3014704,231.58725
3014705,49.19605
3014706,456.172
3014707,1572.7972
3014708,212.46957
3014709,249.87032
3014710,676.7167
3014711,315.73068
3014712,5013.2964
3014713,275.99884
3014714,77.12598
3014715,37.021477
3014716,35.245735
3014717,-57.73685
3014718,6370.797
3014719,34.968685
3014720,1495.2834
3014721,73.11725
3014722,2177.3147
3014723,1876.3436
3014724,472.43698
3014725,258.22415
3014726,485.55664
3014727,8512.512
3014728,42.410843
3014729,40.93
3014730,78.42386
3014731,-0.73665905
3014732,40.93
3014733,339.16714
3014734,188.8801
3014735,553.59644
3014736,188.8801
3014737,257.15805
3014738,66.32902
3014739,473.305
3014740,1455.6222
3014741,68.863464
3014742,68.863464
3014743,654.7816
3014744,387.35666
3014745,6067.483
3014746,414.7246
3014747,148.752
3014748,-16.055874
3014749,-17.831636
3014750,-175.94453
3014751,4310.344
3014752,-28.962917
3014753,1068.6855
3014754,2.411984
3014755,1799.3779
3014756,1512.6602
3014757,318.56525
3014758,201.40631
3014759,428.73862
3014760,6700.199
3014761,21.909464
3014762,20.428627
3014763,81.932045
3014764,41.83104
3014765,20.428627
3014766,298.68182
3014767,23.553545
3014768,79.640434
3014769,162.51051
3014770,235.70367
3014771,46.49631
3014772,386.84845
3014773,900.7553
3014774,40.260952
3014775,40.260952
3014776,601.50354
3014777,160.24838
3014778,3449.7146
3014779,77.92669
3014780,-70.80857
3014781,11.421799
3014782,9.646036
3014783,71.44643
3014784,5982.258
3014785,1.5607797
3014786,1681.8524
3014787,68.7587
3014788,2031.1606
3014789,2220.5947
3014790,505.64127
3014791,254.79333
3014792,482.1258
3014793,7215.024
3014794,32.75247
3014795,31.271635
3014796,193.54953
3014797,179.97885
3014798,31.271635
3014799,397.0693
3014800,256.8137
3014801,318.4352
3014802,256.8137
3014803,386.7133
3014804,57.33932
3014805,387.15912
3014806,1336.2896
3014807,63.007122
3014808,63.007122
3014809,589.1344
3014810,361.9643
3014811,9947.792
3014812,930.1149
3014813,68.70331
3014814,-25.053726
3014815,-26.829502
3014816,-26.829502
3014817,2070.7305
3014818,-62.047215
3014819,224.0411
3014820,-16.99886
3014821,749.0782
3014822,594.88477
3014823,91.355286
3014824,119.49055
3014825,156.15341
3014826,3360.2664
3014827,-5.873866
3014828,-7.354701
3014829,-7.354701
3014830,-9.788153
3014831,-7.354701
3014832,91.17291
3014833,0.610529
3014834,-24.63001
3014835,0.610529
3014836,54.22568
3014837,13.005645
3014838,224.16103
3014839,139.9324
3014840,17.783575
3014841,17.783575
3014842,293.79645
3014843,117.77519
3014844,2332.3804
3014845,5.610484
3014846,7.4620543
3014847,1.7370201
3014848,-0.038746238
3014849,-202.64099
3014850,3686.0862
3014851,-18.621292
3014852,949.6073
3014853,-7.9091
3014854,1564.178
3014855,1207.944
3014856,118.200966
3014857,176.88391
3014858,404.21628
3014859,6095.2275
3014860,15.853345
3014861,14.372515
3014862,14.372515
3014863,8.194279
3014864,14.372515
3014865,192.54651
3014866,22.381557
3014867,74.60924
3014868,13.419001
3014869,129.56833
3014870,31.90663
3014871,387.37213
3014872,849.60095
3014873,16.500355
3014874,16.500355
3014875,391.97162
3014876,196.66507
3014877,3332.6982
3014878,399.28033
3014879,35.462276
3014880,29.149633
3014881,27.373865
3014882,-42.756706
3014883,4298.5264
3014884,43.505096
3014885,1182.2594
3014886,58.96467
3014887,1711.0247
3014888,1620.2987
3014889,197.49916
3014890,229.31204
3014891,442.22534
3014892,5649.0405
3014893,32.666855
3014894,31.186016
3014895,31.186016
3014896,5.6380324
3014897,31.186016
3014898,239.5682
3014899,30.232512
3014900,108.31191
3014901,30.232512
3014902,176.59
3014903,48.720142
3014904,381.14227
3014905,616.8815
3014906,50.672916
3014907,50.672916
3014908,563.25757
3014909,403.06644
3014910,6736.7437
3014911,78.38071
3014912,84.43513
3014913,-31.79822
3014914,-33.447456
3014915,-40.37367
3014916,4541.6787
3014917,-92.246216
3014918,1246.3427
3014919,-284.81735
3014920,1666.9702
3014921,1663.1594
3014922,227.05127
3014923,-94.73488
3014924,132.59761
3014925,6048.003
3014926,-40.63203
3014927,-42.112865
3014928,-42.112865
3014929,42.182278
3014930,-42.112865
3014931,499.66342
3014932,-43.06635
3014933,464.18335
3014934,-43.06635
3014935,147.44931
3014936,-24.578709
3014937,201.61118
3014938,631.44055
3014939,-44.118805
3014940,-44.118805
3014941,124.50204
3014942,35.75599
3014943,8605.539
3014944,-68.54273
3014945,-58.249626
3014946,-15.952574
3014947,-17.728346
3014948,22.51042
3014949,1881.8241
3014950,-51.314106
3014951,372.89432
3014952,-147.8228
3014953,803.79706
3014954,697.84576
3014955,188.21358
3014956,-12.046284
3014957,45.515106
3014958,3024.5054
3014959,-13.6438875
3014960,-15.124728
3014961,-15.124728
3014962,9.385576
3014963,-15.124728
3014964,152.21765
3014965,-12.459701
3014966,45.605995
3014967,-12.459701
3014968,137.6608
3014969,0.1318701
3014970,160.32458
3014971,167.50711
3014972,-31.467176
3014973,-31.467176
3014974,88.92508
3014975,47.17205
3014976,2587.228
3014977,37.9676
3014978,39.819168
3014979,-20.313442
3014980,-22.08921
3014981,-22.08921
3014982,2016.3783
3014983,-28.892567
3014984,384.31003
3014985,-63.260796
3014986,792.4867
3014987,517.887
3014988,97.60861
3014989,35.44103
3014990,120.528595
3014991,3073.2559
3014992,-16.576077
3014993,-18.056911
3014994,-18.056911
3014995,-18.056911
3014996,-18.056911
3014997,81.06355
3014998,-15.391883
3014999,-15.391883
3015000,-15.391883
3015001,53.079617
3015002,-4.72357
3015003,159.77766
3015004,120.525116
3015005,-28.146698
3015006,-28.146698
3015007,88.699684
3015008,28.383022
3015009,975.05646
3015010,-6.3469563
3015011,-4.4953785
3015012,40.811596
3015013,39.03583
3015014,47.60002
3015015,3248.6562
3015016,43.636883
3015017,714.5754
3015018,65.7428
3015019,1195.4965
3015020,1096.1285
3015021,476.31973
3015022,165.78561
3015023,202.44844
3015024,3903.7505
3015025,19.820621
3015026,18.339785
3015027,63.03525
3015028,63.03525
3015029,18.339785
3015030,296.4683
3015031,23.02539
3015032,211.2807
3015033,211.2807
3015034,158.34636
3015035,35.420513
3015036,250.83083
3015037,454.4537
3015038,39.70104
3015039,39.70104
3015040,384.9846
3015041,216.50517
3015042,4136.518
3015043,54.08617
3015044,40.58865
3015045,28.932472
3015046,27.156702
3015047,191.176
3015048,4117.044
3015049,47.427628
3015050,869.3492
3015051,117.39915
3015052,1298.6407
3015053,1119.9801
3015054,634.41656
3015055,205.38548
3015056,242.04831
3015057,4431.156
3015058,21.727121
3015059,20.246284
3015060,118.41892
3015061,125.73794
3015062,20.246284
3015063,390.4033
3015064,28.21153
3015065,375.57578
3015066,110.00362
3015067,369.29288
3015068,40.606647
3015069,256.017
3015070,555.3739
3015071,44.88718
3015072,44.88718
3015073,441.92825
3015074,320.96497
3015075,6483.096
3015076,90.598015
3015077,75.86613
3015078,32.439156
3015079,30.663387
3015080,194.6827
3015081,4181.7227
3015082,50.93431
3015083,866.12396
3015084,120.90583
3015085,1322.6951
3015086,1178.4028
3015087,644.98346
3015088,208.89218
3015089,245.55501
3015090,4737.554
3015091,25.233807
3015092,23.75297
3015093,121.925606
3015094,113.57368
3015095,23.75297
3015096,393.90997
3015097,31.718216
3015098,375.79337
3015099,113.5103
3015100,372.79956
3015101,44.11333
3015102,259.52368
3015103,579.49023
3015104,48.393864
3015105,48.393864
3015106,445.43494
3015107,324.47165
3015108,6616.5405
3015109,94.1047
3015110,95.95629
3015111,-15.625597
3015112,-17.401367
3015113,91.03832
3015114,3826.4485
3015115,-10.270876
3015116,787.3106
3015117,69.45327
3015118,1327.6985
3015119,1156.7758
3015120,569.7173
3015121,250.12378
3015122,233.93744
3015123,6465.6533
3015124,24.107481
3015125,22.62665
3015126,116.85119
3015127,116.85119
3015128,22.62665
3015129,444.7847
3015130,30.591908
3015131,30.591908
3015132,280.0722
3015133,344.14944
3015134,42.987022
3015135,223.96747
3015136,539.75946
3015137,18.058424
3015138,18.058424
3015139,371.34964
3015140,203.07663
3015141,1642.5216
3015142,656.6785
3015143,23.369965
3015144,3.3207858
3015145,1.5450113
3015146,1.5450113
3015147,2681.7383
3015148,-24.200905
3015149,401.9877
3015150,-2.0950074
3015151,895.0818
3015152,743.88556
3015153,299.2372
3015154,123.73364
3015155,160.3965
3015156,3227.106
3015157,0.23253381
3015158,-1.2483008
3015159,29.444378
3015160,12.654597
3015161,-1.2483008
3015162,270.65414
3015163,10.759053
3015164,10.759053
3015165,10.759053
3015166,123.618034
3015167,27.353876
3015168,238.50925
3015169,342.0786
3015170,11.226753
3015171,11.226753
3015172,331.4256
3015173,173.1242
3015174,2081.2512
3015175,59.639053
3015176,52.845947
3015177,-19.161861
3015178,-20.937632
3015179,-20.937632
3015180,1612.5728
3015181,-41.986504
3015182,267.37408
3015183,-38.93033
3015184,760.69696
3015185,621.4733
3015186,102.646706
3015187,15.8280945
3015188,64.748886
3015189,3113.2625
3015190,-6.680656
3015191,-8.1614895
3015192,-54.662807
3015193,-8.1614895
3015194,-8.1614895
3015195,80.360245
3015196,-5.721002
3015197,-5.721002
3015198,-5.721002
3015199,49.053158
3015200,6.674112
3015201,105.79518
3015202,87.08137
3015203,-19.381372
3015204,-19.381372
3015205,225.32689
3015206,0.15897167
3015207,648.6442
3015208,-140.60011
3015209,-58.841698
3015210,77.60076
3015211,75.82499
3015212,75.82499
3015213,3740.1587
3015214,97.05278
3015215,899.122
3015216,164.65913
3015217,1392.0746
3015218,1117.1038
3015219,709.5355
3015220,249.98918
3015221,302.7471
3015222,6706.438
3015223,43.089478
3015224,41.608643
3015225,66.898834
3015226,66.898834
3015227,41.608643
3015228,428.8592
3015229,45.35153
3015230,45.35153
3015231,45.35153
3015232,135.3738
3015233,56.019836
3015234,535.0616
3015235,497.22067
3015236,58.572468
3015237,58.572468
3015238,258.01675
3015239,131.33183
3015240,926.70337
3015241,87.49251
3015242,84.20456
3015243,-1.3233387
3015244,-3.0991135
3015245,-3.0991135
3015246,1674.5719
3015247,-19.8846
3015248,359.93393
3015249,-48.630566
3015250,786.7427
3015251,512.4868
3015252,56.286594
3015253,48.972706
3015254,107.87198
3015255,2908.2756
3015256,-2.0463927
3015257,-3.5272317
3015258,-3.5272317
3015259,-21.614258
3015260,-3.5272317
3015261,85.56728
3015262,-1.086741
3015263,-1.086741
3015264,-23.142323
3015265,29.767532
3015266,9.581573
3015267,156.00577
3015268,130.28358
3015269,-11.379889
3015270,-11.379889
3015271,122.90685
3015272,-3.6317964
3015273,570.54663
3015274,-169.06895
3015275,-5.415592
3015276,-1.3233387
3015277,-3.0991135
3015278,-3.0991135
3015279,1707.218
3015280,-19.8846
3015281,340.57053
3015282,-48.630566
3015283,771.3718
3015284,535.9812
3015285,70.39564
3015286,48.972706
3015287,107.87198
3015288,2808.065
3015289,-2.0463927
3015290,-3.5272317
3015291,-3.5272317
3015292,-21.614258
3015293,-3.5272317
3015294,85.56728
3015295,-1.086741
3015296,-1.086741
3015297,-1.086741
3015298,51.960606
3015299,9.581573
3015300,155.3319
3015301,124.386856
3015302,-11.379889
3015303,-11.379889
3015304,112.1814
3015305,-3.6317964
3015306,499.01367
3015307,-244.84842
3015308,-5.415592
3015309,3.161325
3015310,1.3855498
3015311,-30.90719
3015312,1516.3765
3015313,-2.1227908
3015314,368.1905
3015315,-49.686428
3015316,863.59015
3015317,719.69135
3015318,117.735435
3015319,82.11494
3015320,129.82787
3015321,3078.3496
3015322,1.0765207
3015323,-0.40431058
3015324,-0.40431058
3015325,-0.40431058
3015326,-0.40431058
3015327,144.17986
3015328,5.3158164
3015329,5.3158164
3015330,5.3158164
3015331,60.08997
3015332,17.71093
3015333,232.84908
3015334,192.17453
3015335,3.0634933
3015336,3.0634933
3015337,166.7458
3015338,62.673935
3015339,874.0567
3015340,-4.83724
3015341,-2.9856634
3015342,-1.3233387
3015343,-3.0991135
3015344,-3.0991135
3015345,1687.7882
3015346,-19.8846
3015347,359.93393
3015348,-48.630566
3015349,790.03467
3015350,512.4868
3015351,56.286594
3015352,48.972706
3015353,107.87198
3015354,2887.8828
3015355,-2.0463927
3015356,-3.5272317
3015357,-3.5272317
3015358,-21.614258
3015359,-3.5272317
3015360,85.56728
3015361,-1.086741
3015362,-1.086741
3015363,-1.086741
3015364,29.767532
3015365,9.581573
3015366,168.3869
3015367,124.386856
3015368,-11.379889
3015369,55.984108
3015370,112.1814
3015371,17.217936
3015372,570.54663
3015373,-7.2671766
3015374,-5.415592
3015375,6.801934
3015376,5.026157
3015377,5.026157
3015378,1373.3436
3015379,-10.190695
3015380,302.21124
3015381,-57.754337
3015382,769.76373
3015383,595.88617
3015384,77.05944
3015385,55.400906
3015386,115.932594
3015387,2669.8833
3015388,-6.6186385
3015389,-8.099475
3015390,-26.081694
3015391,-8.099475
3015392,-8.099475
3015393,64.32267
3015394,-2.3793454
3015395,-2.3793454
3015396,-2.3793454
3015397,48.104347
3015398,10.015771
3015399,124.096306
3015400,119.56585
3015401,-0.76429176
3015402,-0.76429176
3015403,126.39361
3015404,38.477272
3015405,548.3013
3015406,-1.8414439
3015407,0.01013267
3015408,16.11747
3015409,14.341694
3015410,57.09664
3015411,2351.8687
3015412,20.709816
3015413,508.32675
3015414,-16.740993
3015415,1041.7805
3015416,801.00006
3015417,371.42114
3015418,143.18475
3015419,149.83754
3015420,3592.9424
3015421,8.427644
3015422,6.9468093
3015423,6.9468093
3015424,6.9468093
3015425,6.9468093
3015426,220.43892
3015427,9.387294
3015428,9.387294
3015429,52.325665
3015430,64.16145
3015431,21.782413
3015432,393.36185
3015433,262.53687
3015434,-1.1105599
3015435,-1.1105599
3015436,196.03401
3015437,91.96213
3015438,1260.9197
3015439,-64.56236
3015440,11.671797
3015441,-5.5332646
3015442,-7.3090425
3015443,-18.171621
3015444,2407.9043
3015445,0.23123622
3015446,399.6088
3015447,-41.56828
3015448,979.10565
3015449,663.10864
3015450,202.22873
3015451,69.841354
3015452,119.82188
3015453,3685.5164
3015454,-0.05255723
3015455,-1.5333922
3015456,2.5019999
3015457,2.5019999
3015458,-1.5333922
3015459,120.58723
3015460,0.9070928
3015461,0.9070928
3015462,5.5776258
3015463,46.73864
3015464,13.302209
3015465,167.10318
3015466,154.9543
3015467,-15.904789
3015468,-15.904789
3015469,176.3955
3015470,62.978226
3015471,1288.0029
3015472,-166.02689
3015473,-30.322191
3015474,5.9940495
3015475,4.218276
3015476,-33.602585
3015477,1996.9243
3015478,-10.163434
3015479,359.23477
3015480,-38.909397
3015481,854.6173
3015482,622.79663
3015483,101.9846
3015484,56.184498
3015485,117.593155
3015486,2872.648
3015487,7.674774
3015488,6.1939354
3015489,-14.402455
3015490,6.1939354
3015491,6.1939354
3015492,155.71124
3015493,8.634429
3015494,8.634429
3015495,8.634429
3015496,61.681774
3015497,19.302742
3015498,200.54143
3015499,175.9816
3015500,-1.6587179
3015501,-1.6587179
3015502,121.902565
3015503,13.238104
3015504,581.2628
3015505,5.9583817
3015506,7.8099613
3015507,10.296448
3015508,8.520677
3015509,8.520677
3015510,3354.116
3015511,7.373831
3015512,710.27155
3015513,29.47975
3015514,1185.6089
3015515,1063.4697
3015516,423.06735
3015517,116.83545
3015518,153.49828
3015519,4746.9194
3015520,-1.1726363
3015521,-2.653472
3015522,-2.653472
3015523,22.462
3015524,-2.653472
3015525,376.53397
3015526,9.353878
3015527,9.353878
3015528,67.68495
3015529,104.848694
3015530,21.749004
3015531,247.52347
3015532,467.34274
3015533,36.39373
3015534,36.39373
3015535,368.74393
3015536,193.3067
3015537,2288.2256
3015538,50.464314
3015539,52.31589
3015540,-33.727196
3015541,-35.502968
3015542,71.75984
3015543,2545.327
3015544,-37.58082
3015545,542.2679
3015546,-60.221313
3015547,1092.9872
3015548,808.58606
3015549,365.64603
3015550,174.39746
3015551,110.60835
3015552,4443.8613
3015553,-12.015856
3015554,41.213413
3015555,55.224804
3015556,-13.49669
3015557,-13.49669
3015558,211.2753
3015559,-10.831668
3015560,-10.831668
3015561,70.91018
3015562,123.67153
3015563,1.2222613
3015564,324.30414
3015565,264.92313
3015566,-23.954111
3015567,-23.954111
3015568,196.62875
3015569,97.80864
3015570,1371.5725
3015571,-74.03767
3015572,-37.49341
3015573,-42.041958
3015574,-43.817738
3015575,-43.817738
3015576,2185.3435
3015577,-86.41141
3015578,308.07205
3015579,-147.0119
3015580,1001.2485
3015581,613.16376
3015582,179.6115
3015583,-22.131021
3015584,23.817673
3015585,3868.6287
3015586,-29.222147
3015587,-30.702978
3015588,-25.115618
3015589,-27.402273
3015590,-30.702978
3015591,133.65924
3015592,-28.037958
3015593,-28.037958
3015594,-28.037958
3015595,70.51477
3015596,-15.984033
3015597,198.92892
3015598,176.95784
3015599,-39.632633
3015600,-39.632633
3015601,110.93008
3015602,12.110118
3015603,987.609
3015604,-44.57233
3015605,-42.720757
3015606,-37.037804
3015607,-38.813576
3015608,-38.813576
3015609,1498.7626
3015610,-78.94914
3015611,299.81827
3015612,-165.48685
3015613,706.7099
3015614,490.63882
3015615,-4.1315947
3015616,-36.042404
3015617,21.269615
3015618,2426.2925
3015619,-16.18394
3015620,-17.664772
3015621,-17.664772
3015622,-23.440742
3015623,-17.664772
3015624,70.50623
3015625,-14.999754
3015626,-14.999754
3015627,-14.999754
3015628,43.95627
3015629,-4.331437
3015630,129.3736
3015631,75.42889
3015632,-46.23743
3015633,-46.23743
3015634,52.69858
3015635,-8.037679
3015636,875.25214
3015637,-87.94682
3015638,-9.095488
3015639,-22.197138
3015640,-23.972914
3015641,-23.972914
3015642,2034.4491
3015643,-35.42793
3015644,252.54651
3015645,-60.44445
3015646,637.33246
3015647,424.5873
3015648,-0.8051444
3015649,74.8803
3015650,118.52263
3015651,2432.956
3015652,8.043911
3015653,6.563076
3015654,6.563076
3015655,0.24530035
3015656,6.563076
3015657,61.53906
3015658,9.228098
3015659,9.228098
3015660,-8.2262
3015661,69.56557
3015662,21.81967
3015663,242.68988
3015664,51.104744
3015665,4.7723284
3015666,4.7723284
3015667,155.1756
3015668,77.52349
3015669,1142.8524
3015670,14.336616
3015671,-51.576797
3015672,42.28869
3015673,40.512917
3015674,40.512917
3015675,3490.9866
3015676,73.759476
3015677,757.7365
3015678,65.97386
3015679,1149.3558
3015680,960.9931
3015681,578.78644
3015682,194.19514
3015683,251.75653
3015684,3615.39
3015685,35.921036
3015686,34.4402
3015687,65.24201
3015688,114.65992
3015689,34.4402
3015690,312.26767
3015691,37.10523
3015692,37.10523
3015693,37.10523
3015694,224.69295
3015695,49.696796
3015696,214.82515
3015697,430.33817
3015698,37.284847
3015699,37.284847
3015700,258.1547
3015701,193.882
3015702,1800.0919
3015703,90.415085
3015704,72.31707
3015705,-22.03634
3015706,-23.812113
3015707,-38.91981
3015708,2038.2389
3015709,-27.176588
3015710,288.58157
3015711,-84.6334
3015712,694.17993
3015713,558.85583
3015714,124.824394
3015715,58.34718
3015716,115.90858
3015717,2484.954
3015718,-3.9657364
3015719,-5.4465737
3015720,-5.4465737
3015721,-17.418842
3015722,-5.4465737
3015723,77.58713
3015724,-2.7815514
3015725,-2.7815514
3015726,-2.7815514
3015727,57.87064
3015728,9.272376
3015729,174.40073
3015730,133.8246
3015731,-3.1395636
3015732,-3.1395636
3015733,151.39421
3015734,58.14888
3015735,1029.1072
3015736,8.444745
3015737,10.296323
3015738,-29.59612
3015739,-31.37189
3015740,-26.60739
3015741,1858.39
3015742,-42.976337
3015743,345.6195
3015744,-67.37359
3015745,751.66003
3015746,536.9033
3015747,101.65133
3015748,62.345543
3015749,119.90694
3015750,2703.5857
3015751,-17.149132
3015752,-18.62997
3015753,-18.62997
3015754,-18.62997
3015755,-18.62997
3015756,46.906483
3015757,-15.964948
3015758,-15.964948
3015759,-15.964948
3015760,44.087894
3015761,-3.3733773
3015762,166.82155
3015763,87.9264
3015764,-20.304203
3015765,-20.304203
3015766,103.25705
3015767,47.231094
3015768,1118.2798
3015769,-4.7357817
3015770,-2.8841977
3015771,16.04389
3015772,14.268114
3015773,110.710815
3015774,2926.5312
3015775,49.90038
3015776,655.1055
3015777,23.258604
3015778,965.57336
3015779,828.66473
3015780,321.48422
3015781,165.5119
3015782,223.07329
3015783,3350.4436
3015784,27.519804
3015785,26.03897
3015786,26.03897
3015787,41.238617
3015788,26.03897
3015789,291.64355
3015790,28.703987
3015791,28.703987
3015792,28.703987
3015793,204.06885
3015794,41.29555
3015795,206.42387
3015796,319.27078
3015797,28.883614
3015798,28.883614
3015799,203.30614
3015800,139.0334
3015801,1416.2153
3015802,85.84403
3015803,107.28128
3015804,6.4828486
3015805,4.707078
3015806,4.707078
3015807,2743.1858
3015808,-6.897367
3015809,448.3157
3015810,-31.294622
3015811,938.7299
3015812,711.20605
3015813,220.04062
3015814,102.06958
3015815,155.98595
3015816,3602.0054
3015817,-0.5107121
3015818,-1.9915524
3015819,9.547245
3015820,9.547245
3015821,-1.9915524
3015822,223.47948
3015823,0.6734738
3015824,0.6734738
3015825,0.6734738
3015826,96.543594
3015827,13.265042
3015828,413.78705
3015829,269.84747
3015830,-3.665784
3015831,-3.665784
3015832,119.895485
3015833,63.869503
3015834,969.25903
3015835,17.274881
3015836,19.126465
3015837,-25.274158
3015838,-27.04993
3015839,-27.04993
3015840,2627.2913
3015841,-38.654377
3015842,399.0843
3015843,-63.05163
3015844,861.76105
3015845,644.0345
3015846,170.80919
3015847,70.31258
3015848,124.228905
3015849,3325.4648
3015850,-12.213624
3015851,-13.694464
3015852,-7.92318
3015853,-13.694464
3015854,-13.694464
3015855,204.6514
3015856,-11.029439
3015857,-11.029439
3015858,-11.029439
3015859,84.43054
3015860,1.5621325
3015861,332.28467
3015862,251.01947
3015863,-15.368697
3015864,-15.368697
3015865,140.02861
3015866,52.1666
3015867,949.5242
3015868,-2.460114
3015869,-0.6085291
3015870,68.680176
3015871,66.90443
3015872,328.55862
3015873,7484.867
3015874,269.40405
3015875,1515.0696
3015876,339.37567
3015877,1984.7003
3015878,1841.6332
3015879,1025.5662
3015880,339.2818
3015881,375.94467
3015882,7905.253
3015883,70.6855
3015884,69.20465
3015885,69.20465
3015886,273.17844
3015887,69.20465
3015888,669.5047
3015889,77.16988
3015890,77.16988
3015891,242.9456
3015892,387.53104
3015893,89.565
3015894,341.2785
3015895,760.0439
3015896,130.1487
3015897,130.1487
3015898,718.788
3015899,597.82477
3015900,5043.2134
3015901,165.59659
3015902,329.78113
3015903,-30.974634
3015904,-32.75041
3015905,-32.75041
3015906,1592.6826
3015907,-46.538834
3015908,309.59567
3015909,-70.93608
3015910,690.7616
3015911,493.33316
3015912,13.740503
3015913,32.377975
3015914,118.267715
3015915,2524.9097
3015916,-18.174824
3015917,-19.655666
3015918,-40.09032
3015919,-19.655666
3015920,-19.655666
3015921,-8.106806
3015922,-16.990637
3015923,-16.990637
3015924,-16.990637
3015925,36.05671
3015926,-6.3223224
3015927,4.323243
3015928,24.586994
3015929,-19.385769
3015930,-19.385769
3015931,98.92662
3015932,45.23471
3015933,798.53156
3015934,0.5996773
3015935,2.451261
3015936,28.354147
3015937,26.578371
3015938,26.578371
3015939,2450.0327
3015940,7.259066
3015941,436.02817
3015942,1.0430602
3015943,1045.7125
3015944,662.4683
3015945,111.43763
3015946,131.16179
3015947,193.84453
3015948,4306.2666
3015949,14.627227
3015950,13.146392
3015951,17.027853
3015952,17.027853
3015953,13.146392
3015954,135.02065
3015955,16.912766
3015956,16.912766
3015957,16.912766
3015958,64.04552
3015959,27.581078
3015960,265.60883
3015961,182.91832
3015962,16.332508
3015963,16.332508
3015964,139.89383
3015965,82.6619
3015966,868.307
3015967,46.058983
3015968,47.910557
3015969,-34.05363
3015970,-35.829403
3015971,-35.829403
3015972,1622.0885
3015973,-49.61783
3015974,354.41034
3015975,-74.015076
3015976,687.6826
3015977,537.00903
3015978,77.34294
3015979,29.298977
3015980,115.18872
3015981,2579.5288
3015982,-21.253822
3015983,-22.734663
3015984,-22.734663
3015985,-22.734663
3015986,-22.734663
3015987,9.554678
3015988,-20.069635
3015989,-20.069635
3015990,-20.069635
3015991,32.977707
3015992,-9.401323
3015993,83.01785
3015994,21.508
3015995,-22.464767
3015996,-22.464767
3015997,95.847626
3015998,42.155716
3015999,795.4526
3016000,-2.4793177
3016001,-0.6277373
3016002,14.239977
3016003,12.464199
3016004,12.464199
3016005,1856.1414
3016006,21.068027
3016007,443.0535
3016008,-9.99876
3016009,914.35803
3016010,722.0977
3016011,154.44995
3016012,138.9797
3016013,173.43239
3016014,3097.9675
3016015,6.441138
3016016,4.9603047
3016017,4.9603047
3016018,4.9603047
3016019,4.9603047
3016020,32.89134
3016021,7.625326
3016022,7.625326
3016023,7.625326
3016024,60.67267
3016025,18.293636
3016026,106.104164
3016027,78.37101
3016028,-3.0153441
3016029,-3.0153441
3016030,176.20143
3016031,122.50948
3016032,1428.3204
3016033,-4.7972574
3016034,-2.945681
3016035,32.659985
3016036,30.88421
3016037,30.88421
3016038,2479.6406
3016039,25.309315
3016040,467.80182
3016041,14.965212
3016042,1009.7699
3016043,679.3286
3016044,122.88348
3016045,142.18465
3016046,198.7547
3016047,4358.194
3016048,22.137201
3016049,20.656366
3016050,20.656366
3016051,15.205126
3016052,20.656366
3016053,128.41136
3016054,23.321392
3016055,23.321392
3016056,23.321392
3016057,107.55886
3016058,33.989704
3016059,231.49512
3016060,191.16132
3016061,20.295534
3016062,20.295534
3016063,173.03914
3016064,83.1206
3016065,613.53
3016066,44.304707
3016067,46.156284
3016068,-12.010212
3016069,-13.78598
3016070,-13.78598
3016071,1610.6077
3016072,-36.02461
3016073,307.88358
3016074,-122.56236
3016075,656.8648
3016076,480.43073
3016077,4.52471
3016078,1.4677423
3016079,72.698814
3016080,2555.8723
3016081,0.5316545
3016082,-0.9491819
3016083,-0.9491819
3016084,-0.9491819
3016085,-0.9491819
3016086,37.246807
3016087,1.715844
3016088,1.715844
3016089,1.715844
3016090,60.67188
3016091,12.384159
3016092,46.36115
3016093,44.96545
3016094,-25.654455
3016095,-25.654455
3016096,68.032646
3016097,14.340756
3016098,730.4611
3016099,19.989935
3016100,21.84151
3016101,1.5226003
3016102,-0.25317132
3016103,-0.25317132
3016104,2828.9807
3016105,4.290579
3016106,470.32724
3016107,-20.106676
3016108,944.79974
3016109,747.6102
3016110,235.9536
3016111,107.84314
3016112,161.75957
3016113,3774.7793
3016114,14.378238
3016115,12.897398
3016116,12.897398
3016117,24.436207
3016118,12.897398
3016119,216.58907
3016120,15.562419
3016121,15.562419
3016122,15.562419
3016123,70.53303
3016124,28.153992
3016125,342.0957
3016126,291.9969
3016127,11.223167
3016128,11.223167
3016129,134.78448
3016130,78.75847
3016131,1000.479
3016132,29.95092
3016133,31.802505
3016134,22.180548
3016135,20.40478
3016136,121.66172
3016137,2645.448
3016138,36.248734
3016139,612.19214
3016140,15.979593
3016141,1038.263
3016142,807.57794
3016143,426.4635
3016144,132.76842
3016145,190.32985
3016146,3781.594
3016147,30.228819
3016148,28.747984
3016149,28.747984
3016150,73.93437
3016151,28.747984
3016152,278.33884
3016153,31.413002
3016154,31.413002
3016155,31.413002
3016156,230.26591
3016157,44.00457
3016158,218.49393
3016159,339.3507
3016160,35.235588
3016161,35.235588
3016162,164.1186
3016163,136.22505
3016164,1510.7716
3016165,70.53326
3016166,72.38483
3016167,37.29597
3016168,35.520206
3016169,35.520206
3016170,2614.2896
3016171,53.07942
3016172,572.23236
3016173,28.682165
3016174,1016.2434
3016175,803.4983
3016176,404.44366
3016177,145.47107
3016178,203.03242
3016179,3822.1052
3016180,27.44337
3016181,25.962526
3016182,27.993464
3016183,27.993464
3016184,25.962526
3016185,244.37971
3016186,28.62756
3016187,28.62756
3016188,28.62756
3016189,142.07623
3016190,41.219124
3016191,215.70848
3016192,308.18744
3016193,32.450134
3016194,32.450134
3016195,150.76256
3016196,122.869026
3016197,1107.8945
3016198,67.7478
3016199,4.960927
3016200,45.635853
3016201,43.86008
3016202,64.57786
3016203,2893.954
3016204,49.5854
3016205,549.7023
3016206,39.241295
3016207,1134.5886
3016208,793.51666
3016209,331.73352
3016210,163.2452
3016211,215.51483
3016212,4745.7114
3016213,28.783073
3016214,27.302242
3016215,27.302242
3016216,47.92114
3016217,27.302242
3016218,224.3701
3016219,29.967255
3016220,29.967255
3016221,59.13339
3016222,123.2106
3016223,40.635567
3016224,249.14386
3016225,278.2693
3016226,26.569824
3016227,26.569824
3016228,189.3889
3016229,92.899254
3016230,982.7666
3016231,55.25554
3016232,62.449062
3016233,-8.4864645
3016234,-10.262234
3016235,-10.262234
3016236,2906.9492
3016237,-32.620502
3016238,583.79205
3016239,4.295747
3016240,1026.571
3016241,819.43677
3016242,388.27612
3016243,131.69872
3016244,168.36154
3016245,3667.7908
3016246,-6.589262
3016247,-8.070095
3016248,59.29557
3016249,-8.070095
3016250,-8.070095
3016251,197.23012
3016252,-3.384504
3016253,-3.384504
3016254,-3.384504
3016255,51.38966
3016256,9.010613
3016257,220.16602
3016258,318.42325
3016259,1.6755993
3016260,1.6755993
3016261,335.9758
3016262,169.86272
3016263,1914.9907
3016264,25.044525
3016265,76.10631
3016266,31.671349
3016267,29.895582
3016268,29.895582
3016269,2361.4824
3016270,47.45478
3016271,515.2801
3016272,23.057531
3016273,1023.2745
3016274,810.50543
3016275,267.98764
3016276,128.8229
3016277,199.33105
3016278,4081.827
3016279,22.632957
3016280,21.152119
3016281,17.20814
3016282,21.152119
3016283,21.152119
3016284,233.56065
3016285,23.817148
3016286,23.817148
3016287,23.817148
3016288,76.86448
3016289,34.485462
3016290,311.34824
3016291,273.8739
3016292,21.050451
3016293,21.050451
3016294,160.38211
3016295,89.17533
3016296,1205.2955
3016297,56.873566
3016298,58.725147
3016299,18.58082
3016300,16.805052
3016301,16.805052
3016302,2463.684
3016303,35.286858
3016304,545.5626
3016305,10.889608
3016306,991.0614
3016307,758.8885
3016308,341.89386
3016309,127.67847
3016310,185.23987
3016311,3399.8987
3016312,16.392467
3016313,14.911628
3016314,14.911628
3016315,17.553295
3016316,14.911628
3016317,157.5607
3016318,17.576653
3016319,17.576653
3016320,17.576653
3016321,86.87356
3016322,30.168224
3016323,204.6576
3016324,244.60889
3016325,16.733215
3016326,16.733215
3016327,135.04565
3016328,107.152084
3016329,1324.9069
3016330,34.991894
3016331,36.84348
3016332,-76.95047
3016333,-78.72625
3016334,55.22174
3016335,2380.0112
3016336,-75.18838
3016337,510.8745
3016338,-99.585625
3016339,936.9455
3016340,724.2004
3016341,325.14587
3016342,17.203148
3016343,160.02538
3016344,2944.8184
3016345,-6.5831685
3016346,-8.064006
3016347,-8.064006
3016348,46.175926
3016349,-8.064006
3016350,225.21304
3016351,-5.3989806
3016352,-5.3989806
3016353,65.26672
3016354,160.54887
3016355,7.1925907
3016356,179.04733
3016357,259.56656
3016358,-4.2110176
3016359,-4.2110176
3016360,124.671974
3016361,96.778435
3016362,1463.3396
3016363,14.047669
3016364,46.33363
3016365,16.407074
3016366,14.631298
3016367,23.696194
3016368,3542.3381
3016369,33.009804
3016370,508.08124
3016371,8.61256
3016372,992.0958
3016373,761.05927
3016374,233.61847
3016375,119.04025
3016376,182.96281
3016377,3742.708
3016378,-0.58923334
3016379,-2.0700698
3016380,0.5715932
3016381,-2.0700698
3016382,-2.0700698
3016383,197.42917
3016384,4.6733904
3016385,4.6733904
3016386,4.6733904
3016387,92.145584
3016388,17.264956
3016389,302.52502
3016390,279.04297
3016391,16.032635
3016392,16.032635
3016393,139.59395
3016394,87.07231
3016395,1117.7108
3016396,19.436077
3016397,21.287663
3016398,65.407265
3016399,63.631474
3016400,83.16067
3016401,8535.445
3016402,117.72731
3016403,1418.0366
3016404,249.15933
3016405,2254.6775
3016406,1972.6821
3016407,595.73425
3016408,405.45633
3016409,632.7889
3016410,8808.267
3016411,51.94624
3016412,50.465405
3016413,200.19324
3016414,117.628685
3016415,50.465405
3016416,655.4712
3016417,329.98843
3016418,52.92166
3016419,329.98843
3016420,398.2665
3016421,75.86441
3016422,493.8648
3016423,1148.4062
3016424,115.726204
3016425,115.726204
3016426,776.0459
3016427,559.74744
3016428,5832.258
3016429,578.50684
3016430,120.34045
3016431,59.638664
3016432,57.862885
3016433,60.60617
3016434,7904.9375
3016435,78.65459
3016436,1307.8818
3016437,210.08667
3016438,2112.7969
3016439,1803.0527
3016440,500.45422
3016441,372.53482
3016442,599.86725
3016443,8759.849
3016444,25.19198
3016445,23.711145
3016446,143.82341
3016447,143.82341
3016448,23.711145
3016449,589.55005
3016450,290.64615
3016451,26.167418
3016452,277.3613
3016453,358.92416
3016454,49.110176
3016455,467.11057
3016456,1185.2671
3016457,85.104515
3016458,85.104515
3016459,736.34607
3016460,493.76282
3016461,4558.2593
3016462,563.3086
3016463,120.526695
3016464,19.888493
3016465,18.112751
3016466,-54.5147
3016467,5866.4844
3016468,17.835686
3016469,1086.0907
3016470,55.98426
3016471,1897.9655
3016472,1585.7434
3016473,322.14053
3016474,241.09117
3016475,468.42365
3016476,8114.9863
3016477,25.277851
3016478,23.797012
3016479,23.797012
3016480,-48.796307
3016481,23.797012
3016482,478.11816
3016483,150.23605
3016484,26.253284
3016485,60.02993
3016486,128.30801
3016487,49.19605
3016488,456.172
3016489,685.0376
3016490,51.73048
3016491,241.71233
3016492,634.95636
3016493,315.73068
3016494,3004.08
3016495,228.6942
3016496,77.12598
3016497,37.021477
3016498,35.245735
3016499,-37.381706
3016500,6337.6777
3016501,34.968685
3016502,1170.3234
3016503,73.11725
3016504,1948.6984
3016505,1669.9761
3016506,406.37332
3016507,258.22415
3016508,485.55664
3016509,8314.726
3016510,42.410843
3016511,40.93
3016512,55.935036
3016513,-23.225466
3016514,40.93
3016515,326.73715
3016516,427.38068
3016517,100.42243
3016518,180.72203
3016519,244.08488
3016520,66.32902
3016521,473.305
3016522,939.59937
3016523,68.863464
3016524,68.863464
3016525,646.62354
3016526,387.35666
3016527,3169.8933
3016528,367.41998
3016529,47.367977
3016530,-16.055874
3016531,-17.831636
3016532,-105.57695
3016533,4254.9976
3016534,-28.962917
3016535,943.7508
3016536,2.411984
3016537,1692.9222
3016538,1417.6016
3016539,184.85973
3016540,201.40631
3016541,428.73862
3016542,6539.441
3016543,21.909464
3016544,20.428627
3016545,20.428627
3016546,19.342213
3016547,20.428627
3016548,447.95178
3016549,159.26761
3016550,23.553545
3016551,51.938667
3016552,139.76048
3016553,46.49631
3016554,386.84845
3016555,832.76013
3016556,40.260952
3016557,40.260952
3016558,559.7432
3016559,160.24838
3016560,3314.7554
3016561,30.62211
3016562,-70.80857
3016563,61.65599
3016564,9.646036
3016565,61.279434
3016566,5963.375
3016567,1.5607797
3016568,1270.9524
3016569,68.7587
3016570,1997.6738
3016571,1702.5829
3016572,430.8453
3016573,254.79333
3016574,482.1258
3016575,6838.5635
3016576,32.75247
3016577,31.271635
3016578,148.75752
3016579,140.28328
3016580,31.271635
3016581,603.155
3016582,324.0726
3016583,34.396557
3016584,239.92314
3016585,308.2012
3016586,57.33932
3016587,387.15912
3016588,740.5719
3016589,63.007122
3016590,63.007122
3016591,589.1344
3016592,361.9643
3016593,5046.8794
3016594,874.07776
3016595,111.58678
3016596,-25.053726
3016597,-26.829502
3016598,-26.829502
3016599,1894.9331
3016600,-62.047215
3016601,243.0729
3016602,-16.99886
3016603,744.22986
3016604,550.583
3016605,105.93471
3016606,119.49055
3016607,156.15341
3016608,3443.542
3016609,-5.873866
3016610,-7.354701
3016611,-21.336288
3016612,-21.336288
3016613,-7.354701
3016614,51.03643
3016615,0.610529
3016616,0.610529
3016617,0.610529
3016618,75.08026
3016619,13.005645
3016620,224.16103
3016621,128.78639
3016622,17.783575
3016623,17.783575
3016624,293.79645
3016625,135.65439
3016626,1289.8663
3016627,5.610484
3016628,-21.504656
3016629,1.7370201
3016630,-0.038746238
3016631,-103.82737
3016632,3606.8274
3016633,-18.621292
3016634,817.37463
3016635,-7.9091
3016636,1498.1144
3016637,1208.2366
3016638,52.137398
3016639,176.88391
3016640,404.21628
3016641,5840.808
3016642,15.853345
3016643,14.372515
3016644,41.867928
3016645,-14.294546
3016646,14.372515
3016647,180.1165
3016648,14.223488
3016649,13.419001
3016650,13.419001
3016651,121.41025
3016652,31.90663
3016653,387.37213
3016654,480.98248
3016655,16.500355
3016656,16.500355
3016657,391.97162
3016658,196.66507
3016659,2405.1567
3016660,351.9757
3016661,-77.15487
3016662,29.149633
3016663,27.373865
3016664,27.373865
3016665,4106.2954
3016666,43.505096
3016667,999.30383
3016668,58.96467
3016669,1595.6306
3016670,1342.4117
3016671,186.40575
3016672,229.31204
3016673,442.22534
3016674,5381.949
3016675,32.666855
3016676,31.186016
3016677,31.186016
3016678,46.438377
3016679,31.186016
3016680,227.78535
3016681,30.232512
3016682,30.232512
3016683,30.232512
3016684,101.548775
3016685,48.720142
3016686,381.14227
3016687,365.4276
3016688,50.672916
3016689,205.37816
3016690,563.25757
3016691,403.06644
3016692,3641.587
3016693,78.38071
3016694,41.937016
3016695,-31.79822
3016696,-33.447456
3016697,-33.447456
3016698,4506.1606
3016699,-92.246216
3016700,966.1297
3016701,-284.81735
3016702,1592.1744
3016703,1144.0089
3016704,152.25516
3016705,-94.73488
3016706,132.59761
3016707,5671.5425
3016708,-40.63203
3016709,-42.112865
3016710,24.059126
3016711,10.961002
3016712,-42.112865
3016713,215.19682
3016714,-43.06635
3016715,-43.06635
3016716,-43.06635
3016717,108.42985
3016718,-24.578709
3016719,201.61118
3016720,356.38882
3016721,-44.118805
3016722,-44.118805
3016723,124.50204
3016724,35.75599
3016725,3711.6475
3016726,-68.54273
3016727,-66.69117
3016728,-15.952574
3016729,-17.728346
3016730,-7.647857
3016731,1818.5154
3016732,-51.314106
3016733,405.649
3016734,-147.8228
3016735,772.2597
3016736,616.73114
3016737,220.7331
3016738,-12.046284
3016739,45.515106
3016740,2948.0881
3016741,-11.209653
3016742,-12.690488
3016743,-6.4713664
3016744,-6.4713664
3016745,-12.690488
3016746,114.71889
3016747,-10.025461
3016748,-10.025461
3016749,-10.025461
3016750,65.09505
3016751,2.5661058
3016752,162.7588
3016753,184.72026
3016754,-29.032948
3016755,-29.032948
3016756,91.35931
3016757,49.606285
3016758,1129.5018
3016759,40.401825
3016760,42.253407
3016761,-20.313442
3016762,-22.08921
3016763,-22.08921
3016764,2105.8958
3016765,-28.892567
3016766,218.55911
3016767,-63.260796
3016768,831.364
3016769,660.6383
3016770,112.18794
3016771,50.02041
3016772,120.528595
3016773,3037.4517
3016774,-14.141835
3016775,-15.622675
3016776,-15.622675
3016777,-15.622675
3016778,-15.622675
3016779,61.193108
3016780,-12.957648
3016781,-12.957648
3016782,-12.957648
3016783,40.089695
3016784,-2.2893357
3016785,142.40096
3016786,134.27693
3016787,-25.712458
3016788,-25.712458
3016789,91.13392
3016790,30.817272
3016791,571.3558
3016792,-3.912722
3016793,-2.061139
3016794,40.811596
3016795,39.03583
3016796,62.17944
3016797,3205.9321
3016798,43.636883
3016799,730.1108
3016800,65.7428
3016801,1178.597
3016802,968.6148
3016803,490.89905
3016804,165.78561
3016805,202.44844
3016806,3827.3333
3016807,19.820621
3016808,18.339785
3016809,43.455265
3016810,43.455265
3016811,18.339785
3016812,286.9471
3016813,23.02539
3016814,23.02539
3016815,206.03151
3016816,118.5202
3016817,35.420513
3016818,274.36276
3016819,415.9939
3016820,39.70104
3016821,39.70104
3016822,384.9846
3016823,216.50517
3016824,1848.7167
3016825,54.08617
3016826,67.385056
3016827,28.932472
3016828,27.156702
3016829,154.97452
3016830,3962.228
3016831,47.427628
3016832,841.2642
3016833,117.39915
3016834,1287.3578
3016835,1133.0612
3016836,648.99603
3016837,205.38548
3016838,242.04831
3016839,4354.738
3016840,21.727121
3016841,20.246284
3016842,98.83891
3016843,90.486984
3016844,20.246284
3016845,380.88205
3016846,28.21153
3016847,28.21153
3016848,123.22999
3016849,364.04358
3016850,40.606647
3016851,256.017
3016852,554.5772
3016853,44.88718
3016854,44.88718
3016855,441.92825
3016856,320.96497
3016857,2712.6335
3016858,90.598015
3016859,102.662544
3016860,32.439156
3016861,30.663387
3016862,158.48122
3016863,3968.5293
3016864,50.93431
3016865,844.77094
3016866,120.90583
3016867,1290.8644
3016868,1130.1404
3016869,659.5629
3016870,208.89218
3016871,245.55501
3016872,4661.136
3016873,25.233807
3016874,23.75297
3016875,93.99367
3016876,109.66461
3016877,23.75297
3016878,384.38873
3016879,31.718216
3016880,31.718216
3016881,108.26105
3016882,367.55026
3016883,44.11333
3016884,259.52368
3016885,554.79486
3016886,48.393864
3016887,48.393864
3016888,445.43494
3016889,324.47165
3016890,2716.1404
3016891,94.1047
3016892,95.95629
3016893,-15.625597
3016894,-17.401367
3016895,105.617744
3016896,3888.696
3016897,-10.270876
3016898,783.3143
3016899,69.45327
3016900,1302.3771
3016901,1045.1768
3016902,602.2368
3016903,264.70306
3016904,233.93744
3016905,6297.8354
3016906,24.107481
3016907,22.62665
3016908,97.27119
3016909,85.20754
3016910,22.62665
3016911,439.71603
3016912,30.591908
3016913,30.591908
3016914,30.591908
3016915,171.69527
3016916,42.987022
3016917,493.62778
3016918,523.532
3016919,18.058424
3016920,18.058424
3016921,371.34964
3016922,203.07663
3016923,1910.3341
3016924,748.17065
3016925,23.369965
3016926,-11.769043
3016927,-13.544816
3016928,-13.544816
3016929,2761.6313
3016930,-39.29073
3016931,386.89716
3016932,-17.184837
3016933,879.7282
3016934,706.1161
3016935,133.1996
3016936,13.767568
3016937,113.58563
3016938,3420.4834
3016939,3.2366042
3016940,1.7557689
3016941,1.7557689
3016942,-10.171596
3016943,1.7557689
3016944,264.24426
3016945,13.763124
3016946,13.763124
3016947,13.763124
3016948,178.877
3016949,30.357943
3016950,605.9875
3016951,335.66873
3016952,14.2308235
3016953,14.2308235
3016954,521.6289
3016955,177.87802
3016956,1705.8553
3016957,54.484886
3016958,157.3086
3016959,-24.109074
3016960,-25.884846
3016961,-25.884846
3016962,1485.6104
3016963,-46.933723
3016964,209.2981
3016965,-43.87755
3016966,701.2354
3016967,563.3973
3016968,-183.85149
3016969,-47.813454
3016970,114.51113
3016971,2965.0315
3016972,-12.736901
3016973,-14.217733
3016974,-14.217733
3016975,-14.217733
3016976,-14.217733
3016977,35.21978
3016978,-11.777246
3016979,-11.777246
3016980,-11.777246
3016981,42.996906
3016982,0.6178696
3016983,184.49657
3016984,62.069656
3016985,-25.437613
3016986,-25.437613
3016987,153.75632
3016988,-4.1475296
3016989,893.4856
3016990,-344.44556
3016991,-78.29867
3016992,83.2185
3016993,81.442726
3016994,64.46188
3016995,3968.0552
3016996,102.67052
3016997,843.37646
3016998,166.14877
3016999,1497.9691
3017000,1093.9438
3017001,595.7408
3017002,233.97261
3017003,304.23666
3017004,6791.8086
3017005,41.08515
3017006,39.604317
3017007,75.94817
3017008,75.94817
3017009,39.604317
3017010,439.79376
3017011,43.347202
3017012,43.347202
3017013,43.347202
3017014,214.36478
3017015,54.01551
3017016,270.56152
3017017,498.6103
3017018,60.572704
3017019,60.572704
3017020,554.542
3017021,162.99413
3017022,1277.7498
3017023,129.53114
3017024,72.80407
3017025,-3.7890148
3017026,-5.5647902
3017027,-5.5647902
3017028,1711.2253
3017029,-22.350277
3017030,307.7196
3017031,-51.09624
3017032,743.78143
3017033,529.67786
3017034,-27.99888
3017035,10.556372
3017036,105.4063
3017037,2858.013
3017038,-5.6210995
3017039,-7.1019387
3017040,-7.1019387
3017041,-7.1019387
3017042,-7.1019387
3017043,75.43153
3017044,-4.6614456
3017045,-4.6614456
3017046,-43.43991
3017047,9.852239
3017048,6.0068665
3017049,186.73402
3017050,120.14786
3017051,-14.954594
3017052,-14.954594
3017053,123.09649
3017054,-5.4567556
3017055,461.83304
3017056,-175.22752
3017057,-22.391024
3017058,-3.7890148
3017059,-5.5647902
3017060,-66.838036
3017061,1647.4414
3017062,-22.350277
3017063,319.17212
3017064,-51.09624
3017065,755.79834
3017066,529.67786
3017067,-46.91992
3017068,10.556372
3017069,105.4063
3017070,2858.013
3017071,-5.6210995
3017072,-7.1019387
3017073,-7.1019387
3017074,-31.470747
3017075,-7.1019387
3017076,85.78079
3017077,-4.6614456
3017078,-4.6614456
3017079,-4.6614456
3017080,48.3859
3017081,6.0068665
3017082,186.73402
3017083,120.14786
3017084,-14.954594
3017085,-14.954594
3017086,117.199745
3017087,-5.4567556
3017088,461.83304
3017089,-241.5052
3017090,-22.391024
3017091,0.69564795
3017092,-1.0801265
3017093,-50.60214
3017094,1497.4604
3017095,-4.588466
3017096,344.07205
3017097,-52.15211
3017098,840.2508
3017099,648.8289
3017100,64.18244
3017101,52.43105
3017102,101.35186
3017103,3113.2039
3017104,-2.4981856
3017105,-3.9790196
3017106,-3.9790196
3017107,1.5153582
3017108,-3.9790196
3017109,144.94102
3017110,1.7411087
3017111,1.7411087
3017112,1.7411087
3017113,56.515255
3017114,14.136221
3017115,186.61453
3017116,192.9357
3017117,-0.5112157
3017118,-0.5112157
3017119,175.31279
3017120,60.84897
3017121,1020.73956
3017122,-22.16324
3017123,-19.961092
3017124,-3.7890148
3017125,-5.5647902
3017126,-5.5647902
3017127,1724.9012
3017128,-22.350277
3017129,307.7196
3017130,-51.09624
3017131,756.5633
3017132,529.67786
3017133,-27.99888
3017134,10.556372
3017135,105.4063
3017136,2943.185
3017137,-5.6210995
3017138,-7.1019387
3017139,-7.1019387
3017140,-7.1019387
3017141,-7.1019387
3017142,75.43153
3017143,-4.6614456
3017144,-4.6614456
3017145,-4.6614456
3017146,48.3859
3017147,6.0068665
3017148,186.73402
3017149,105.40479
3017150,-14.954594
3017151,-14.954594
3017152,123.09649
3017153,-2.6973495
3017154,853.67236
3017155,-119.7248
3017156,-22.391024
3017157,4.336258
3017158,2.5604796
3017159,2.5604796
3017160,1388.5951
3017161,-12.656368
3017162,296.06082
3017163,-60.22002
3017164,746.4244
3017165,555.3166
3017166,-39.62727
3017167,25.717022
3017168,113.46692
3017169,2698.3938
3017170,-10.193346
3017171,-11.674182
3017172,-11.674182
3017173,-11.674182
3017174,-11.674182
3017175,53.13986
3017176,-5.9540524
3017177,-5.9540524
3017178,-5.9540524
3017179,36.92152
3017180,6.4410653
3017181,178.91936
3017182,97.83667
3017183,-4.3389983
3017184,-4.3389983
3017185,111.786285
3017186,36.652313
3017187,511.12057
3017188,-18.816874
3017189,-16.965296
3017190,13.651794
3017191,11.876018
3017192,37.401695
3017193,2332.9531
3017194,18.244143
3017195,473.64615
3017196,-19.20667
3017197,1072.7255
3017198,777.6607
3017199,448.0385
3017200,113.50083
3017201,147.37184
3017202,3627.7966
3017203,4.852938
3017204,3.3721042
3017205,3.3721042
3017206,3.3721042
3017207,3.3721042
3017208,215.30339
3017209,5.8125854
3017210,5.8125854
3017211,18.515202
3017212,60.58675
3017213,18.207705
3017214,190.68602
3017215,263.29807
3017216,-4.685267
3017217,-4.685267
3017218,329.3103
3017219,90.13716
3017220,1407.6024
3017221,-40.663475
3017222,-5.303631
3017223,-7.998942
3017224,-9.774717
3017225,-46.599068
3017226,2324.2908
3017227,-2.2344398
3017228,386.05667
3017229,-44.033955
3017230,925.4415
3017231,610.93225
3017232,81.01888
3017233,31.425049
3017234,117.35616
3017235,3735.4646
3017236,-3.6272645
3017237,-5.1080985
3017238,-7.354502
3017239,-5.1080985
3017240,-5.1080985
3017241,100.102264
3017242,-2.6676145
3017243,-2.6676145
3017244,-14.337675
3017245,26.823368
3017246,9.727504
3017247,190.45467
3017248,144.81851
3017249,-19.479492
3017250,-19.479492
3017251,200.1228
3017252,72.347
3017253,1425.9532
3017254,-172.18546
3017255,-47.297623
3017256,7.726873
3017257,5.951101
3017258,-51.722824
3017259,1977.4186
3017260,-8.430608
3017261,258.206
3017262,-37.176586
3017263,812.5685
3017264,585.68317
3017265,18.955017
3017266,28.075356
3017267,119.32597
3017268,3069.9622
3017269,4.80462
3017270,3.323781
3017271,-17.445694
3017272,3.323781
3017273,3.323781
3017274,142.60919
3017275,5.7642746
3017276,5.7642746
3017277,5.7642746
3017278,58.81162
3017279,16.432587
3017280,201.1643
3017281,170.7669
3017282,-0.5243082
3017283,-0.5243082
3017284,179.61227
3017285,16.122261
3017286,730.0309
3017287,-226.28
3017288,-4.4563503
3017289,12.969909
3017290,11.194139
3017291,15.302572
3017292,3396.7268
3017293,10.047287
3017294,690.26544
3017295,32.153206
3017296,1165.6029
3017297,1042.7461
3017298,365.80167
3017299,83.89032
3017300,156.17174
3017301,4785.1074
3017302,1.0061891
3017303,-0.474646
3017304,42.075417
3017305,49.576588
3017306,-0.474646
3017307,418.04492
3017308,11.532701
3017309,11.532701
3017310,60.4498
3017311,97.61353
3017312,23.927832
3017313,966.31604
3017314,472.05157
3017315,38.57255
3017316,38.57255
3017317,885.39496
3017318,197.23528
3017319,1859.4147
3017320,44.484898
3017321,247.23944
3017322,-37.97667
3017323,-39.75245
3017324,50.281082
3017325,2595.0376
3017326,-41.83029
3017327,516.3658
3017328,-64.47079
3017329,1093.7917
3017330,783.46295
3017331,379.79636
3017332,142.92967
3017333,106.35885
3017334,4476.9326
3017335,-17.374361
3017336,-18.855196
3017337,48.911526
3017338,-18.855196
3017339,-18.855196
3017340,220.60191
3017341,-16.190174
3017342,-16.190174
3017343,-16.190174
3017344,110.704895
3017345,-4.1362457
3017346,166.05872
3017347,263.9005
3017348,-29.312616
3017349,-29.312616
3017350,267.2918
3017351,127.194336
3017352,734.83813
3017353,-51.922585
3017354,-56.252636
3017355,-46.291435
3017356,-48.067215
3017357,-86.08682
3017358,2222.8376
3017359,-90.66088
3017360,282.16983
3017361,-151.2614
3017362,1034.3185
3017363,645.5608
3017364,148.35771
3017365,-53.598694
3017366,19.568192
3017367,3941.931
3017368,-34.580654
3017369,-36.061493
3017370,-28.023443
3017371,-28.023443
3017372,-36.061493
3017373,132.63661
3017374,-33.396465
3017375,-33.396465
3017376,-33.396465
3017377,93.1362
3017378,-21.342543
3017379,134.81627
3017380,175.93521
3017381,-44.991142
3017382,-44.991142
3017383,181.05849
3017384,11.482951
3017385,1132.5078
3017386,-63.331554
3017387,-61.47998
3017388,-41.287277
3017389,-43.06305
3017390,-43.06305
3017391,1444.3951
3017392,-83.198616
3017393,239.05696
3017394,-169.73633
3017395,682.372
3017396,444.8607
3017397,-127.25822
3017398,-67.510056
3017399,17.020144
3017400,2344.134
3017401,-21.542446
3017402,-23.023281
3017403,-23.023281
3017404,-23.023281
3017405,-23.023281
3017406,69.48366
3017407,-20.358261
3017408,-20.358261
3017409,-20.358261
3017410,30.989674
3017411,-9.689946
3017412,135.5298
3017413,101.22587
3017414,-51.595943
3017415,-51.595943
3017416,79.54924
3017417,-11.646438
3017418,1020.15125
3017419,-139.69537
3017420,-27.854715
3017421,-21.38183
3017422,-23.157602
3017423,-46.71836
3017424,2087.597
3017425,-34.612617
3017426,257.73685
3017427,-63.757256
3017428,642.52295
3017429,447.71774
3017430,-176.46576
3017431,-74.480064
3017432,115.209885
3017433,2633.3992
3017434,1.2371666
3017435,-0.24366754
3017436,-0.24366754
3017437,-12.172899
3017438,-0.24366754
3017439,58.745804
3017440,2.4213548
3017441,2.4213548
3017442,16.542885
3017443,41.05414
3017444,15.01292
3017445,152.1934
3017446,91.255585
3017447,1.9701473
3017448,1.9701473
3017449,176.31969
3017450,76.47106
3017451,1245.5248
3017452,-1.8662869
3017453,-131.96103
3017454,53.27103
3017455,51.49526
3017456,191.614
3017457,3578.4304
3017458,84.74183
3017459,753.95386
3017460,76.95619
3017461,1145.5734
3017462,957.21045
3017463,516.50055
3017464,366.00284
3017465,262.73883
3017466,3770.0115
3017467,39.466805
3017468,37.98597
3017469,77.34719
3017470,196.11848
3017471,37.98597
3017472,237.02411
3017473,40.650997
3017474,40.650997
3017475,40.650997
3017476,226.73927
3017477,53.242565
3017478,710.71387
3017479,341.94128
3017480,40.830616
3017481,40.830616
3017482,749.0691
3017483,199.1775
3017484,1940.3455
3017485,83.69408
3017486,293.93692
3017487,-13.177387
3017488,-14.953163
3017489,-41.18142
3017490,2482.9868
3017491,-16.194244
3017492,315.66614
3017493,-73.65105
3017494,658.09717
3017495,555.0731
3017496,-76.04173
3017497,-55.776848
3017498,126.89094
3017499,2539.365
3017500,-0.41996408
3017501,-1.9008002
3017502,8.350294
3017503,-5.3136764
3017504,-1.9008002
3017505,79.88184
3017506,0.76422024
3017507,0.76422024
3017508,0.76422024
3017509,69.59693
3017510,12.818149
3017511,243.17554
3017512,89.38311
3017513,0.40620995
3017514,72.294014
3017515,316.0646
3017516,63.444378
3017517,669.54443
3017518,1.723742
3017519,58.86917
3017520,-32.012764
3017521,-33.788536
3017522,-33.788536
3017523,2004.3306
3017524,-45.392986
3017525,341.39453
3017526,-69.79024
3017527,682.8248
3017528,470.0795
3017529,-78.90615
3017530,45.34841
3017531,117.4903
3017532,2744.5977
3017533,-20.674805
3017534,-22.155643
3017535,-22.155643
3017536,-16.364044
3017537,-22.155643
3017538,41.881397
3017539,-19.49062
3017540,-19.49062
3017541,-19.49062
3017542,39.06281
3017543,-6.8990498
3017544,178.04047
3017545,78.061226
3017546,-23.829876
3017547,-23.829876
3017548,226.33113
3017549,45.45517
3017550,1050.4786
3017551,-21.662178
3017552,-19.810595
3017553,29.3919
3017554,27.616123
3017555,112.93822
3017556,3039.2034
3017557,63.24837
3017558,684.5559
3017559,36.606617
3017560,964.15643
3017561,807.8199
3017562,330.4261
3017563,207.05942
3017564,236.42131
3017565,3481.589
3017566,29.93729
3017567,28.456455
3017568,28.456455
3017569,105.01269
3017570,28.456455
3017571,292.56168
3017572,31.121475
3017573,31.121475
3017574,31.121475
3017575,256.59784
3017576,43.71304
3017577,584.3917
3017578,402.2567
3017579,35.30566
3017580,35.30566
3017581,626.73865
3017582,147.2052
3017583,1559.3451
3017584,81.999306
3017585,333.7076
3017586,23.332788
3017587,21.557016
3017588,21.557016
3017589,2582.4612
3017590,9.952571
3017591,475.9005
3017592,-14.444681
3017593,1010.5009
3017594,710.61786
3017595,440.9355
3017596,97.81004
3017597,172.83588
3017598,3664.965
3017599,-0.5435863
3017600,-2.0244274
3017601,-2.0244274
3017602,29.780653
3017603,-2.0244274
3017604,231.21803
3017605,0.6405992
3017606,0.6405992
3017607,0.6405992
3017608,112.075584
3017609,13.232168
3017610,183.42708
3017611,287.9353
3017612,-3.6986609
3017613,-3.6986609
3017614,340.10095
3017615,113.019104
3017616,621.0932
3017617,3.841282
3017618,5.6928663
3017619,-37.64005
3017620,-39.415825
3017621,-31.465338
3017622,2667.2688
3017623,-51.020264
3017624,378.33887
3017625,-75.41752
3017626,892.9565
3017627,621.39496
3017628,237.5447
3017629,36.837196
3017630,111.86302
3017631,3313.8987
3017632,-25.688538
3017633,-27.169378
3017634,-7.071205
3017635,-7.071205
3017636,-27.169378
3017637,206.1124
3017638,-24.504353
3017639,-24.504353
3017640,-24.504353
3017641,76.62069
3017642,-11.9127865
3017643,158.28212
3017644,242.13126
3017645,-28.84361
3017646,-28.84361
3017647,268.97858
3017648,71.36984
3017649,1294.9586
3017650,-29.335756
3017651,-27.48417
3017652,117.42177
3017653,115.645996
3017654,427.25507
3017655,7642.5366
3017656,318.14554
3017657,1610.1216
3017658,388.11722
3017659,2079.7522
3017660,1956.8959
3017661,1365.524
3017662,1322.77
3017663,629.03546
3017664,8058.499
3017665,85.57595
3017666,84.0951
3017667,84.0951
3017668,357.70367
3017669,84.0951
3017670,755.9151
3017671,92.06033
3017672,92.06033
3017673,407.95596
3017674,461.99738
3017675,104.45545
3017676,1478.3794
3017677,849.0256
3017678,145.03914
3017679,145.03914
3017680,1656.507
3017681,614.46484
3017682,4583.0796
3017683,172.32878
3017684,632.8188
3017685,-33.572903
3017686,-35.348675
3017687,-35.348675
3017688,1613.13
3017689,-49.137096
3017690,266.6472
3017691,-73.534355
3017692,663.9327
3017693,450.38464
3017694,-151.27351
3017695,2.5614848
3017696,115.66945
3017697,2641.1445
3017698,-21.88212
3017699,-23.36296
3017700,-41.346924
3017701,-23.36296
3017702,-23.36296
3017703,-38.11972
3017704,-20.697935
3017705,-20.697935
3017706,-20.697935
3017707,32.34941
3017708,-10.029622
3017709,160.16528
3017710,-5.425907
3017711,-23.093065
3017712,-23.093065
3017713,34.904823
3017714,43.27717
3017715,945.0816
3017716,-16.50834
3017717,-14.656756
3017718,33.83929
3017719,32.063515
3017720,32.063515
3017721,2587.8894
3017722,12.744205
3017723,459.31445
3017724,2.400097
3017725,1184.9056
3017726,652.2149
3017727,189.96136
3017728,115.012634
3017729,195.20158
3017730,4391.835
3017731,12.490315
3017732,11.009482
3017733,-3.0983872
3017734,25.944592
3017735,11.009482
3017736,146.15277
3017737,14.7758465
3017738,14.7758465
3017739,14.7758465
3017740,63.23363
3017741,25.444164
3017742,233.44473
3017743,198.055
3017744,18.200157
3017745,18.200157
3017746,204.15494
3017747,112.04467
3017748,565.0024
3017749,34.525913
3017750,36.377483
3017751,-36.651897
3017752,-38.427666
3017753,-38.427666
3017754,1575.9033
3017755,-52.216095
3017756,311.46185
3017757,-76.61334
3017758,664.941
3017759,515.70685
3017760,-121.867615
3017761,-0.5175036
3017762,112.590454
3017763,2570.3398
3017764,-24.96112
3017765,-26.441961
3017766,-44.42591
3017767,-26.441961
3017768,-26.441961
3017769,-27.865017
3017770,-23.77693
3017771,-23.77693
3017772,-23.77693
3017773,12.912308
3017774,-13.108619
3017775,157.08629
3017776,-8.504909
3017777,-26.172066
3017778,-26.172066
3017779,-18.823915
3017780,40.198174
3017781,942.0026
3017782,-19.587336
3017783,-17.735754
3017784,11.641712
3017785,9.865933
3017786,37.285545
3017787,1866.3038
3017788,18.469765
3017789,361.91095
3017790,-12.597025
3017791,896.48645
3017792,641.424
3017793,73.48232
3017794,109.16315
3017795,170.8341
3017796,3013.781
3017797,2.7338405
3017798,1.2530062
3017799,1.2530062
3017800,1.2530062
3017801,1.2530062
3017802,3.5847592
3017803,3.9180293
3017804,3.9180293
3017805,3.9180293
3017806,56.965374
3017807,14.58634
3017808,184.78131
3017809,51.84539
3017810,-6.722639
3017811,-6.722639
3017812,78.52781
3017813,120.55184
3017814,1574.8706
3017815,-21.905275
3017816,-20.0537
3017817,30.06172
3017818,28.285944
3017819,28.285944
3017820,2579.9531
3017821,22.711048
3017822,443.88095
3017823,12.366945
3017824,1029.8838
3017825,655.40784
3017826,155.52182
3017827,112.36812
3017828,196.15642
3017829,4346.126
3017830,18.429903
3017831,16.949068
3017832,28.284878
3017833,14.278682
3017834,16.949068
3017835,132.16605
3017836,19.614094
3017837,19.614094
3017838,19.614094
3017839,79.50934
3017840,30.282415
3017841,203.71397
3017842,192.12006
3017843,16.588236
3017844,16.588236
3017845,189.01614
3017846,81.16303
3017847,1036.6501
3017848,27.196695
3017849,29.048273
3017850,-14.608477
3017851,-16.384247
3017852,-16.384247
3017853,1653.3145
3017854,-38.62288
3017855,286.5076
3017856,-125.16062
3017857,655.1176
3017858,503.5127
3017859,-21.999811
3017860,-28.34871
3017861,70.10054
3017862,2471.6858
3017863,-3.1756415
3017864,-4.6564784
3017865,-4.6564784
3017866,-4.6564784
3017867,-4.6564784
3017868,38.577385
3017869,-1.9914522
3017870,-1.9914522
3017871,-1.9914522
3017872,18.69452
3017873,8.676863
3017874,153.8966
3017875,53.71611
3017876,-29.361753
3017877,-29.361753
3017878,20.308733
3017879,12.383208
3017880,877.01117
3017881,2.8819137
3017882,4.7334914
3017883,-4.0089645
3017884,-5.7847357
3017885,-5.7847357
3017886,2740.7598
3017887,-1.2409884
3017888,459.58334
3017889,-25.638239
3017890,922.1603
3017891,665.7299
3017892,271.7721
3017893,81.20209
3017894,156.228
3017895,3815.6875
3017896,7.737642
3017897,6.256804
3017898,6.256804
3017899,26.35499
3017900,6.256804
3017901,247.08994
3017902,8.9218235
3017903,8.9218235
3017904,8.9218235
3017905,122.330414
3017906,21.513393
3017907,191.7083
3017908,283.1087
3017909,4.5825734
3017910,4.5825734
3017911,296.40662
3017912,113.0905
3017913,1114.9006
3017914,9.9096
3017915,11.761191
3017916,26.40982
3017917,24.634052
3017918,139.52357
3017919,2722.2825
3017920,40.478004
3017921,604.1503
3017922,16.080761
3017923,1030.2212
3017924,817.4762
3017925,242.1039
3017926,148.24702
3017927,171.4081
3017928,3872.5798
3017929,20.767467
3017930,19.286633
3017931,19.286633
3017932,82.63736
3017933,19.286633
3017934,295.18423
3017935,21.951653
3017936,21.951653
3017937,21.951653
3017938,224.81804
3017939,34.543217
3017940,448.54086
3017941,345.84686
3017942,25.774242
3017943,25.774242
3017944,467.24435
3017945,128.51346
3017946,1680.1152
3017947,39.34543
3017948,269.5118
3017949,42.139885
3017950,40.36412
3017951,61.066086
3017952,2689.2449
3017953,57.923332
3017954,609.8716
3017955,33.52608
3017956,1025.7501
3017957,793.5773
3017958,262.938
3017959,303.2665
3017960,188.8534
3017961,3900.2253
3017962,21.615736
3017963,20.134893
3017964,30.725218
3017965,30.725218
3017966,20.134893
3017967,237.05263
3017968,22.799934
3017969,22.799934
3017970,22.799934
3017971,226.76772
3017972,35.39149
3017973,453.7017
3017974,312.8044
3017975,26.622513
3017976,26.622513
3017977,317.6402
3017978,118.791145
3017979,1275.359
3017980,40.193695
3017981,127.718735
3017982,51.86064
3017983,50.08487
3017984,82.43973
3017985,2793.3838
3017986,55.81019
3017987,540.8815
3017988,45.466084
3017989,1275.2145
3017990,785.47485
3017991,318.88046
3017992,129.83589
3017993,202.7167
3017994,4872.8315
3017995,25.445353
3017996,23.964516
3017997,46.207695
3017998,46.207695
3017999,23.964516
3018000,230.86624
3018001,26.62953
3018002,26.62953
3018003,26.62953
3018004,186.96912
3018005,37.297844
3018006,215.02388
3018007,284.7654
3018008,27.898123
3018009,27.898123
3018010,286.19986
3018011,138.59143
3018012,1187.4141
3018013,60.653824
3018014,42.050888
3018015,-2.587836
3018016,-4.3636074
3018017,0.47369766
3018018,2960.7
3018019,-26.721876
3018020,574.9257
3018021,10.194371
3018022,1017.70465
3018023,824.058
3018024,164.4868
3018025,53.425194
3018026,174.26015
3018027,3950.851
3018028,-7.676175
3018029,-9.157009
3018030,66.76806
3018031,66.76806
3018032,-9.157009
3018033,194.64381
3018034,-4.4714184
3018035,-4.4714184
3018036,-4.4714184
3018037,161.18852
3018038,7.9237
3018039,498.96225
3018040,338.13013
3018041,0.58868814
3018042,0.58868814
3018043,472.6403
3018044,170.52553
3018045,1848.4421
3018046,10.556888
3018047,107.25752
3018048,36.016964
3018049,34.24119
3018050,34.24119
3018051,2475.0156
3018052,51.80039
3018053,504.57974
3018054,27.403143
3018055,1142.0627
3018056,734.0714
3018057,519.2713
3018058,93.534386
3018059,184.65373
3018060,4154.5923
3018061,17.416052
3018062,15.935213
3018063,15.935213
3018064,15.935213
3018065,15.935213
3018066,227.82831
3018067,18.600245
3018068,18.600245
3018069,18.600245
3018070,77.27813
3018071,29.26856
3018072,203.7579
3018073,288.84015
3018074,20.49957
3018075,20.49957
3018076,273.29453
3018077,90.3742
3018078,1163.5724
3018079,34.5962
3018080,36.447784
3018081,22.926432
3018082,21.150663
3018083,21.150663
3018084,2538.6394
3018085,39.632473
3018086,535.6416
3018087,15.23522
3018088,943.7725
3018089,748.96747
3018090,243.4103
3018091,258.65677
3018092,155.84822
3018093,3534.7388
3018094,11.175559
3018095,9.694722
3018096,9.694722
3018097,31.83059
3018098,9.694722
3018099,200.29356
3018100,12.359744
3018101,12.359744
3018102,12.359744
3018103,124.30895
3018104,24.951317
3018105,423.6428
3018106,276.0453
3018107,16.182335
3018108,16.182335
3018109,401.50974
3018110,108.35096
3018111,1247.8799
3018112,12.714536
3018113,40.72384
3018114,-40.03012
3018115,-41.805897
3018116,-41.805897
3018117,2431.5256
3018118,-38.268024
3018119,502.8327
3018120,-62.665283
3018121,928.9037
3018122,716.15857
3018123,151.20192
3018124,57.34496
3018125,92.661995
3018126,2988.6843
3018127,-6.9909625
3018128,-8.471799
3018129,-8.471799
3018130,54.878902
3018131,-8.471799
3018132,234.5051
3018133,-5.8067727
3018134,-5.8067727
3018135,91.02372
3018136,110.048325
3018137,6.784798
3018138,401.8361
3018139,270.39188
3018140,-4.6188107
3018141,-4.6188107
3018142,420.53964
3018143,98.12039
3018144,1395.6451
3018145,-8.086615
3018146,199.5083
3018147,22.63187
3018148,20.856094
3018149,20.856094
3018150,3393.829
3018151,39.2346
3018152,492.28186
3018153,122.20962
3018154,987.98315
3018155,767.31525
3018156,254.04573
3018157,85.63092
3018158,170.16469
3018159,3867.1545
3018160,-3.9269547
3018161,-5.40779
3018162,5.1825204
3018163,5.1825204
3018164,-5.40779
3018165,190.90292
3018166,1.3356674
3018167,1.3356674
3018168,1.3356674
3018169,113.94544
3018170,13.927231
3018171,204.48668
3018172,282.86603
3018173,17.360935
3018174,17.360935
3018175,285.89844
3018176,125.07007
3018177,1287.0544
3018178,-0.96210957
3018179,0.8894725
3018180,92.96636
3018181,91.190575
3018182,173.82709
3018183,8977.701
3018184,172.36983
3018185,1526.5972
3018186,303.80176
3018187,2452.3315
3018188,2179.5828
3018189,1915.699
3018190,911.5083
3018191,663.9259
3018192,8696.3
3018193,57.3037
3018194,55.82286
3018195,195.01921
3018196,151.26506
3018197,55.82286
3018198,779.1713
3018199,353.566
3018200,58.27913
3018201,353.566
3018202,421.84402
3018203,81.221886
3018204,1513.1376
3018205,1395.7367
3018206,125.74968
3018207,125.74968
3018208,1650.5459
3018209,598.9503
3018210,6642.9946
3018211,823.8999
3018212,469.59924
3018213,87.197754
3018214,85.42197
3018215,151.27252
3018216,8373.775
3018217,133.29713
3018218,1493.7455
3018219,264.7291
3018220,2330.8176
3018221,2008.2606
3018222,805.70135
3018223,680.5737
3018224,733.1085
3018225,8674.462
3018226,30.549444
3018227,29.06861
3018228,174.6706
3018229,177.45975
3018230,29.06861
3018231,739.8289
3018232,300.93887
3018233,31.524878
3018234,314.22372
3018235,382.50174
3018236,54.467644
3018237,2487.8633
3018238,1356.3944
3018239,95.12801
3018240,95.12801
3018241,1668.5591
3018242,532.9658
3018243,5129.147
3018244,835.2805
3018245,484.9417
3018246,31.69358
3018247,29.917843
3018248,-10.266706
3018249,6314.2383
3018250,29.64077
3018251,1174.1575
3018252,67.78935
3018253,2007.7881
3018254,1694.6753
3018255,1172.5315
3018256,483.47723
3018257,467.1028
3018258,7906.239
3018259,11.295248
3018260,9.814414
3018261,9.814414
3018262,60.82786
3018263,9.814414
3018264,551.6873
3018265,53.05294
3018266,17.356857
3018267,53.05294
3018268,215.3314
3018269,40.29961
3018270,1343.2471
3018271,763.783
3018272,52.676266
3018273,238.79077
3018274,1494.0938
3018275,318.4262
3018276,3612.2424
3018277,282.9487
3018278,-64.0953
3018279,48.82656
3018280,47.05082
3018281,6.8662696
3018282,6726.7695
3018283,46.77378
3018284,1199.7283
3018285,84.92235
3018286,2022.158
3018287,1742.673
3018288,1313.6064
3018289,721.6631
3018290,469.46075
3018291,7994.8384
3018292,28.42824
3018293,26.947401
3018294,77.96084
3018295,-26.3506
3018296,26.947401
3018297,318.6394
3018298,167.70912
3018299,34.489845
3018300,172.62427
3018301,240.90233
3018302,57.432606
3018303,1456.6934
3018304,1274.0109
3018305,69.80925
3018306,69.80925
3018307,1602.0743
3018308,390.0522
3018309,4202.1235
3018310,363.01254
3018311,15.9684925
3018312,-4.2507806
3018313,-6.026544
3018314,-61.328953
3018315,4687.0996
3018316,-17.157824
3018317,1016.16455
3018318,14.217079
3018319,1812.792
3018320,1533.3073
3018321,336.52008
3018322,306.88132
3018323,412.64273
3018324,6360.8794
3018325,7.926856
3018326,6.4460196
3018327,56.318096
3018328,56.318096
3018329,6.4460196
3018330,278.15402
3018331,151.16982
3018332,14.657115
3018333,146.25465
3018334,235.72105
3018335,37.599873
3018336,1245.4506
3018337,705.68665
3018338,41.20673
3018339,189.92036
3018340,1355.0112
3018341,162.94391
3018342,2919.9868
3018343,69.22352
3018344,-141.1726
3018345,23.22689
3018346,21.451126
3018347,114.25987
3018348,6365.0317
3018349,13.365871
3018350,1338.9125
3018351,80.5638
3018352,2054.8044
3018353,1930.0353
3018354,776.1259
3018355,896.76965
3018356,589.5346
3018357,6975.497
3018358,18.769865
3018359,17.28903
3018360,167.93556
3018361,154.36488
3018362,17.28903
3018363,656.6176
3018364,567.18884
3018365,25.500126
3018366,240.55798
3018367,392.98538
3018368,48.442886
3018369,1492.7853
3018370,1181.838
3018371,63.95291
3018372,276.695
3018373,1559.2294
3018374,364.65982
3018375,4303.623
3018376,929.5508
3018377,464.98596
3018378,-19.1551
3018379,-20.930876
3018380,-20.930876
3018381,1948.684
3018382,-56.14858
3018383,229.75409
3018384,-11.100228
3018385,735.3635
3018386,528.2291
3018387,-146.4523
3018388,19.661114
3018389,162.05202
3018390,3492.8691
3018391,-6.96078
3018392,-8.441614
3018393,-13.863824
3018394,-21.895681
3018395,-8.441614
3018396,79.06538
3018397,-0.47638458
3018398,-0.47638458
3018399,-0.47638458
3018400,31.611643
3018401,11.918734
3018402,202.88315
3018403,138.14409
3018404,16.69666
3018405,16.69666
3018406,188.5733
3018407,136.3172
3018408,1409.8416
3018409,-8.877153
3018410,-69.01407
3018411,13.542112
3018412,11.766346
3018413,-59.579403
3018414,4096.297
3018415,-6.8162017
3018416,906.435
3018417,3.8959947
3018418,1608.9303
3018419,1327.7762
3018420,181.32089
3018421,133.84146
3018422,388.12033
3018423,5725.0674
3018424,1.8707445
3018425,0.3899098
3018426,0.3899098
3018427,-17.419668
3018428,0.3899098
3018429,172.0187
3018430,45.03439
3018431,4.522572
3018432,4.522572
3018433,126.63145
3018434,23.010204
3018435,977.2206
3018436,560.7212
3018437,17.44614
3018438,17.44614
3018439,956.75195
3018440,199.3606
3018441,2605.932
3018442,407.22342
3018443,78.29931
3018444,40.95472
3018445,39.178955
3018446,39.178955
3018447,4505.789
3018448,55.310184
3018449,1056.3671
3018450,70.769745
3018451,1546.0851
3018452,1429.9542
3018453,435.91833
3018454,376.8832
3018455,426.12946
3018456,5193.0244
3018457,18.684256
3018458,17.203413
3018459,17.203413
3018460,1.6275846
3018461,17.203413
3018462,219.68759
3018463,21.336082
3018464,21.336082
3018465,21.336082
3018466,160.98132
3018467,39.82371
3018468,1197.9558
3018469,583.9563
3018470,51.618694
3018471,51.618694
3018472,1288.3032
3018473,405.76196
3018474,3616.2803
3018475,62.842464
3018476,188.5357
3018477,-32.0195
3018478,-33.66873
3018479,-33.66873
3018480,4895.7905
3018481,-92.46749
3018482,1022.06323
3018483,-285.0386
3018484,1669.8636
3018485,1379.9858
3018486,469.3701
3018487,554.86646
3018488,222.9971
3018489,5796.4497
3018490,-59.867924
3018491,-61.34876
3018492,24.413181
3018493,24.413181
3018494,-61.34876
3018495,210.47968
3018496,-57.216072
3018497,-57.216072
3018498,-57.216072
3018499,204.4941
3018500,-38.72844
3018501,1137.7542
3018502,608.0984
3018503,-48.426308
3018504,135.6918
3018505,1168.1064
3018506,33.198235
3018507,2808.9343
3018508,-72.636154
3018509,1.5170851
3018510,-11.606958
3018511,-13.3827305
3018512,8.3348255
3018513,2207.5886
3018514,-46.968494
3018515,388.47842
3018516,-143.47719
3018517,791.2045
3018518,578.4595
3018519,123.30005
3018520,109.211365
3018521,30.837801
3018522,3036.7676
3018523,-16.426554
3018524,-17.907394
3018525,-3.739616
3018526,-7.4626646
3018527,-17.907394
3018528,135.36937
3018529,-15.242364
3018530,-15.242364
3018531,-15.242364
3018532,79.9119
3018533,-2.6507978
3018534,342.782
3018535,177.39317
3018536,-29.583826
3018537,-29.583826
3018538,355.47397
3018539,50.805157
3018540,1072.0688
3018541,18.124468
3018542,30.117407
3018543,-14.08865
3018544,-15.864418
3018545,-15.864418
3018546,2025.0989
3018547,-22.667772
3018548,359.0872
3018549,-57.036
3018550,794.6097
3018551,651.8175
3018552,78.72455
3018553,16.611143
3018554,107.730484
3018555,3228.221
3018556,-17.479555
3018557,-18.960396
3018558,-18.960396
3018559,-18.960396
3018560,-18.960396
3018561,82.49667
3018562,-16.29537
3018563,-16.29537
3018564,-16.29537
3018565,42.382507
3018566,-5.6270566
3018567,158.87416
3018568,132.69785
3018569,-24.384155
3018570,-24.384155
3018571,102.23685
3018572,33.895317
3018573,591.3081
3018574,-24.31091
3018575,-22.459324
3018576,46.710224
3018577,44.934452
3018578,56.957462
3018579,3284.7375
3018580,49.53551
3018581,740.67224
3018582,71.64144
3018583,1169.7306
3018584,976.084
3018585,339.18405
3018586,301.24188
3018587,208.34705
3018588,4049.614
3018589,18.733706
3018590,17.252869
3018591,17.252869
3018592,50.927746
3018593,17.252869
3018594,337.0832
3018595,21.938478
3018596,21.938478
3018597,78.77016
3018598,250.90562
3018599,34.333595
3018600,686.3971
3018601,375.22797
3018602,38.614124
3018603,38.614124
3018604,679.0595
3018605,217.16798
3018606,1421.7882
3018607,39.59853
3018608,141.83533
3018609,34.831097
3018610,33.055325
3018611,149.75247
3018612,4043.243
3018613,53.326263
3018614,879.51483
3018615,123.29777
3018616,1317.8412
3018617,1124.1947
3018618,410.06165
3018619,314.14526
3018620,247.94691
3018621,4830.0176
3018622,20.640207
3018623,19.15937
3018624,106.31139
3018625,97.95947
3018626,19.15937
3018627,378.29575
3018628,27.124617
3018629,27.124617
3018630,120.643616
3018631,329.63425
3018632,39.51973
3018633,712.3568
3018634,563.93494
3018635,43.800266
3018636,173.83623
3018637,725.3373
3018638,321.62778
3018639,2646.0845
3018640,76.11037
3018641,259.39737
3018642,38.33778
3018643,36.562008
3018644,153.25917
3018645,4176.6865
3018646,56.832947
3018647,885.6292
3018648,126.80445
3018649,1347.8358
3018650,1134.7615
3018651,528.4512
3018652,490.5091
3018653,251.45361
3018654,5133.9565
3018655,24.146893
3018656,22.666056
3018657,109.81808
3018658,109.81808
3018659,22.666056
3018660,381.80243
3018661,30.631302
3018662,30.631302
3018663,30.631302
3018664,364.964
3018665,43.026413
3018666,1502.806
3018667,570.0493
3018668,47.30695
3018669,47.30695
3018670,858.7817
3018671,325.13446
3018672,2836.1152
3018673,79.61705
3018674,262.90405
3018675,-11.5598
3018676,-13.335573
3018677,92.454216
3018678,3789.563
3018679,-6.205088
3018680,688.25836
3018681,73.519066
3018682,1343.7626
3018683,991.9251
3018684,571.5445
3018685,241.55086
3018686,238.00322
3018687,6286.7476
3018688,21.18774
3018689,19.706905
3018690,96.802124
3018691,84.73849
3018692,19.706905
3018693,436.67963
3018694,27.672161
3018695,27.672161
3018696,111.13438
3018697,153.02428
3018698,40.067272
3018699,221.04771
3018700,529.4007
3018701,15.138672
3018702,15.138672
3018703,598.97406
3018704,183.5671
3018705,1891.7539
3018706,682.35284
3018707,7.049492
3018708,-24.785133
3018709,-26.560911
3018710,-128.9419
3018711,2860.757
3018712,-33.833935
3018713,409.9348
3018714,18.860554
3018715,811.57965
3018716,650.95746
3018717,119.39785
3018718,142.13292
3018719,183.06921
3018720,2595.5977
3018721,-17.9084
3018722,-19.389235
3018723,26.720345
3018724,-35.193043
3018725,-19.389235
3018726,210.34073
3018727,-10.652757
3018728,-10.652757
3018729,-10.652757
3018730,138.14267
3018731,2.8042562
3018732,230.49402
3018733,209.35977
3018734,-18.881355
3018735,-18.881355
3018736,376.29538
3018737,111.26299
3018738,2108.6533
3018739,-16.093155
3018740,33.250053
3018741,-39.6968
3018742,-41.47258
3018743,-41.47258
3018744,2198.8523
3018745,-32.135696
3018746,378.3909
3018747,1.5090681
3018748,900.59766
3018749,855.41486
3018750,208.69647
3018751,108.15339
3018752,120.40176
3018753,4149.8325
3018754,-4.589236
3018755,-6.0700707
3018756,-6.0700707
3018757,-6.0700707
3018758,-6.0700707
3018759,177.20596
3018760,0.42128718
3018761,0.42128718
3018762,0.42128718
3018763,51.427193
3018764,9.048161
3018765,202.45287
3018766,251.99274
3018767,-6.5821013
3018768,-6.5821013
3018769,285.6649
3018770,-41.09977
3018771,957.7318
3018772,-34.27455
3018773,-89.16241
3018774,73.95241
3018775,80.27278
3018776,73.57585
3018777,4771.363
3018778,114.8877
3018779,1038.9862
3018780,208.95457
3018781,1698.2008
3018782,1270.3007
3018783,732.2378
3018784,335.0531
3018785,652.5151
3018786,8795.072
3018787,53.62592
3018788,52.145084
3018789,90.77127
3018790,90.77127
3018791,52.145084
3018792,370.28397
3018793,59.93885
3018794,59.93885
3018795,59.93885
3018796,308.1079
3018797,66.83891
3018798,289.05295
3018799,535.73505
3018800,69.34818
3018801,69.34818
3018802,290.9739
3018803,82.19351
3018804,1253.3007
3018805,518.0235
3018806,115.7002
3018807,-2.7847571
3018808,-4.560532
3018809,-4.560532
3018810,2232.6787
3018811,-1.7122657
3018812,471.12692
3018813,-9.082327
3018814,883.2513
3018815,591.4461
3018816,53.2996
3018817,140.48335
3018818,122.51028
3018819,3238.596
3018820,0.05202031
3018821,-1.4288168
3018822,-0.21188831
3018823,-0.21188831
3018824,-1.4288168
3018825,132.31221
3018826,5.062558
3018827,5.062558
3018828,56.909847
3018829,56.39179
3018830,11.96263
3018831,187.82556
3018832,197.1613
3018833,-12.963875
3018834,-12.963875
3018835,143.50443
3018836,-59.27375
3018837,857.7635
3018838,-91.93052
3018839,-55.608788
3018840,-2.7847571
3018841,-4.560532
3018842,-21.536718
3018843,2232.6787
3018844,-1.7122657
3018845,471.12692
3018846,-9.082327
3018847,853.11224
3018848,691.14984
3018849,53.2996
3018850,140.48335
3018851,122.51028
3018852,3238.596
3018853,0.05202031
3018854,-1.4288168
3018855,-0.21188831
3018856,-1.4288168
3018857,-1.4288168
3018858,138.20892
3018859,5.062558
3018860,5.062558
3018861,5.062558
3018862,54.34166
3018863,11.96263
3018864,187.82556
3018865,192.70879
3018866,-12.963875
3018867,-12.963875
3018868,132.77896
3018869,-59.27375
3018870,857.7635
3018871,-143.28204
3018872,-55.608788
3018873,-3.4770813
3018874,-5.252853
3018875,-34.81275
3018876,2047.7377
3018877,17.538124
3018878,450.6939
3018879,-8.6496315
3018880,937.186
3018881,784.5957
3018882,137.87718
3018883,143.12566
3018884,79.177505
3018885,3582.0789
3018886,4.663518
3018887,3.182684
3018888,16.474136
3018889,19.84241
3018890,3.182684
3018891,172.48206
3018892,12.953682
3018893,12.953682
3018894,12.953682
3018895,63.959587
3018896,21.580557
3018897,228.26166
3018898,236.81671
3018899,9.441596
3018900,9.441596
3018901,195.30539
3018902,9.138004
3018903,992.2127
3018904,-199.7532
3018905,-24.546955
3018906,-2.7847571
3018907,-4.560532
3018908,-4.560532
3018909,2240.068
3018910,-1.7122657
3018911,470.13608
3018912,-9.082327
3018913,839.70966
3018914,691.14984
3018915,53.2996
3018916,138.66328
3018917,122.51028
3018918,3594.1992
3018919,0.05202031
3018920,-1.4288168
3018921,-7.8424287
3018922,-0.21188831
3018923,-1.4288168
3018924,177.14018
3018925,5.062558
3018926,5.062558
3018927,5.062558
3018928,76.295746
3018929,11.96263
3018930,187.82556
3018931,197.1613
3018932,-12.963875
3018933,-12.963875
3018934,171.42041
3018935,-55.629417
3018936,963.80786
3018937,-91.93052
3018938,-48.109764
3018939,1.3872776
3018940,-0.38849306
3018941,-0.38849306
3018942,1895.7938
3018943,16.889727
3018944,440.8147
3018945,-9.298031
3018946,906.53265
3018947,722.9911
3018948,76.27251
3018949,123.831116
3018950,144.70946
3018951,2956.4526
3018952,4.387867
3018953,2.9070282
3018954,2.9070282
3018955,2.9070282
3018956,2.9070282
3018957,134.94588
3018958,12.678026
3018959,12.678026
3018960,12.678026
3018961,77.94874
3018962,21.304901
3018963,206.00764
3018964,199.28056
3018965,13.033322
3018966,13.033322
3018967,162.3727
3018968,-7.6391497
3018969,314.40634
3018970,-21.672283
3018971,-19.82071
3018972,14.846424
3018973,13.07065
3018974,120.66346
3018975,3273.6216
3018976,44.429596
3018977,599.694
3018978,28.354675
3018979,1321.2891
3018980,1022.9257
3018981,351.66687
3018982,233.65936
3018983,627.05133
3018984,4596.1074
3018985,9.099596
3018986,7.6187634
3018987,57.726192
3018988,57.726192
3018989,7.6187634
3018990,370.65073
3018991,14.110123
3018992,14.110123
3018993,262.63928
3018994,65.116035
3018995,22.736998
3018996,215.27362
3018997,449.04105
3018998,10.186355
3018999,10.186355
3019000,281.20734
3019001,43.34501
3019002,1491.8997
3019003,194.95663
3019004,-20.351578
3019005,-2.5188017
3019006,-4.2945733
3019007,62.26778
3019008,3409.5579
3019009,25.941849
3019010,641.7979
3019011,5.518227
3019012,1218.9213
3019013,878.07263
3019014,309.2649
3019015,174.89401
3019016,98.21214
3019017,4853.3906
3019018,2.6102257
3019019,1.1293887
3019020,44.36243
3019021,38.95534
3019022,1.1293887
3019023,284.66837
3019024,7.6207566
3019025,7.6207566
3019026,7.6207566
3019027,241.45015
3019028,16.247631
3019029,206.50082
3019030,349.10596
3019031,-2.5341473
3019032,-2.5341473
3019033,317.96237
3019034,22.290878
3019035,1477.8212
3019036,506.54797
3019037,59.761497
3019038,8.7311325
3019039,6.9553604
3019040,-6.421508
3019041,2614.1008
3019042,12.207404
3019043,484.85065
3019044,4.8373365
3019045,1024.063
3019046,747.15515
3019047,109.30483
3019048,158.00237
3019049,235.08812
3019050,3750.1755
3019051,10.477743
3019052,8.996905
3019053,13.813165
3019054,8.996905
3019055,8.996905
3019056,229.65146
3019057,15.488273
3019058,15.488273
3019059,15.488273
3019060,64.76738
3019061,22.388348
3019062,202.25584
3019063,289.08215
3019064,1.4664098
3019065,1.4664098
3019066,147.20921
3019067,-37.69474
3019068,879.2975
3019069,-76.70533
3019070,-26.57577
3019071,17.345734
3019072,15.569962
3019073,65.532036
3019074,4262.2114
3019075,68.802185
3019076,700.0396
3019077,121.49673
3019078,1228.5405
3019079,1043.6968
3019080,293.9668
3019081,201.94107
3019082,242.87726
3019083,5630.7783
3019084,15.80532
3019085,14.324477
3019086,97.6321
3019087,127.743706
3019088,14.324477
3019089,372.03204
3019090,23.060963
3019091,23.060963
3019092,138.36145
3019093,398.538
3019094,31.687836
3019095,273.99673
3019096,457.57083
3019097,47.541622
3019098,47.541622
3019099,462.80737
3019100,180.63914
3019101,2394.3218
3019102,13.776849
3019103,109.712265
3019104,-29.788237
3019105,-31.564007
3019106,63.12545
3019107,3962.524
3019108,-10.945726
3019109,575.915
3019110,-12.210308
3019111,1474.7573
3019112,978.4618
3019113,391.53903
3019114,207.15207
3019115,402.20163
3019116,6140.6104
3019117,-12.311113
3019118,-13.791947
3019119,-13.791947
3019120,29.909866
3019121,-13.791947
3019122,312.52036
3019123,-7.076045
3019124,-7.076045
3019125,71.78522
3019126,254.21915
3019127,1.2096391
3019128,191.4629
3019129,369.17447
3019130,-13.624397
3019131,-13.624397
3019132,250.991
3019133,48.224335
3019134,1780.8977
3019135,80.087036
3019136,80.087036
3019137,-50.589134
3019138,-52.364906
3019139,-59.986378
3019140,3206.5664
3019141,-56.43123
3019142,549.7708
3019143,-95.65586
3019144,1414.8652
3019145,814.5472
3019146,245.56468
3019147,64.516495
3019148,197.58878
3019149,5271.8853
3019150,-8.487556
3019151,-9.968391
3019152,25.139168
3019153,25.139168
3019154,-9.968391
3019155,232.22054
3019156,-3.2524896
3019157,-3.2524896
3019158,-3.2524896
3019159,183.64546
3019160,5.0331945
3019161,171.15561
3019162,297.7558
3019163,-18.367775
3019164,-18.367775
3019165,154.37653
3019166,-26.53907
3019167,1178.2959
3019168,-56.935932
3019169,-14.989621
3019170,-44.526516
3019171,-46.302288
3019172,-46.302288
3019173,2006.288
3019174,-61.447075
3019175,379.3632
3019176,-126.60895
3019177,790.287
3019178,580.78516
3019179,-35.528008
3019180,42.113247
3019181,67.61742
3019182,2788.4429
3019183,-9.675674
3019184,-11.156504
3019185,-12.144626
3019186,-11.156504
3019187,-11.156504
3019188,131.87123
3019189,-4.440606
3019190,-4.440606
3019191,-4.440606
3019192,64.65075
3019193,2.4594646
3019194,151.14607
3019195,166.74332
3019196,-45.69565
3019197,-45.69565
3019198,75.42186
3019199,-67.40993
3019200,997.05835
3019201,-149.1148
3019202,-40.89354
3019203,-23.104904
3019204,-24.880678
3019205,-24.880678
3019206,2664.0078
3019207,-10.803093
3019208,360.1346
3019209,-18.571825
3019210,826.5955
3019211,564.215
3019212,-0.4819671
3019213,109.90123
3019214,157.81708
3019215,3202.13
3019216,13.313648
3019217,11.832813
3019218,11.832813
3019219,5.80276
3019220,11.832813
3019221,113.23259
3019222,18.54871
3019223,18.54871
3019224,18.54871
3019225,143.53314
3019226,27.372044
3019227,264.2386
3019228,167.73802
3019229,14.530166
3019230,14.530166
3019231,218.95746
3019232,59.209805
3019233,1150.8074
3019234,-0.34958327
3019235,1.5019945
3019236,64.53109
3019237,62.755318
3019238,140.23915
3019239,4299.499
3019240,118.37485
3019241,872.5901
3019242,131.96515
3019243,1333.9877
3019244,1081.3213
3019245,615.12726
3019246,253.33472
3019247,315.1694
3019248,4306.3965
3019249,47.409325
3019250,45.92849
3019251,58.659218
3019252,57.67361
3019253,45.92849
3019254,410.12485
3019255,52.644398
3019256,52.644398
3019257,52.644398
3019258,372.01837
3019259,61.467724
3019260,238.58792
3019261,566.87164
3019262,51.331676
3019263,51.331676
3019264,324.15048
3019265,177.78229
3019266,2550.4512
3019267,89.9612
3019268,115.950806
3019269,-13.910521
3019270,-15.686295
3019271,-15.686295
3019272,2695.224
3019273,11.13232
3019274,424.16943
3019275,-24.948587
3019276,814.0088
3019277,661.3495
3019278,147.02422
3019279,111.180275
3019280,173.01518
3019281,2639.6223
3019282,15.173558
3019283,13.692728
3019284,13.692728
3019285,13.498371
3019286,13.692728
3019287,135.26611
3019288,20.408627
3019289,20.408627
3019290,20.408627
3019291,124.88596
3019292,28.694311
3019293,206.04709
3019294,207.39572
3019295,18.79085
3019296,106.493195
3019297,225.27359
3019298,49.932716
3019299,529.8397
3019300,26.110117
3019301,34.34052
3019302,-27.278242
3019303,-29.054016
3019304,-29.054016
3019305,2589.4126
3019306,-21.58346
3019307,353.42862
3019308,-24.604805
3019309,854.5446
3019310,574.2242
3019311,49.409977
3019312,98.26267
3019313,160.09755
3019314,3087.132
3019315,-8.598324
3019316,-10.079162
3019317,-0.7821062
3019318,-10.079162
3019319,-10.079162
3019320,122.75878
3019321,-3.3632627
3019322,-3.3632627
3019323,-3.3632627
3019324,112.52247
3019325,5.460069
3019326,187.64685
3019327,154.33203
3019328,-9.194864
3019329,-9.194864
3019330,199.36441
3019331,28.19389
3019332,1131.4921
3019333,-25.96626
3019334,-24.11469
3019335,37.967216
3019336,36.191444
3019337,36.191444
3019338,3883.504
3019339,96.88139
3019340,853.7493
3019341,91.615555
3019342,1163.0524
3019343,980.7237
3019344,485.1645
3019345,227.01717
3019346,288.85184
3019347,4376.605
3019348,37.879807
3019349,36.39897
3019350,61.719063
3019351,35.92126
3019352,36.39897
3019353,388.37247
3019354,43.11488
3019355,43.11488
3019356,43.11488
3019357,303.70273
3019358,51.938206
3019359,233.06294
3019360,521.18866
3019361,45.80672
3019362,45.80672
3019363,272.17813
3019364,125.80996
3019365,1754.8787
3019366,88.26643
3019367,153.79134
3019368,28.06731
3019369,26.291536
3019370,26.291536
3019371,3631.8071
3019372,33.76209
3019373,609.05286
3019374,30.740747
3019375,1375.6908
3019376,854.67456
3019377,365.85294
3019378,196.4177
3019379,380.69626
3019380,4654.7783
3019381,11.532896
3019382,10.052058
3019383,33.655693
3019384,33.655693
3019385,10.052058
3019386,313.25577
3019387,16.767958
3019388,16.767958
3019389,16.767958
3019390,220.11513
3019391,25.591286
3019392,207.77808
3019393,391.97726
3019394,10.9363575
3019395,10.9363575
3019396,233.8022
3019397,48.325096
3019398,1171.302
3019399,-0.46280402
3019400,60.052326
3019401,-32.905525
3019402,-34.6813
3019403,-34.6813
3019404,3468.563
3019405,-27.210741
3019406,537.77
3019407,-30.232088
3019408,1249.1388
3019409,783.3917
3019410,276.63022
3019411,135.44487
3019412,261.8489
3019413,4278.4146
3019414,-13.612058
3019415,-15.092895
3019416,8.510738
3019417,8.510738
3019418,-15.092895
3019419,288.15012
3019420,-8.376999
3019421,-8.376999
3019422,-8.376999
3019423,184.66025
3019424,0.4463336
3019425,182.63312
3019426,363.26016
3019427,-14.208598
3019428,-14.208598
3019429,208.65723
3019430,23.180145
3019431,1307.3599
3019432,-33.639843
3019433,16.56537
3019434,109.56114
3019435,107.785355
3019436,420.99982
3019437,10334.354
3019438,332.7761
3019439,1694.9152
3019440,433.33627
3019441,2324.405
3019442,2000.4629
3019443,1105.7313
3019444,426.39072
3019445,467.32703
3019446,10383.254
3019447,114.015816
3019448,112.53498
3019449,112.53498
3019450,429.0744
3019451,112.53498
3019452,777.4783
3019453,124.55109
3019454,124.55109
3019455,354.95816
3019456,544.65234
3019457,133.17793
3019458,401.42578
3019459,1035.5143
3019460,174.97072
3019461,459.50577
3019462,737.31525
3019463,534.2565
3019464,5031.6875
3019465,113.53463
3019466,366.64188
3019467,-34.308125
3019468,-36.083897
3019469,-36.083897
3019470,2147.5684
3019471,-30.797323
3019472,427.19412
3019473,-33.818665
3019474,834.1334
3019475,632.42755
3019476,-36.67178
3019477,102.28498
3019478,97.107864
3019479,2884.6865
3019480,-22.389765
3019481,-23.870604
3019482,-31.763466
3019483,-23.870604
3019484,-23.870604
3019485,84.320786
3019486,-17.154694
3019487,-17.154694
3019488,-17.154694
3019489,32.124405
3019490,-10.254626
3019491,165.60832
3019492,169.12743
3019493,-27.366001
3019494,-27.366001
3019495,128.98698
3019496,-22.659533
3019497,984.0052
3019498,-39.720375
3019499,-76.70319
3019500,34.414623
3019501,32.638847
3019502,32.638847
3019503,3324.9888
3019504,35.998695
3019505,572.9979
3019506,47.030464
3019507,1344.1013
3019508,789.685
3019509,107.04617
3019510,201.41243
3019511,240.82582
3019512,5710.7686
3019513,16.897408
3019514,15.416571
3019515,22.204266
3019516,22.204266
3019517,15.416571
3019518,210.6501
3019519,23.233814
3019520,23.233814
3019521,23.233814
3019522,176.1296
3019523,30.133888
3019524,238.54681
3019525,267.88336
3019526,18.841955
3019527,18.841955
3019528,164.5848
3019529,25.257359
3019530,1245.3392
3019531,16.228592
3019532,-6.0736322
3019533,-37.38712
3019534,-39.162895
3019535,-39.162895
3019536,2147.7673
3019537,-33.876324
3019538,394.10748
3019539,-36.897675
3019540,778.8655
3019541,648.7742
3019542,177.76707
3019543,99.20597
3019544,-13.853592
3019545,3234.575
3019546,-25.468767
3019547,-26.949604
3019548,-26.949604
3019549,-26.949604
3019550,-26.949604
3019551,47.576115
3019552,-20.233694
3019553,-20.233694
3019554,-20.233694
3019555,37.77644
3019556,-13.333623
3019557,162.52933
3019558,112.223366
3019559,-30.445002
3019560,-30.445002
3019561,110.04891
3019562,-25.73853
3019563,980.92615
3019564,-42.799374
3019565,-79.78219
3019566,16.554296
3019567,14.7785225
3019568,14.7785225
3019569,2387.7512
3019570,41.53257
3019571,561.79767
3019572,31.841658
3019573,1038.2441
3019574,806.7339
3019575,130.51501
3019576,210.03232
3019577,264.29453
3019578,3690.7942
3019579,5.9288564
3019580,4.4480243
3019581,-5.594194
3019582,4.4480243
3019583,4.4480243
3019584,93.60707
3019585,11.16391
3019586,11.16391
3019587,11.16391
3019588,60.443016
3019589,18.063982
3019590,201.76085
3019591,163.48944
3019592,0.540934
3019593,0.540934
3019594,170.04631
3019595,66.15167
3019596,1725.1893
3019597,-41.390358
3019598,-129.33167
3019599,39.061665
3019600,37.285892
3019601,34.62729
3019602,3519.7458
3019603,42.20947
3019604,587.34814
3019605,53.24121
3019606,1298.416
3019607,796.8021
3019608,178.3473
3019609,195.01184
3019610,249.26639
3019611,5716.1045
3019612,25.034452
3019613,23.553616
3019614,26.74199
3019615,26.74199
3019616,23.553616
3019617,196.80127
3019618,30.269531
3019619,30.269531
3019620,30.269531
3019621,194.6027
3019622,37.16959
3019623,216.2692
3019624,282.9597
3019625,19.427485
3019626,19.427485
3019627,165.17032
3019628,22.338528
3019629,384.1889
3019630,11.096821
3019631,3.162517
3019632,-18.68741
3019633,-20.463184
3019634,-20.463184
3019635,2165.3276
3019636,-24.55163
3019637,384.27438
3019638,-89.71351
3019639,768.87646
3019640,605.673
3019641,16.611427
3019642,73.594284
3019643,-7.7197857
3019644,3084.7761
3019645,6.9643655
3019646,5.4835343
3019647,8.671879
3019648,5.4835343
3019649,5.4835343
3019650,118.94127
3019651,12.199423
3019652,12.199423
3019653,12.199423
3019654,72.664635
3019655,19.099497
3019656,167.78609
3019657,143.46416
3019658,-25.188232
3019659,-25.188232
3019660,90.6804
3019661,-45.107067
3019662,240.5456
3019663,-11.883673
3019664,-10.032095
3019665,-0.6728922
3019666,-2.4486637
3019667,15.308002
3019668,3616.878
3019669,14.888231
3019670,611.33435
3019671,11.866858
3019672,1166.9352
3019673,876.54285
3019674,233.27823
3019675,172.12943
3019676,392.3497
3019677,4780.2036
3019678,18.087353
3019679,16.606518
3019680,40.21015
3019681,46.100983
3019682,16.606518
3019683,296.43802
3019684,23.322432
3019685,23.322432
3019686,23.322432
3019687,264.87314
3019688,32.145756
3019689,214.33252
3019690,404.23776
3019691,17.490812
3019692,17.490812
3019693,193.00111
3019694,54.87957
3019695,1194.1873
3019696,3.8787441
3019697,56.18407
3019698,29.566154
3019699,27.790386
3019700,54.57158
3019701,3364.0454
3019702,56.41657
3019703,696.8011
3019704,53.395195
3019705,1185.3818
3019706,923.00165
3019707,396.82175
3019708,144.30946
3019709,206.14429
3019710,4517.5947
3019711,30.926535
3019712,29.445698
3019713,29.445698
3019714,68.55964
3019715,29.445698
3019716,346.28152
3019717,36.161587
3019718,36.161587
3019719,36.161587
3019720,258.84552
3019721,44.984917
3019722,231.46614
3019723,436.0353
3019724,38.491817
3019725,38.491817
3019726,219.32384
3019727,109.33472
3019728,1518.468
3019729,33.1239
3019730,34.97548
3019731,55.309944
3019732,53.534172
3019733,53.534172
3019734,3363.4834
3019735,77.97676
3019736,692.08514
3019737,74.955414
3019738,1181.7007
3019739,936.22565
3019740,392.1058
3019741,165.86964
3019742,227.7045
3019743,5050.975
3019744,35.88968
3019745,34.408844
3019746,48.504612
3019747,92.364555
3019748,34.408844
3019749,342.77136
3019750,41.124744
3019751,41.124744
3019752,41.124744
3019753,318.35083
3019754,49.948074
3019755,236.42928
3019756,387.97452
3019757,43.454975
3019758,130.42227
3019759,213.71637
3019760,103.72727
3019761,1534.4491
3019762,38.08706
3019763,23.092894
3019764,60.87152
3019765,59.095745
3019766,67.34454
3019767,3831.3394
3019768,75.308586
3019769,684.3484
3019770,86.34036
3019771,1475.241
3019772,915.91534
3019773,327.00696
3019774,212.47954
3019775,263.77856
3019776,6505.649
3019777,32.04989
3019778,30.56906
3019779,44.664814
3019780,53.382915
3019781,30.56906
3019782,299.2878
3019783,37.284954
3019784,37.284954
3019785,89.45908
3019786,243.03957
3019787,44.185024
3019788,227.5791
3019789,375.6052
3019790,30.737381
3019791,30.737381
3019792,214.3279
3019793,37.152775
3019794,1215.2115
3019795,116.76913
3019796,68.14305
3019797,4.995231
3019798,3.2194612
3019799,3.2194612
3019800,4256.7515
3019801,35.240303
3019802,673.9694
3019803,102.74516
3019804,1169.8113
3019805,926.5295
3019806,383.2256
3019807,223.29645
3019808,264.2327
3019809,5173.7505
3019810,16.17124
3019811,14.690399
3019812,92.90621
3019813,92.90621
3019814,14.690399
3019815,288.4857
3019816,23.426884
3019817,23.426884
3019818,23.426884
3019819,307.92566
3019820,32.053753
3019821,259.74353
3019822,408.46634
3019823,25.927826
3019824,25.927826
3019825,417.78625
3019826,151.69853
3019827,2626.7085
3019828,-11.378997
3019829,67.530075
3019830,47.635635
3019831,45.859863
3019832,54.10865
3019833,3150.8828
3019834,70.30247
3019835,665.2892
3019836,67.281105
3019837,1300.9603
3019838,975.91327
3019839,355.23575
3019840,193.42021
3019841,405.81073
3019842,5171.6294
3019843,23.024248
3019844,21.543417
3019845,21.543417
3019846,35.63918
3019847,21.543417
3019848,323.84134
3019849,28.259317
3019850,28.259317
3019851,28.259317
3019852,108.2581
3019853,35.15939
3019854,215.31677
3019855,390.18427
3019856,22.342478
3019857,22.342478
3019858,162.8364
3019859,30.553333
3019860,1208.612
3019861,17.500004
3019862,2.5058274
3019863,36.09648
3019864,34.32071
3019865,34.32071
3019866,3256.591
3019867,59.685913
3019868,654.2132
3019869,56.664543
3019870,1137.091
3019871,898.3537
3019872,347.49606
3019873,147.5788
3019874,209.41365
3019875,4577.613
3019876,25.449518
3019877,23.968676
3019878,38.064434
3019879,52.003716
3019880,23.968676
3019881,291.87665
3019882,30.68458
3019883,30.68458
3019884,30.68458
3019885,244.45702
3019886,39.507904
3019887,225.98912
3019888,378.67902
3019889,33.014805
3019890,33.014805
3019891,203.27621
3019892,93.28712
3019893,1506.97
3019894,10.607906
3019895,12.459485
3019896,-23.14667
3019897,-24.922441
3019898,-24.922441
3019899,3245.9207
3019900,-8.602348
3019901,587.52325
3019902,-11.623714
3019903,1118.7218
3019904,856.34155
3019905,305.48386
3019906,79.2905
3019907,141.12535
3019908,4092.527
3019909,16.895191
3019910,15.414354
3019911,15.414354
3019912,54.528297
3019913,15.414354
3019914,316.28052
3019915,22.130259
3019916,22.130259
3019917,22.130259
3019918,291.86
3019919,30.953592
3019920,214.80022
3019921,393.05045
3019922,21.825876
3019923,21.825876
3019924,259.03796
3019925,92.66877
3019926,705.77075
3019927,-0.5810229
3019928,72.251884
3019929,23.113636
3019930,21.33786
3019931,21.33786
3019932,3996.8313
3019933,46.599747
3019934,642.247
3019935,43.57837
3019936,1267.411
3019937,881.8895
3019938,211.33328
3019939,167.79425
3019940,393.3599
3019941,5006.9473
3019942,9.872723
3019943,8.391891
3019944,22.487658
3019945,22.487658
3019946,8.391891
3019947,265.18414
3019948,19.186213
3019949,19.186213
3019950,19.186213
3019951,223.7082
3019952,28.009542
3019953,230.56088
3019954,393.34836
3019955,33.719147
3019956,33.719147
3019957,209.22948
3019958,74.612236
3019959,1546.3308
3019960,-3.5429993
3019961,-18.53716
3019962,76.942116
3019963,75.1663
3019964,181.96918
3019965,13743.352
3019966,221.74623
3019967,1952.7448
3019968,482.08246
3019969,3227.089
3019970,2884.0374
3019971,1075.2156
3019972,563.4982
3019973,795.1042
3019974,14268.251
3019975,72.17756
3019976,70.696724
3019977,365.36353
3019978,317.84576
3019979,70.696724
3019980,868.7749
3019981,606.5689
3019982,77.20385
3019983,606.5689
3019984,674.847
3019985,96.37838
3019986,600.0255
3019987,903.0185
3019988,179.6432
3019989,179.6432
3019990,1107.6991
3019991,640.99603
3019992,8046.7485
3019993,1065.0972
3019994,462.65402
3019995,65.73861
3019996,63.96279
3019997,153.97974
3019998,12631.812
3019999,210.54277
3020000,2086.2605
3020001,470.87894
3020002,3139.6248
3020003,2745.8674
3020004,1053.3773
3020005,558.44586
3020006,790.0518
3020007,14246.412
3020008,73.2925
3020009,71.81167
3020010,281.2641
3020011,325.36633
3020012,71.81167
3020013,876.2954
3020014,614.0894
3020015,78.318794
3020016,614.0894
3020017,699.2209
3020018,97.493324
3020019,601.14044
3020020,910.539
3020021,176.89075
3020022,176.89075
3020023,1095.8684
3020024,602.8807
3020025,6887.236
3020026,1058.3911
3020027,490.70947
3020028,34.969322
3020029,33.19354
3020030,90.22861
3020031,10229.004
3020032,124.25572
3020033,1746.1877
3020034,291.3084
3020035,2855.9827
3020036,2510.196
3020037,932.00696
3020038,397.13846
3020039,628.7443
3020040,13712.241
3020041,90.25888
3020042,88.778046
3020043,333.00342
3020044,333.00342
3020045,88.778046
3020046,842.37585
3020047,707.4056
3020048,100.37135
3020049,542.5125
3020050,627.0637
3020051,119.545876
3020052,606.8125
3020053,722.69006
3020054,178.61505
3020055,417.6483
3020056,1069.265
3020057,438.37308
3020058,4894.388
3020059,690.06177
3020060,292.14365
3020061,52.102325
3020062,50.326538
3020063,11.9758835
3020064,10641.537
3020065,141.38878
3020066,1771.7585
3020067,308.4414
3020068,2881.5535
3020069,2585.6902
3020070,957.57794
3020071,414.27145
3020072,645.87726
3020073,13853.317
3020074,107.39188
3020075,105.91104
3020076,358.57425
3020077,358.57425
3020078,105.91104
3020079,714.09863
3020080,732.97644
3020081,117.504364
3020082,568.0834
3020083,636.36145
3020084,136.67891
3020085,623.94543
3020086,796.4779
3020087,195.74803
3020088,195.74803
3020089,1080.9323
3020090,509.99896
3020091,5449.2173
3020092,770.1256
3020093,363.76962
3020094,13.847336
3020095,12.071577
3020096,53.988747
3020097,7391.2363
3020098,90.27956
3020099,1563.1477
3020100,237.8361
3020101,2507.3276
3020102,2183.3677
3020103,735.9019
3020104,357.5534
3020105,589.1593
3020106,12009.971
3020107,74.776306
3020108,73.29547
3020109,240.19777
3020110,240.19777
3020111,73.29547
3020112,682.95105
3020113,570.4497
3020114,85.557434
3020115,391.2083
3020116,584.7454
3020117,104.731964
3020118,525.3749
3020119,899.8413
3020120,155.03133
3020121,514.1988
3020122,932.2394
3020123,270.77643
3020124,4395.3257
3020125,420.9518
3020126,-23.407814
3020127,36.21564
3020128,34.439884
3020129,142.51337
3020130,8888.143
3020131,115.69391
3020132,1768.7513
3020133,299.07336
3020134,2707.1685
3020135,2486.7083
3020136,869.02234
3020137,405.83115
3020138,637.43713
3020139,9942.605
3020140,80.50996
3020141,79.02912
3020142,277.16135
3020143,312.14288
3020144,79.02912
3020145,737.69934
3020146,546.66046
3020147,91.291084
3020148,546.66046
3020149,614.93854
3020150,110.465614
3020151,531.1085
3020152,849.5665
3020153,164.71275
3020154,164.71275
3020155,836.2061
3020156,453.5716
3020157,5681.2256
3020158,1097.2767
3020159,305.52167
3020160,-9.431593
3020161,-11.207368
3020162,-11.207368
3020163,2551.0625
3020164,4.538281
3020165,258.06537
3020166,80.17528
3020167,816.30383
3020168,622.71387
3020169,56.475456
3020170,209.81306
3020171,250.74933
3020172,4179.565
3020173,22.585262
3020174,21.104427
3020175,21.104427
3020176,37.224606
3020177,21.104427
3020178,141.29071
3020179,33.12054
3020180,33.12054
3020181,33.12054
3020182,156.20842
3020183,41.74741
3020184,261.60333
3020185,163.72188
3020186,39.90052
3020187,39.90052
3020188,373.47162
3020189,115.35504
3020190,1925.1685
3020191,-23.359488
3020192,-21.50792
3020193,-1.6828631
3020194,-3.4586525
3020195,-28.953623
3020196,5728.4766
3020197,60.162033
3020198,1405.5487
3020199,147.75485
3020200,2027.9913
3020201,1748.3114
3020202,544.1744
3020203,253.271
3020204,484.87695
3020205,8223.686
3020206,34.673992
3020207,33.193157
3020208,134.14584
3020209,146.86638
3020210,33.193157
3020211,456.66324
3020212,329.67892
3020213,41.37669
3020214,41.37669
3020215,397.957
3020216,56.096077
3020217,458.5652
3020218,669.0582
3020219,53.473907
3020220,245.706
3020221,538.2883
3020222,229.39645
3020223,3541.7153
3020224,526.1671
3020225,135.17757
3020226,28.492886
3020227,26.717094
3020228,26.717094
3020229,5873.2617
3020230,125.051605
3020231,1532.3907
3020232,217.39183
3020233,2305.5408
3020234,1835.3864
3020235,546.837
3020236,308.46222
3020237,687.86804
3020238,6235.585
3020239,54.25063
3020240,52.769794
3020241,155.95628
3020242,155.95628
3020243,52.769794
3020244,461.94522
3020245,60.95332
3020246,60.95332
3020247,60.95332
3020248,455.9053
3020249,75.67271
3020250,455.0985
3020251,594.517
3020252,93.00053
3020253,266.56198
3020254,714.92847
3020255,441.15186
3020256,4661.56
3020257,131.19945
3020258,269.20163
3020259,-34.94716
3020260,-36.5964
3020261,-1.9256524
3020262,5732.182
3020263,-83.66586
3020264,1339.82
3020265,-233.63243
3020266,2222.877
3020267,1804.4214
3020268,529.7302
3020269,-112.76138
3020270,118.84453
3020271,7100.542
3020272,-73.14255
3020273,-74.62338
3020274,-74.62338
3020275,87.328995
3020276,-74.62338
3020277,579.51807
3020278,-66.43981
3020279,-66.43981
3020280,-66.43981
3020281,461.66483
3020282,-51.720417
3020283,213.57996
3020284,687.056
3020285,-84.85725
3020286,156.69656
3020287,193.10677
3020288,-15.080623
3020289,4056.6448
3020290,-131.73625
3020291,142.22096
3020292,-21.140406
3020293,-22.91618
3020294,-17.229235
3020295,2834.46
3020296,-26.157658
3020297,480.89557
3020298,-101.290474
3020299,988.74945
3020300,726.369
3020301,117.4061
3020302,18.676903
3020303,80.51172
3020304,3573.4316
3020305,5.8355937
3020306,4.3547587
3020307,21.751665
3020308,21.751665
3020309,4.3547587
3020310,234.43845
3020311,11.07065
3020312,11.07065
3020313,11.07065
3020314,209.10118
3020315,19.89398
3020316,189.87735
3020317,296.2651
3020318,-6.964332
3020319,-6.964332
3020320,165.37697
3020321,41.52834
3020322,1157.4894
3020323,21.804855
3020324,23.656435
3020325,-7.3676677
3020326,-9.143438
3020327,-9.143438
3020328,2639.676
3020329,10.037785
3020330,493.0786
3020331,-2.9545474
3020332,977.2644
3020333,865.8225
3020334,122.019005
3020335,130.70049
3020336,243.91492
3020337,3999.0688
3020338,0.60029507
3020339,-0.88053924
3020340,13.215228
3020341,-0.88053924
3020342,-0.88053924
3020343,174.92523
3020344,5.8353677
3020345,5.8353677
3020346,5.8353677
3020347,55.114464
3020348,12.735441
3020349,182.90472
3020350,244.68834
3020351,-10.069585
3020352,-10.069585
3020353,128.95834
3020354,-13.4539
3020355,410.75555
3020356,-28.935432
3020357,-43.92961
3020358,48.221237
3020359,46.445465
3020360,105.50896
3020361,4461.0176
3020362,105.42563
3020363,885.76215
3020364,158.12013
3020365,1394.8912
3020366,1160.7445
3020367,584.3732
3020368,251.3113
3020369,292.24747
3020370,5420.2896
3020371,36.50907
3020372,35.028236
3020373,141.83328
3020374,127.43723
3020375,35.028236
3020376,441.8376
3020377,43.764713
3020378,43.764713
3020379,360.92188
3020380,442.49582
3020381,52.391582
3020382,284.33627
3020383,587.84674
3020384,57.88118
3020385,57.88118
3020386,486.0802
3020387,210.14809
3020388,2597.72
3020389,11.590595
3020390,106.78646
3020391,44.994118
3020392,43.218338
3020393,161.5209
3020394,5383.8184
3020395,106.94839
3020396,972.486
3020397,207.50848
3020398,1495.7155
3020399,1220.594
3020400,637.87354
3020401,288.6432
3020402,329.5795
3020403,5855.2124
3020404,36.1476
3020405,34.666763
3020406,124.10948
3020407,202.56949
3020408,34.666763
3020409,481.72287
3020410,46.682873
3020411,46.682873
3020412,46.682873
3020413,459.13126
3020414,55.309742
3020415,287.25446
3020416,628.1991
3020417,60.79933
3020418,60.79933
3020419,515.3987
3020420,312.33978
3020421,2215.8757
3020422,45.834457
3020423,85.74626
3020424,48.5008
3020425,46.72502
3020426,165.0276
3020427,5551.474
3020428,110.45507
3020429,996.0969
3020430,211.01518
3020431,1540.4937
3020432,1276.0443
3020433,682.65186
3020434,292.14987
3020435,333.08618
3020436,6532.3174
3020437,39.65428
3020438,38.173447
3020439,121.65798
3020440,121.65798
3020441,38.173447
3020442,485.22955
3020443,50.189556
3020444,50.189556
3020445,160.78928
3020446,462.63794
3020447,58.816425
3020448,290.76114
3020449,652.7231
3020450,64.306015
3020451,64.306015
3020452,518.9054
3020453,315.84647
3020454,3386.1462
3020455,49.34114
3020456,89.252945
3020457,3.7278166
3020458,1.9520296
3020459,109.347244
3020460,5250.3467
3020461,46.86206
3020462,875.40686
3020463,157.17482
3020464,1612.1997
3020465,1185.8118
3020466,616.8292
3020467,369.59967
3020468,504.46506
3020469,8064.0684
3020470,36.140102
3020471,34.659267
3020472,104.37531
3020473,114.04521
3020474,34.659267
3020475,508.98227
3020476,46.675392
3020477,46.675392
3020478,143.50662
3020479,457.31436
3020480,55.302254
3020481,252.81711
3020482,610.6062
3020483,31.582758
3020484,31.582758
3020485,412.6647
3020486,162.2963
3020487,2411.4634
3020488,720.49817
3020489,382.2464
3020490,-62.176727
3020491,-63.952522
3020492,-213.79765
3020493,1761.7671
3020494,-106.882965
3020495,187.3101
3020496,-51.125916
3020497,712.6295
3020498,596.14636
3020499,-123.57299
3020500,73.32141
3020501,114.257675
3020502,2172.748
3020503,-36.141853
3020504,-37.62269
3020505,-37.62269
3020506,-37.62269
3020507,-37.62269
3020508,12.513894
3020509,-28.886215
3020510,-28.886215
3020511,-28.886215
3020512,12.994273
3020513,-19.996668
3020514,207.69308
3020515,61.24429
3020516,-41.72876
3020517,-41.72876
3020518,313.0325
3020519,48.000046
3020520,945.4721
3020521,-51.69432
3020522,-49.842728
3020523,-19.10309
3020524,-20.878862
3020525,-20.878862
3020526,2371.2085
3020527,-11.541986
3020528,32.35752
3020529,25.165283
3020530,966.97076
3020531,896.1637
3020532,205.00116
3020533,107.98264
3020534,179.16461
3020535,4116.688
3020536,-59.9615
3020537,-8.403753
3020538,-8.403753
3020539,-8.403753
3020540,-8.403753
3020541,170.68509
3020542,-1.9123838
3020543,-1.9123838
3020544,-1.9123838
3020545,49.093513
3020546,6.7144933
3020547,205.68163
3020548,222.86005
3020549,-3.3533416
3020550,-3.3533416
3020551,288.89365
3020552,-37.87101
3020553,993.61053
3020554,-199.34367
3020555,-62.72931
3020556,91.190674
3020557,89.4149
3020558,49.68852
3020559,5182.4023
3020560,124.029816
3020561,1062.7908
3020562,221.15918
3020563,1747.0055
3020564,1323.2294
3020565,803.10657
3020566,366.5374
3020567,354.8578
3020568,9095.441
3020569,237.39522
3020570,53.765438
3020571,53.765438
3020572,117.86802
3020573,53.765438
3020574,518.49286
3020575,61.559196
3020576,61.559196
3020577,61.559196
3020578,218.83577
3020579,68.45926
3020580,296.23575
3020581,570.378
3020582,76.53096
3020583,76.53096
3020584,298.1567
3020585,89.3763
3020586,1281.7406
3020587,201.54517
3020588,69.823235
3020589,0.8410654
3020590,-0.93470526
3020591,-0.93470526
3020592,2394.2852
3020593,1.9135593
3020594,152.43684
3020595,-2.3939924
3020596,878.61743
3020597,627.1794
3020598,77.08063
3020599,123.34468
3020600,149.71918
3020601,3247.6077
3020602,-28.025417
3020603,-5.324741
3020604,-5.324741
3020605,-5.324741
3020606,-5.324741
3020607,124.2291
3020608,1.1666259
3020609,1.1666259
3020610,36.77546
3020611,34.86561
3020612,8.066699
3020613,189.49207
3020614,178.72896
3020615,-11.297365
3020616,-11.297365
3020617,145.1709
3020618,-57.607246
3020619,799.09503
3020620,-139.29543
3020621,-16.739248
3020622,0.8410654
3020623,-0.93470526
3020624,-0.93470526
3020625,2394.2852
3020626,1.9135593
3020627,152.43684
3020628,-2.3939924
3020629,875.66327
3020630,613.69196
3020631,186.10005
3020632,123.34468
3020633,149.71918
3020634,3247.6077
3020635,-21.738068
3020636,-5.324741
3020637,-5.324741
3020638,-5.324741
3020639,-5.324741
3020640,161.6511
3020641,1.1666259
3020642,1.1666259
3020643,1.1666259
3020644,50.44574
3020645,8.066699
3020646,189.49207
3020647,178.72896
3020648,-11.297365
3020649,-11.297365
3020650,134.44543
3020651,-57.607246
3020652,799.09503
3020653,-189.41199
3020654,-16.739248
3020655,0.14874506
3020656,-1.6270285
3020657,-58.700066
3020658,2180.1375
3020659,21.16395
3020660,214.0426
3020661,-1.9612997
3020662,976.39185
3020663,830.58875
3020664,139.42621
3020665,148.19923
3020666,173.16357
3020667,3320.446
3020668,-9.3266325
3020669,-0.7132423
3020670,20.528429
3020671,-0.7132423
3020672,-0.7132423
3020673,189.13802
3020674,9.057757
3020675,9.057757
3020676,9.057757
3020677,60.063667
3020678,17.684631
3020679,207.94981
3020680,249.50162
3020681,11.108104
3020682,11.108104
3020683,196.9719
3020684,10.804516
3020685,955.756
3020686,-59.071632
3020687,-28.5695
3020688,0.8410654
3020689,-0.93470526
3020690,-45.424046
3020691,2567.3445
3020692,1.9135593
3020693,210.34932
3020694,-2.3939924
3020695,859.1506
3020696,613.69196
3020697,62.832962
3020698,123.34468
3020699,149.71918
3020700,3484.2498
3020701,-28.025417
3020702,-5.324741
3020703,-5.324741
3020704,-5.324741
3020705,-5.324741
3020706,128.68163
3020707,-13.44058
3020708,1.1666259
3020709,1.1666259
3020710,34.86561
3020711,8.066699
3020712,189.49207
3020713,183.18147
3020714,-11.297365
3020715,-11.297365
3020716,151.23743
3020717,-53.9629
3020718,948.2948
3020719,-183.1162
3020720,-16.739248
3020721,5.0131025
3020722,3.2373304
3020723,-60.770466
3020724,2097.166
3020725,20.51555
3020726,155.28868
3020727,-2.6096988
3020728,934.783
3020729,768.98413
3020730,77.82153
3020731,128.90471
3020732,166.6879
3020733,3049.969
3020734,1.2339282
3020735,-0.988899
3020736,-0.988899
3020737,-0.988899
3020738,-0.988899
3020739,143.17824
3020740,8.782102
3020741,8.782102
3020742,8.782102
3020743,78.63476
3020744,17.408974
3020745,207.67415
3020746,203.06041
3020747,14.699836
3020748,14.699836
3020749,185.79471
3020750,-5.972641
3020751,316.07288
3020752,-20.005772
3020753,-18.154194
3020754,35.440136
3020755,33.664364
3020756,113.743996
3020757,3536.0112
3020758,65.02327
3020759,972.6462
3020760,52.010887
3020761,1387.9943
3020762,1101.3861
3020763,414.628
3020764,255.7008
3020765,214.2
3020766,4831.315
3020767,180.17825
3020768,5.285089
3020769,59.97447
3020770,5.285089
3020771,5.285089
3020772,378.93607
3020773,11.776442
3020774,11.776442
3020775,298.0204
3020776,62.782364
3020777,20.403318
3020778,218.50238
3020779,488.31107
3020780,13.415113
3020781,13.415113
3020782,232.74118
3020783,46.57377
3020784,1457.0052
3020785,574.3829
3020786,-14.651803
3020787,18.074894
3020788,16.299122
3020789,55.34833
3020790,3844.9302
3020791,46.535545
3020792,578.89343
3020793,29.174444
3020794,1257.3992
3020795,948.6969
3020796,366.40173
3020797,206.1337
3020798,186.1752
3020799,5111.9683
3020800,108.111435
3020801,-1.2042904
3020802,-1.2042904
3020803,55.80898
3020804,-1.2042904
3020805,299.2087
3020806,5.2870803
3020807,5.2870803
3020808,190.1626
3020809,135.8832
3020810,13.913957
3020811,209.72958
3020812,351.38373
3020813,0.69461066
3020814,0.69461066
3020815,330.75208
3020816,25.51963
3020817,1543.7975
3020818,716.92206
3020819,-33.638428
3020820,12.356958
3020821,10.581188
3020822,10.581188
3020823,2837.6904
3020824,15.833221
3020825,285.67252
3020826,11.525661
3020827,971.5952
3020828,706.66974
3020829,133.08583
3020830,140.86372
3020831,163.63885
3020832,3578.1777
3020833,-16.804794
3020834,5.1009808
3020835,5.1009808
3020836,5.1009808
3020837,5.1009808
3020838,214.16235
3020839,11.592351
3020840,11.592351
3020841,11.592351
3020842,48.89066
3020843,18.492422
3020844,203.92235
3020845,254.10258
3020846,3.1329184
3020847,3.1329184
3020848,148.87572
3020849,-36.02823
3020850,820.6289
3020851,-167.89099
3020852,-117.76143
3020853,41.677967
3020854,39.902195
3020855,60.458496
3020856,4725.8853
3020857,93.13441
3020858,763.1558
3020859,148.89146
3020860,1318.9434
3020861,1112.3485
3020862,395.70648
3020863,227.52469
3020864,268.46088
3020865,5856.519
3020866,18.553373
3020867,17.072529
3020868,17.072529
3020869,114.26811
3020870,17.072529
3020871,460.08954
3020872,25.80901
3020873,25.80901
3020874,25.80901
3020875,214.197
3020876,34.43588
3020877,374.90247
3020878,544.16675
3020879,54.508907
3020880,54.508907
3020881,469.77466
3020882,187.60645
3020883,2359.1843
3020884,20.744148
3020885,184.04808
3020886,-26.162415
3020887,-27.938185
3020888,56.013916
3020889,4353.992
3020890,-7.3199024
3020891,944.1854
3020892,-5.5219774
3020893,1510.3455
3020894,1036.3901
3020895,467.40756
3020896,243.63605
3020897,160.9183
3020898,6622.191
3020899,154.56686
3020900,-17.68787
3020901,62.006336
3020902,69.14874
3020903,-17.68787
3020904,352.1632
3020905,-10.971975
3020906,-10.971975
3020907,105.224884
3020908,139.08041
3020909,-2.6862907
3020910,193.12941
3020911,344.57245
3020912,-11.957889
3020913,-11.957889
3020914,284.43063
3020915,49.890854
3020916,1867.5239
3020917,662.9515
3020918,-66.346466
3020919,-46.963306
3020920,-48.739075
3020921,-48.739075
3020922,3637.5073
3020923,-52.8054
3020924,684.98944
3020925,-88.96753
3020926,1482.5598
3020927,922.52216
3020928,353.53964
3020929,101.000534
3020930,77.4727
3020931,5776.0835
3020932,78.79199
3020933,-13.864314
3020934,-13.864314
3020935,58.578854
3020936,-13.864314
3020937,271.8633
3020938,-7.1484156
3020939,-7.1484156
3020940,-7.1484156
3020941,217.08513
3020942,1.1372683
3020943,172.82211
3020944,324.2387
3020945,-16.70127
3020946,-16.70127
3020947,156.04303
3020948,-24.872566
3020949,1264.9221
3020950,-55.26942
3020951,-53.417843
3020952,-40.900692
3020953,-42.676468
3020954,-75.41007
3020955,2109.4814
3020956,-57.82126
3020957,110.19349
3020958,-119.920616
3020959,754.89594
3020960,626.7783
3020961,10.465223
3020962,47.186794
3020963,72.511955
3020964,2912.5354
3020965,-10.115397
3020966,-15.052428
3020967,-10.115397
3020968,-7.282137
3020969,-15.052428
3020970,140.10359
3020971,-8.336534
3020972,-8.336534
3020973,-8.336534
3020974,65.33677
3020975,-1.4364603
3020976,152.81258
3020977,174.97571
3020978,-44.029144
3020979,-44.029144
3020980,104.391335
3020981,-65.743416
3020982,960.60175
3020983,-136.554
3020984,-39.227028
3020985,-13.962805
3020986,-15.738579
3020987,-62.522568
3020988,2811.6995
3020989,-1.6609956
3020990,398.16055
3020991,-6.367219
3020992,898.0517
3020993,651.8788
3020994,56.70987
3020995,120.29475
3020996,168.21054
3020997,3234.6316
3020998,14.933998
3020999,13.453163
3021000,13.453163
3021001,34.977478
3021002,13.453163
3021003,167.09451
3021004,20.169071
3021005,20.169071
3021006,59.29019
3021007,156.80962
3021008,28.992405
3021009,271.4214
3021010,133.41121
3021011,21.712955
3021012,21.712955
3021013,226.14024
3021014,66.39257
3021015,1328.8538
3021016,6.8332167
3021017,8.684795
3021018,68.15691
3021019,66.38114
3021020,116.351845
3021021,4431.899
3021022,122.00064
3021023,912.0392
3021024,138.6535
3021025,1384.1089
3021026,1136.9781
3021027,670.784
3021028,258.21185
3021029,320.04657
3021030,4284.99
3021031,43.513405
3021032,42.03257
3021033,70.54389
3021034,70.90147
3021035,42.03257
3021036,428.0466
3021037,48.748478
3021038,48.748478
3021039,48.748478
3021040,99.95082
3021041,57.571804
3021042,240.25443
3021043,569.58746
3021044,52.998188
3021045,52.998188
3021046,325.817
3021047,179.44879
3021048,2206.8071
3021049,91.627716
3021050,93.479294
3021051,-13.617487
3021052,-15.393261
3021053,-62.211143
3021054,2827.6238
3021055,11.42535
3021056,463.61853
3021057,-21.593042
3021058,881.2665
3021059,706.33405
3021060,89.587524
3021061,112.72468
3021062,174.55956
3021063,2724.549
3021064,7.9448376
3021065,6.4640164
3021066,6.4640164
3021067,37.07541
3021068,6.4640164
3021069,148.49396
3021070,13.179901
3021071,13.179901
3021072,13.179901
3021073,138.20906
3021074,21.46559
3021075,204.3808
3021076,216.47751
3021077,17.124575
3021078,17.124575
3021079,226.9401
3021080,51.599236
3021081,531.5061
3021082,27.776628
3021083,105.268234
3021084,-23.652418
3021085,-25.428192
3021086,-25.428192
3021087,2711.3225
3021088,-17.957632
3021089,410.81763
3021090,-17.91647
3021091,925.4588
3021092,629.88086
3021093,123.48663
3021094,103.13984
3021095,164.97472
3021096,3321.5586
3021097,-12.494256
3021098,-13.975088
3021099,-13.975088
3021100,-13.975088
3021101,-13.975088
3021102,140.68059
3021103,-7.2591853
3021104,-7.2591853
3021105,-7.2591853
3021106,130.39566
3021107,1.5641409
3021108,189.31335
3021109,173.76306
3021110,-7.528354
3021111,-7.528354
3021112,167.98195
3021113,29.860405
3021114,1202.4198
3021115,-24.299753
3021116,-22.44818
3021117,66.220985
3021118,64.44522
3021119,56.405228
3021120,4186.037
3021121,125.13518
3021122,907.1543
3021123,122.93185
3021124,1368.2177
3021125,1061.0085
3021126,547.50916
3021127,256.52228
3021128,318.357
3021129,4418.442
3021130,58.611835
3021131,57.131
3021132,57.131
3021133,188.93704
3021134,57.131
3021135,430.92218
3021136,63.84691
3021137,63.84691
3021138,63.84691
3021139,392.8157
3021140,72.67023
3021141,259.35736
3021142,483.27222
3021143,72.10118
3021144,72.10118
3021145,359.106
3021146,152.10443
3021147,1850.4342
3021148,114.5609
3021149,249.34694
3021150,31.69313
3021151,29.917358
3021152,20.160885
3021153,4132.3174
3021154,37.38792
3021155,1247.5743
3021156,37.42908
3021157,1602.6368
3021158,990.90735
3021159,502.08582
3021160,212.68991
3021161,220.32028
3021162,5593.284
3021163,194.32948
3021164,6.156135
3021165,45.540367
3021166,45.540367
3021167,6.156135
3021168,413.26288
3021169,12.872034
3021170,12.872034
3021171,12.872034
3021172,213.07396
3021173,21.69536
3021174,209.44458
3021175,498.7222
3021176,12.602865
3021177,12.602865
3021178,188.11317
3021179,49.991615
3021180,1242.2297
3021181,1.2037046
3021182,3.0552788
3021183,-29.2797
3021184,-31.055471
3021185,-31.055471
3021186,3705.3125
3021187,-23.584917
3021188,829.8652
3021189,-23.543755
3021190,1317.2279
3021191,867.6882
3021192,378.86673
3021193,151.71709
3021194,159.34746
3021195,4539.655
3021196,45.266525
3021197,-18.98882
3021198,20.39542
3021199,25.529285
3021200,-18.98882
3021201,336.22092
3021202,-12.272921
3021203,-12.272921
3021204,-12.272921
3021205,197.88812
3021206,-3.4495916
3021207,184.29962
3021208,411.331
3021209,-12.54209
3021210,-12.54209
3021211,221.8851
3021212,24.846664
3021213,1378.2876
3021214,-31.973331
3021215,-30.121758
3021216,117.06648
3021217,115.290695
3021218,379.38275
3021219,10875.418
3021220,340.2814
3021221,1918.8376
3021222,443.90408
3021223,2419.5603
3021224,2245.0452
3021225,1350.3138
3021226,435.14743
3021227,476.08374
3021228,10686.383
3021229,115.34256
3021230,113.86173
3021231,113.86173
3021232,424.57245
3021233,113.86173
3021234,1011.30853
3021235,125.87784
3021236,125.87784
3021237,729.6111
3021238,793.68835
3021239,134.50468
3021240,406.9718
3021241,1669.9562
3021242,180.51672
3021243,180.51672
3021244,742.8612
3021245,539.8025
3021246,5084.8857
3021247,119.08065
3021248,419.83975
3021249,-30.682299
3021250,-32.458073
3021251,-32.458073
3021252,2279.968
3021253,-27.1715
3021254,130.67496
3021255,-27.130331
3021256,849.4129
3021257,647.17175
3021258,73.23638
3021259,107.35853
3021260,157.68413
3021261,3107.914
3021262,-74.82937
3021263,-27.766525
3021264,-27.766525
3021265,-27.766525
3021266,-27.766525
3021267,62.67386
3021268,-21.050629
3021269,-21.050629
3021270,-21.050629
3021271,28.228481
3021272,-14.150557
3021273,167.27483
3021274,124.72229
3021275,-25.699492
3021276,-25.699492
3021277,131.01619
3021278,-20.993025
3021279,947.5486
3021280,-38.053864
3021281,-36.202293
3021282,43.55673
3021283,41.780956
3021284,41.780956
3021285,3847.0627
3021286,45.14081
3021287,552.83026
3021288,59.23506
3021289,1316.481
3021290,862.08887
3021291,179.45013
3021292,232.89671
3021293,247.64722
3021294,5917.8413
3021295,73.234245
3021296,17.036922
3021297,49.301003
3021298,49.301003
3021299,17.036922
3021300,245.29314
3021301,24.854168
3021302,24.854168
3021303,24.854168
3021304,125.249725
3021305,31.754238
3021306,245.7296
3021307,319.61353
3021308,26.02474
3021309,26.02474
3021310,171.76758
3021311,32.440147
3021312,1196.0436
3021313,23.411383
3021314,25.262964
3021315,-33.76129
3021316,-35.53707
3021317,-35.53707
3021318,2280.167
3021319,-30.250498
3021320,160.08084
3021321,-30.209333
3021322,846.3339
3021323,716.46783
3021324,12.352985
3021325,104.27952
3021326,154.60516
3021327,3137.3198
3021328,-34.156452
3021329,-30.845528
3021330,-34.156452
3021331,-30.845528
3021332,-30.845528
3021333,54.2992
3021334,-24.129623
3021335,-24.129623
3021336,-24.129623
3021337,38.46246
3021338,-17.229553
3021339,164.19583
3021340,118.94647
3021341,-28.778492
3021342,-28.778492
3021343,111.71542
3021344,-24.07202
3021345,944.46954
3021346,-41.132862
3021347,-39.28129
3021348,20.18012
3021349,18.404352
3021350,18.404352
3021351,2520.151
3021352,45.158386
3021353,370.02924
3021354,38.52999
3021355,1056.4369
3021356,847.03687
3021357,176.50822
3021358,215.1059
3021359,217.57173
3021360,3887.5479
3021361,-34.205074
3021362,0.55209243
3021363,0.55209243
3021364,-4.9081798
3021365,0.55209243
3021366,101.83947
3021367,7.267985
3021368,7.267985
3021369,7.267985
3021370,56.54709
3021371,14.168055
3021372,203.42735
3021373,178.4596
3021374,2.2074428
3021375,2.2074428
3021376,172.07552
3021377,67.81818
3021378,1688.7327
3021379,-39.723854
3021380,-37.872276
3021381,42.68749
3021382,40.911716
3021383,40.911716
3021384,3942.9917
3021385,45.835293
3021386,536.69543
3021387,59.929565
3021388,1226.4889
3021389,786.0173
3021390,158.58553
3021391,203.92877
3021392,239.32967
3021393,5900.61
3021394,47.853752
3021395,19.657677
3021396,19.657677
3021397,19.657677
3021398,19.657677
3021399,207.36772
3021400,26.3736
3021401,26.3736
3021402,26.3736
3021403,200.47528
3021404,33.273663
3021405,217.9357
3021406,288.29767
3021407,21.093992
3021408,21.093992
3021409,197.98315
3021410,24.005032
3021411,385.85544
3021412,12.763329
3021413,14.61491
3021414,-15.06159
3021415,-16.837362
3021416,-16.837362
3021417,2297.7273
3021418,-20.925802
3021419,150.01912
3021420,-83.02517
3021421,813.63965
3021422,696.4278
3021423,112.893
3021424,78.66785
3021425,117.91208
3021426,2808.9211
3021427,-1.8206266
3021428,1.5876071
3021429,1.5876071
3021430,9.357895
3021431,1.5876071
3021432,111.52876
3021433,8.303498
3021434,8.303498
3021435,8.303498
3021436,74.693855
3021437,15.203568
3021438,169.45259
3021439,162.04573
3021440,-23.521717
3021441,-23.521717
3021442,92.34691
3021443,-43.440556
3021444,884.34735
3021445,-10.217165
3021446,-8.365587
3021447,2.9529314
3021448,1.1771597
3021449,1.1771597
3021450,3853.6274
3021451,18.514053
3021452,851.7174
3021453,18.555191
3021454,1357.9489
3021455,933.7346
3021456,426.07132
3021457,188.40164
3021458,196.03201
3021459,4955.87
3021460,59.328835
3021461,12.710587
3021462,12.710587
3021463,52.09483
3021464,12.710587
3021465,366.84924
3021466,19.426502
3021467,19.426502
3021468,19.426502
3021469,159.48227
3021470,28.249836
3021471,215.99902
3021472,445.57077
3021473,19.157335
3021474,19.157335
3021475,194.66762
3021476,56.54607
3021477,1265.115
3021478,5.5452623
3021479,7.39684
3021480,33.19198
3021481,31.41621
3021482,30.684277
3021483,3496.445
3021484,60.042393
3021485,742.98804
3021486,60.083534
3021487,1242.771
3021488,1039.2795
3021489,452.47858
3021490,149.18666
3021491,211.02148
3021492,4534.8047
3021493,27.030607
3021494,25.549774
3021495,25.549774
3021496,81.787506
3021497,25.549774
3021498,360.4169
3021499,32.26566
3021500,32.26566
3021501,32.26566
3021502,181.94092
3021503,41.08899
3021504,233.13264
3021505,342.82907
3021506,40.158337
3021507,40.158337
3021508,220.99034
3021509,111.00122
3021510,1589.3958
3021511,34.79042
3021512,36.642
3021513,58.935776
3021514,57.160004
3021515,37.895653
3021516,3495.883
3021517,81.602585
3021518,731.53424
3021519,81.64374
3021520,1221.15
3021521,974.9772
3021522,341.415
3021523,170.74684
3021524,232.5817
3021525,5068.184
3021526,31.993753
3021527,30.512922
3021528,60.38927
3021529,164.25876
3021530,30.512922
3021531,351.85315
3021532,37.228817
3021533,37.228817
3021534,37.228817
3021535,258.214
3021536,46.052147
3021537,238.09578
3021538,328.96967
3021539,45.121487
3021540,45.121487
3021541,215.38287
3021542,105.393776
3021543,1429.4976
3021544,39.75357
3021545,94.02059
3021546,64.49735
3021547,62.721573
3021548,43.457214
3021549,4230.176
3021550,78.93442
3021551,763.4996
3021552,93.0287
3021553,1483.2621
3021554,964.21674
3021555,375.30847
3021556,221.39645
3021557,245.88995
3021558,6690.155
3021559,133.93619
3021560,26.673128
3021561,26.673128
3021562,26.673128
3021563,26.673128
3021564,311.3636
3021565,33.389027
3021566,33.389027
3021567,73.50694
3021568,159.40894
3021569,40.289097
3021570,229.2456
3021571,387.68097
3021572,32.40389
3021573,32.40389
3021574,220.20049
3021575,38.81928
3021576,1221.0842
3021577,188.12834
3021578,27.617554
3021579,38.54006
3021580,36.764294
3021581,36.764294
3021582,4479.8315
3021583,68.785164
3021584,743.3375
3021585,139.35246
3021586,1217.2081
3021587,1012.1052
3021588,468.8012
3021589,258.09268
3021590,299.0289
3021591,5138.0854
3021592,28.131887
3021593,26.651043
3021594,120.64744
3021595,120.64744
3021596,26.651043
3021597,332.0005
3021598,35.387535
3021599,35.387535
3021600,35.387535
3021601,214.61812
3021602,44.014404
3021603,275.9234
3021604,435.26608
3021605,42.107704
3021606,42.107704
3021607,433.96616
3021608,167.87843
3021609,2614.2598
3021610,4.8008947
3021611,152.97119
3021612,51.261467
3021613,49.485695
3021614,49.485695
3021615,3152.679
3021616,73.92829
3021617,1006.86487
3021618,73.96945
3021619,1345.7238
3021620,1004.435
3021621,311.28635
3021622,198.49379
3021623,226.83066
3021624,5177.64
3021625,49.684433
3021626,17.647478
3021627,49.684433
3021628,36.3252
3021629,17.647478
3021630,321.7245
3021631,24.363392
3021632,24.363392
3021633,24.363392
3021634,108.94412
3021635,31.263468
3021636,216.98328
3021637,405.15445
3021638,24.008984
3021639,24.008984
3021640,164.5029
3021641,32.21984
3021642,1172.1554
3021643,19.166515
3021644,21.018085
3021645,39.722313
3021646,37.94654
3021647,18.682198
3021648,3388.9907
3021649,63.311745
3021650,686.92444
3021651,63.35289
3021652,1176.54
3021653,954.0104
3021654,403.15292
3021655,152.456
3021656,214.29085
3021657,4688.5703
3021658,21.553577
3021659,20.072744
3021660,49.949116
3021661,49.949116
3021662,20.072744
3021663,315.09406
3021664,26.788658
3021665,26.788658
3021666,26.788658
3021667,165.38501
3021668,35.611977
3021669,227.65562
3021670,404.84784
3021671,34.681316
3021672,34.681316
3021673,204.94272
3021674,94.95362
3021675,1402.0184
3021676,12.274419
3021677,14.125997
3021678,-19.520844
3021679,-21.296618
3021680,-22.028543
3021681,3378.3203
3021682,-4.97652
3021683,644.9123
3021684,-4.9353824
3021685,1158.1709
3021686,888.3552
3021687,361.14072
3021688,84.16766
3021689,146.00256
3021690,4015.9885
3021691,12.999259
3021692,11.518424
3021693,11.518424
3021694,59.92719
3021695,11.518424
3021696,335.71155
3021697,18.234325
3021698,18.234325
3021699,18.234325
3021700,258.04205
3021701,27.057652
3021702,216.46672
3021703,412.48148
3021704,23.49239
3021705,23.49239
3021706,204.32442
3021707,94.33527
3021708,1555.6908
3021709,1.0854859
3021710,143.17969
3021711,19.767273
3021712,17.9915
3021713,-1.2728432
3021714,4307.5537
3021715,43.253387
3021716,820.6908
3021717,43.29451
3021718,1350.2673
3021719,941.27386
3021720,415.0941
3021721,177.09427
3021722,194.2325
3021723,5103.0586
3021724,82.61995
3021725,6.8798614
3021726,36.75622
3021727,36.75622
3021728,6.8798614
3021729,333.4472
3021730,17.67418
3021731,17.67418
3021732,17.67418
3021733,239.31998
3021734,26.497507
3021735,226.47113
3021736,401.46155
3021737,29.629404
3021738,29.629404
3021739,205.13972
3021740,70.522514
3021741,1611.5022
3021742,-7.6327553
3021743,-5.78118
3021744,75.15945
3021745,73.38363
3021746,151.10962
3021747,14362.655
3021748,219.96358
3021749,2281.4424
3021750,497.8283
3021751,3372.4216
3021752,3105.6248
3021753,1211.857
3021754,598.0479
3021755,829.6539
3021756,15102.9375
3021757,65.47311
3021758,63.99227
3021759,309.5671
3021760,353.66934
3021761,63.99227
3021762,916.9769
3021763,750.29663
3021764,70.4994
3021765,653.2616
3021766,738.39307
3021767,89.67392
3021768,634.8135
3021769,984.40137
3021770,178.7583
3021771,676.10364
3021772,1106.8141
3021773,640.1111
3021774,7930.2637
3021775,1398.5477
3021776,543.524
3021777,80.92384
3021778,79.14801
3021779,140.08804
3021780,13549.827
3021781,225.72792
3021782,2199.5894
3021783,503.5927
3021784,3337.9
3021785,2961.3967
3021786,1206.9867
3021787,609.96344
3021788,841.5694
3021789,15098.066
3021790,68.15029
3021791,66.66946
3021792,66.66946
3021793,362.75214
3021794,66.66946
3021795,926.0597
3021796,817.60004
3021797,73.17658
3021798,543.28827
3021799,611.56635
3021800,92.35111
3021801,637.4906
3021802,993.48413
3021803,177.5681
3021804,472.90594
3021805,1096.5458
3021806,603.558
3021807,7528.8335
3021808,1393.4039
3021809,573.1417
3021810,50.154533
3021811,48.378746
3021812,76.336975
3021813,11234.889
3021814,139.441
3021815,1908.8497
3021816,324.02216
3021817,3090.232
3021818,2713.7288
3021819,1085.6166
3021820,448.65598
3021821,680.2619
3021822,14651.765
3021823,85.11667
3021824,83.63583
3021825,83.63583
3021826,310.03082
3021827,83.63583
3021828,892.14
3021829,757.1698
3021830,95.22916
3021831,615.9906
3021832,659.04553
3021833,114.4037
3021834,643.16266
3021835,918.0342
3021836,179.2924
3021837,639.8689
3021838,1069.9424
3021839,439.0504
3021840,5451.585
3021841,1520.224
3021842,342.05905
3021843,67.28752
3021844,65.51172
3021845,93.469986
3021846,11647.422
3021847,156.57399
3021848,1934.4207
3021849,341.15515
3021850,3079.8281
3021851,2739.2996
3021852,1111.1874
3021853,465.7888
3021854,697.3946
3021855,14792.841
3021856,102.24968
3021857,100.76883
3021858,395.96005
3021859,335.60165
3021860,100.76883
3021861,762.3535
3021862,489.83704
3021863,112.36214
3021864,616.3383
3021865,709.83954
3021866,131.5367
3021867,660.29565
3021868,1057.9402
3021869,196.42537
3021870,196.42537
3021871,1187.1383
3021872,510.67627
3021873,5006.8823
3021874,1072.6212
3021875,413.68497
3021876,39.10536
3021877,37.3296
3021878,50.169945
3021879,8991.436
3021880,115.537636
3021881,1825.0756
3021882,280.6226
3021883,2839.369
3021884,2448.917
3021885,1001.4517
3021886,419.1438
3021887,650.74976
3021888,13500.765
3021889,70.35086
3021890,68.870026
3021891,281.641
3021892,281.641
3021893,68.870026
3021894,893.51953
3021895,777.58026
3021896,81.13199
3021897,617.00037
3021898,685.27844
3021899,100.30651
3021900,570.5819
3021901,1052.1888
3021902,164.56558
3021903,432.1671
3021904,941.77356
3021905,305.17093
3021906,4511.4746
3021907,834.17194
3021908,10.986691
3021909,54.685226
3021910,52.909477
3021911,131.9061
3021912,10036.649
3021913,134.16356
3021914,1861.1421
3021915,335.07147
3021916,2874.753
3021917,2655.1953
3021918,1001.6938
3021919,460.63303
3021920,692.239
3021921,10988.61
3021922,69.29604
3021923,67.81521
3021924,308.47543
3021925,370.21964
3021926,67.81521
3021927,800.0331
3021928,589.06244
3021929,80.07717
3021930,589.06244
3021931,710.0068
3021932,99.2517
3021933,569.5271
3021934,768.5045
3021935,167.45856
3021936,167.45856
3021937,838.95184
3021938,456.31735
3021939,5765.726
3021940,1449.9885
3021941,84.8514
3021942,-2.8498342
3021943,-4.6256065
3021944,-4.6256065
3021945,2579.0107
3021946,11.120064
3021947,264.783
3021948,89.81955
3021949,862.0417
3021950,684.6593
3021951,113.96849
3021952,217.6462
3021953,258.5824
3021954,4203.063
3021955,22.988468
3021956,21.507637
3021957,62.801407
3021958,56.74119
3021959,21.507637
3021960,175.07176
3021961,33.523746
3021962,33.523746
3021963,33.523746
3021964,189.9895
3021965,42.150623
3021966,266.22577
3021967,159.99199
3021968,44.52298
3021969,44.52298
3021970,381.42688
3021971,123.31029
3021972,2002.3854
3021973,-15.404242
3021974,99.79118
3021975,5.442045
3021976,3.6662636
3021977,-50.905544
3021978,6370.907
3021979,67.28695
3021980,1441.9337
3021981,172.40839
3021982,2200.7727
3021983,1786.552
3021984,620.8398
3021985,296.72824
3021986,528.3342
3021987,8616.0625
3021988,27.521036
3021989,26.040201
3021990,154.67436
3021991,141.95386
3021992,26.040201
3021993,448.79645
3021994,472.28104
3021995,34.223743
3021996,34.223743
3021997,390.09024
3021998,48.94314
3021999,501.04483
3022000,450.7382
3022001,60.28067
3022002,60.28067
3022003,545.09503
3022004,236.20326
3022005,3694.3523
3022006,472.59158
3022007,40.811012
3022008,35.617798
3022009,33.842014
3022010,-5.9699225
3022011,6502.7466
3022012,132.17657
3022013,1531.2717
3022014,242.04532
3022015,2304.4214
3022016,1874.5472
3022017,585.9982
3022018,351.9195
3022019,569.1064
3022020,6683.8916
3022021,47.09769
3022022,45.616856
3022023,139.79582
3022024,141.5521
3022025,45.616856
3022026,431.8662
3022027,53.80038
3022028,53.80038
3022029,53.80038
3022030,425.82626
3022031,68.51975
3022032,497.57816
3022033,454.0119
3022034,99.80729
3022035,252.15782
3022036,721.73517
3022037,447.95862
3022038,4744.5034
3022039,138.00621
3022040,254.79727
3022041,-27.82224
3022042,-29.471476
3022043,-23.87757
3022044,6291.946
3022045,-76.54094
3022046,1373.223
3022047,-208.97896
3022048,2117.1917
3022049,1839.3671
3022050,591.10364
3022051,-69.30411
3022052,162.30191
3022053,7311.545
3022054,-70.02962
3022055,-71.510445
3022056,95.13699
3022057,100.14962
3022058,-71.510445
3022059,527.73914
3022060,-63.32688
3022061,-63.32688
3022062,-63.32688
3022063,414.35226
3022064,-48.607494
3022065,256.05954
3022066,638.715
3022067,-78.050476
3022068,-78.050476
3022069,199.91353
3022070,-8.273868
3022071,4064.4524
3022072,-124.92951
3022073,150.02898
3022074,-15.579182
3022075,-17.354952
3022076,-39.18117
3022077,3246.1418
3022078,-20.59644
3022079,612.8892
3022080,-92.66674
3022081,1085.3927
3022082,849.8922
3022083,351.4329
3022084,25.48947
3022085,87.324295
3022086,3645.1042
3022087,3.8750634
3022088,2.394228
3022089,2.394228
3022090,68.56005
3022091,2.394228
3022092,285.94064
3022093,9.11012
3022094,9.11012
3022095,9.11012
3022096,260.60342
3022097,17.933449
3022098,193.47926
3022099,397.72028
3022100,-3.3624277
3022101,-3.3624277
3022102,168.97888
3022103,45.130238
3022104,1230.3524
3022105,25.40677
3022106,27.258345
3022107,-1.8064426
3022108,-3.5822186
3022109,-3.5822186
3022110,3165.053
3022111,15.599007
3022112,666.3031
3022113,5.669178
3022114,1245.0087
3022115,904.47656
3022116,246.82977
3022117,137.70946
3022118,166.04633
3022119,4123.907
3022120,39.033066
3022121,-2.8410692
3022122,-2.8410692
3022123,-2.8410692
3022124,-2.8410692
3022125,285.12357
3022126,3.8748403
3022127,3.8748403
3022128,3.8748403
3022129,88.45555
3022130,10.774912
3022131,206.28374
3022132,344.5374
3022133,-6.467674
3022134,-6.467674
3022135,132.56024
3022136,-9.851992
3022137,414.35748
3022138,-25.333527
3022139,-23.481956
3022140,77.12477
3022141,75.349014
3022142,106.89937
3022143,4881.439
3022144,134.3292
3022145,1042.3541
3022146,190.08618
3022147,1544.004
3022148,1316.9298
3022149,670.45886
3022150,281.46616
3022151,322.4024
3022152,5739.506
3022153,43.828434
3022154,42.3476
3022155,150.53722
3022156,150.53722
3022157,42.3476
3022158,479.20197
3022159,51.084076
3022160,51.084076
3022161,398.2863
3022162,479.86017
3022163,59.710945
3022164,295.87488
3022165,916.7928
3022166,69.41978
3022167,69.41978
3022168,497.6188
3022169,221.68669
3022170,2678.52
3022171,23.129204
3022172,187.58624
3022173,48.61995
3022174,46.844162
3022175,137.63358
3022176,5516.2173
3022177,110.57421
3022178,1007.4829
3022179,214.19681
3022180,1486.7107
3022181,1431.0791
3022182,693.5302
3022183,293.5204
3022184,334.4567
3022185,6478.8657
3022186,33.59487
3022187,32.114037
3022188,137.33736
3022189,215.79741
3022190,32.114037
3022191,509.2151
3022192,44.13014
3022193,44.13014
3022194,166.9503
3022195,492.37668
3022196,52.757008
3022197,288.921
3022198,636.9462
3022199,62.465843
3022200,62.465843
3022201,517.0652
3022202,314.00632
3022203,3335.656
3022204,47.50096
3022205,156.67397
3022206,52.126633
3022207,50.350845
3022208,141.14027
3022209,5683.873
3022210,114.080894
3022211,1035.546
3022212,217.7035
3022213,1531.4889
3022214,1321.0289
3022215,738.30853
3022216,297.02707
3022217,337.96338
3022218,6646.5215
3022219,37.101555
3022220,35.62072
3022221,140.84406
3022222,134.88585
3022223,35.62072
3022224,588.0924
3022225,47.63682
3022226,47.63682
3022227,174.01717
3022228,490.13013
3022229,56.26369
3022230,292.42767
3022231,599.6453
3022232,65.97253
3022233,65.97253
3022234,520.5719
3022235,317.513
3022236,3457.074
3022237,51.007645
3022238,160.18066
3022239,7.3536406
3022240,5.577853
3022241,85.45991
3022242,5661.386
3022243,50.487885
3022244,1084.7506
3022245,163.86314
3022246,1688.0703
3022247,1261.6803
3022248,688.24524
3022249,406.08368
3022250,323.9579
3022251,8638.942
3022252,137.81502
3022253,32.10654
3022254,32.10654
3022255,137.81502
3022256,32.10654
3022257,541.4806
3022258,44.122658
3022259,44.122658
3022260,176.94635
3022261,241.02359
3022262,52.749527
3022263,254.48361
3022264,656.2803
3022265,33.249268
3022266,33.249268
3022267,414.33124
3022268,163.9628
3022269,2498.0896
3022270,941.38104
3022271,-22.114948
3022272,12.952358
3022273,11.17658
3022274,-18.14733
3022275,3306.3127
3022276,-13.083917
3022277,407.22772
3022278,17.595135
3022279,913.9926
3022280,762.7964
3022281,318.14804
3022282,121.15039
3022283,143.91405
3022284,3943.0132
3022285,1.5551647
3022286,0.07432878
3022287,0.07432878
3022288,44.7694
3022289,0.07432878
3022290,292.13345
3022291,12.081679
3022292,12.081679
3022293,12.081679
3022294,110.68689
3022295,24.90826
3022296,251.30164
3022297,362.52277
3022298,27.782375
3022299,27.782375
3022300,345.70248
3022301,182.78477
3022302,2044.0096
3022303,82.937996
3022304,136.59001
3022305,-3.9360857
3022306,-5.7118587
3022307,-5.7118587
3022308,1591.0629
3022309,-25.275314
3022310,273.50006
3022311,-13.645986
3022312,777.6755
3022313,624.891
3022314,55.75516
3022315,85.4125
3022316,108.570114
3022317,3651.0867
3022318,-2.0954533
3022319,-3.5762887
3022320,-3.5762887
3022321,-3.5762887
3022322,-3.5762887
3022323,87.125496
3022324,-1.1358054
3022325,-1.1358054
3022326,-1.1358054
3022327,49.870106
3022328,7.491068
3022329,190.94797
3022330,104.044655
3022331,-15.22302
3022332,-15.22302
3022333,227.20654
3022334,3.2783723
3022335,1096.4818
3022336,-243.19936
3022337,-46.88777
3022338,92.47123
3022339,90.69546
3022340,89.65784
3022341,3745.318
3022342,113.408615
3022343,841.039
3022344,185.46005
3022345,1735.1447
3022346,1105.0944
3022347,697.526
3022348,545.54956
3022349,287.37537
3022350,7752.478
3022351,39.261086
3022352,37.78025
3022353,37.78025
3022354,58.410435
3022355,37.78025
3022356,288.08472
3022357,41.523136
3022358,41.523136
3022359,41.523136
3022360,126.48525
3022361,48.4232
3022362,265.58206
3022363,487.6286
3022364,59.35644
3022365,59.35644
3022366,256.52206
3022367,125.22084
3022368,1442.7495
3022369,686.977
3022370,75.57046
3022371,12.611059
3022372,10.835285
3022373,10.835285
3022374,1726.1959
3022375,-4.464787
3022376,364.76855
3022377,-24.637619
3022378,850.2206
3022379,515.3921
3022380,52.84733
3022381,0.9527313
3022382,95.692345
3022383,3362.1714
3022384,4.4639463
3022385,2.9831073
3022386,2.9831073
3022387,2.9831073
3022388,2.9831073
3022389,118.70358
3022390,5.4235992
3022391,5.4235992
3022392,-14.451951
3022393,54.70271
3022394,12.323671
3022395,189.4125
3022396,140.0588
3022397,-8.512909
3022398,-8.512909
3022399,123.495155
3022400,-1.803776
3022401,861.2937
3022402,-113.096664
3022403,-6.11064
3022404,12.611059
3022405,10.835285
3022406,-11.564288
3022407,1799.335
3022408,-4.464787
3022409,342.69672
3022410,-24.637619
3022411,812.7987
3022412,515.3921
3022413,66.956436
3022414,114.20599
3022415,95.692345
3022416,3261.9607
3022417,4.4639463
3022418,2.9831073
3022419,2.9831073
3022420,6.9877753
3022421,2.9831073
3022422,118.70358
3022423,5.4235992
3022424,5.4235992
3022425,5.4235992
3022426,54.70271
3022427,12.323671
3022428,189.4125
3022429,135.6063
3022430,-8.512909
3022431,-8.512909
3022432,112.7697
3022433,-1.803776
3022434,861.2937
3022435,-187.63493
3022436,-6.11064
3022437,15.77164
3022438,13.995865
3022439,13.995865
3022440,1415.5443
3022441,11.972941
3022442,345.81265
3022443,-27.017569
3022444,924.33295
3022445,658.4234
3022446,93.303375
3022447,160.24492
3022448,116.32411
3022449,3473.0483
3022450,3.7779012
3022451,2.29707
3022452,2.29707
3022453,19.343155
3022454,2.29707
3022455,130.93924
3022456,8.017192
3022457,8.017192
3022458,8.017192
3022459,59.023106
3022460,16.644062
3022461,187.96893
3022462,180.84708
3022463,4.6063848
3022464,4.6063848
3022465,166.01
3022466,57.321823
3022467,1154.2842
3022468,-172.4967
3022469,0.4967602
3022470,-11.187732
3022471,10.835285
3022472,10.835285
3022473,2088.135
3022474,-4.464787
3022475,364.76855
3022476,-24.637619
3022477,877.96875
3022478,564.655
3022479,83.47894
3022480,114.20599
3022481,95.692345
3022482,3341.7783
3022483,4.4639463
3022484,2.9831073
3022485,2.9831073
3022486,2.9831073
3022487,2.9831073
3022488,116.55092
3022489,5.4235992
3022490,5.4235992
3022491,5.4235992
3022492,36.812805
3022493,12.323671
3022494,189.4125
3022495,135.6063
3022496,-8.512909
3022497,-8.512909
3022498,112.7697
3022499,1.8405752
3022500,1047.0802
3022501,-187.63493
3022502,-6.11064
3022503,24.133686
3022504,22.35791
3022505,22.35791
3022506,1393.9763
3022507,8.626471
3022508,323.8201
3022509,-30.36404
3022510,771.4754
3022511,596.8188
3022512,31.698729
3022513,94.187645
3022514,107.15033
3022515,2882.8225
3022516,0.80417866
3022517,-0.6766518
3022518,-0.6766518
3022519,-2.6494246
3022520,-0.6766518
3022521,69.33454
3022522,5.043474
3022523,5.043474
3022524,5.043474
3022525,56.04938
3022526,13.670346
3022527,184.9952
3022528,119.242424
3022529,5.5000415
3022530,5.5000415
3022531,130.37927
3022532,37.846603
3022533,559.42334
3022534,6.362413
3022535,8.213989
3022536,28.72778
3022537,26.952003
3022538,74.52956
3022539,2344.4775
3022540,34.805557
3022541,493.80295
3022542,5.927887
3022543,1126.8442
3022544,773.76764
3022545,235.53789
3022546,265.2982
3022547,136.33385
3022548,4053.7122
3022549,13.613893
3022550,12.133059
3022551,12.133059
3022552,37.221775
3022553,12.133059
3022554,176.43578
3022555,14.573548
3022556,14.573548
3022557,46.02931
3022558,65.57946
3022559,23.200422
3022560,192.04042
3022561,255.66191
3022562,0.43233603
3022563,0.43233603
3022564,199.0713
3022565,86.610016
3022566,1526.2281
3022567,-42.00345
3022568,15.154223
3022569,1.4112601
3022570,-0.36451346
3022571,-0.36451346
3022572,2504.214
3022573,8.661185
3022574,394.74533
3022575,-24.565203
3022576,1026.3405
3022577,641.084
3022578,193.69156
3022579,350.9722
3022580,108.49571
3022581,4243.594
3022582,6.802328
3022583,5.321494
3022584,5.321494
3022585,31.448595
3022586,5.321494
3022587,143.71887
3022588,7.761979
3022589,7.761979
3022590,24.465414
3022591,44.20902
3022592,16.388853
3022593,195.50125
3022594,162.6451
3022595,-10.669721
3022596,-10.669721
3022597,179.35187
3022598,67.17433
3022599,1604.8009
3022600,-99.049614
3022601,-17.29155
3022602,20.587515
3022603,18.811745
3022604,18.811745
3022605,2086.783
3022606,5.9154553
3022607,369.83496
3022608,-14.2573805
3022609,899.41394
3022610,611.0121
3022611,99.20442
3022612,67.46627
3022613,113.91596
3022614,3411.0386
3022615,13.808594
3022616,12.327757
3022617,12.327757
3022618,12.327757
3022619,12.327757
3022620,123.11673
3022621,14.768245
3022622,14.768245
3022623,14.768245
3022624,64.047356
3022625,21.668312
3022626,200.7807
3022627,166.04381
3022628,2.8552852
3022629,2.8552852
3022630,140.23746
3022631,16.713148
3022632,873.65686
3022633,-57.555702
3022634,8.761932
3022635,22.259655
3022636,20.483883
3022637,48.4501
3022638,4050.5525
3022639,20.82245
3022640,729.1824
3022641,51.50154
3022642,1244.876
3022643,1042.0247
3022644,401.62222
3022645,116.583824
3022646,139.34744
3022647,5578.818
3022648,0.14999148
3022649,-1.3308434
3022650,54.576797
3022651,54.576797
3022652,-1.3308434
3022653,329.12018
3022654,10.676512
3022655,10.676512
3022656,10.676512
3022657,114.76355
3022658,19.303389
3022659,260.3159
3022660,516.00415
3022661,52.94934
3022662,52.94934
3022663,383.02084
3022664,202.96727
3022665,2004.1615
3022666,77.58438
3022667,79.43596
3022668,-29.821888
3022669,-31.597664
3022670,-31.597664
3022671,2603.2976
3022672,-32.1901
3022673,519.039
3022674,-46.257435
3022675,1326.7273
3022676,804.07623
3022677,343.1961
3022678,292.45703
3022679,103.193634
3022680,5117.6333
3022681,-5.5263906
3022682,-7.0072255
3022683,-7.0072255
3022684,72.31117
3022685,-7.0072255
3022686,216.56273
3022687,-4.3422055
3022688,81.343216
3022689,81.343216
3022690,122.60658
3022691,3.9434776
3022692,173.98004
3022693,271.92822
3022694,-17.628098
3022695,-17.628098
3022696,200.67607
3022697,97.23964
3022698,1810.739
3022699,354.03525
3022700,-42.789673
3022701,-33.41522
3022702,-35.190994
3022703,-35.190994
3022704,2290.8171
3022705,-76.29924
3022706,300.29962
3022707,-128.32664
3022708,1222.7489
3022709,615.558
3022710,172.61804
3022711,317.43994
3022712,21.124445
3022713,4328.555
3022714,-18.011244
3022715,-19.492079
3022716,0.097662985
3022717,-8.610128
3022718,-19.492079
3022719,144.05397
3022720,-16.827057
3022721,-16.827057
3022722,-16.827057
3022723,50.393074
3022724,-8.541371
3022725,147.45903
3022726,185.87004
3022727,-28.585192
3022728,-28.585192
3022729,119.69883
3022730,16.262547
3022731,1242.4391
3022732,-45.14716
3022733,-43.29558
3022734,-36.632248
3022735,-38.408012
3022736,-34.390945
3022737,1559.8628
3022738,-77.05817
3022739,266.48608
3022740,-155.02275
3022741,656.46466
3022742,463.91016
3022743,0.87740284
3022744,45.309757
3022745,10.355205
3022746,2722.7075
3022747,-13.194225
3022748,-14.675061
3022749,-6.4486403
3022750,-6.4486403
3022751,-14.675061
3022752,57.553974
3022753,-12.010038
3022754,-12.010038
3022755,-12.010038
3022756,37.26907
3022757,-5.109965
3022758,139.95139
3022759,81.85513
3022760,-43.411175
3022761,-43.411175
3022762,53.246174
3022763,-12.106434
3022764,1099.7686
3022765,-147.6768
3022766,-29.249107
3022767,-8.677085
3022768,-10.452859
3022769,-10.452859
3022770,2188.8423
3022771,-20.422451
3022772,271.27307
3022773,-40.993954
3022774,656.0591
3022775,461.25403
3022776,69.48649
3022777,86.85149
3022778,116.59463
3022779,2920.7754
3022780,12.759027
3022781,11.278197
3022782,24.475712
3022783,24.475712
3022784,11.278197
3022785,80.282166
3022786,13.943213
3022787,13.943213
3022788,33.50775
3022789,72.23922
3022790,22.766544
3022791,243.84697
3022792,99.758095
3022793,9.692622
3022794,9.692622
3022795,157.81723
3022796,75.54878
3022797,1352.4314
3022798,18.463795
3022799,20.315376
3022800,49.362255
3022801,47.586483
3022802,203.64838
3022803,3416.976
3022804,82.318436
3022805,738.4549
3022806,83.10596
3022807,1183.4943
3022808,922.2837
3022809,559.5048
3022810,203.84793
3022811,247.5101
3022812,3984.1145
3022813,43.201595
3022814,41.72076
3022815,86.524994
3022816,118.853226
3022817,41.72076
3022818,157.80824
3022819,44.385788
3022820,44.385788
3022821,44.385788
3022822,95.58813
3022823,53.209114
3022824,220.92482
3022825,449.3533
3022826,47.147736
3022827,47.147736
3022828,265.7389
3022829,196.84985
3022830,2281.4553
3022831,99.48483
3022832,129.11133
3022833,-15.631206
3022834,-17.406986
3022835,-17.406986
3022836,2198.4602
3022837,-19.286041
3022838,279.3665
3022839,-68.16971
3022840,652.66486
3022841,569.06866
3022842,115.60938
3022843,67.33155
3022844,110.99372
3022845,2633.219
3022846,2.646387
3022847,1.1655538
3022848,1.1655538
3022849,-3.2254481
3022850,1.1655538
3022851,77.08408
3022852,3.8305826
3022853,3.8305826
3022854,3.8305826
3022855,67.155045
3022856,12.116264
3022857,179.83197
3022858,129.01968
3022859,6.0548973
3022860,6.0548973
3022861,158.30997
3022862,60.448303
3022863,706.636
3022864,28.203693
3022865,30.055275
3022866,-26.177073
3022867,-27.952845
3022868,-27.952845
3022869,1895.7708
3022870,-38.07187
3022871,321.90448
3022872,-53.895992
3022873,727.9449
3022874,464.32516
3022875,66.20332
3022876,68.343834
3022877,112.006
3022878,2927.4783
3022879,-11.145931
3022880,-12.626771
3022881,-12.626771
3022882,-12.626771
3022883,-12.626771
3022884,39.697075
3022885,-9.961745
3022886,7.639876
3022887,-9.961745
3022888,46.371346
3022889,-1.1384125
3022890,169.26671
3022891,59.880524
3022892,-14.095828
3022893,-14.095828
3022894,107.18675
3022895,46.544464
3022896,1176.553
3022897,0.6794769
3022898,2.5310564
3022899,28.403265
3022900,26.627485
3022901,127.89278
3022902,3076.3376
3022903,63.745155
3022904,660.5375
3022905,45.676544
3022906,958.28656
3022907,795.2411
3022908,301.14395
3022909,180.4505
3022910,224.11267
3022911,3700.7786
3022912,31.716162
3022913,30.235329
3022914,30.235329
3022915,42.281162
3022916,30.235329
3022917,257.01495
3022918,32.900345
3022919,32.900345
3022920,32.900345
3022921,135.39246
3022922,41.72367
3022923,209.43935
3022924,390.97177
3022925,35.6623
3022926,35.6623
3022927,207.80612
3022928,138.91708
3022929,1660.3965
3022930,91.829575
3022931,160.99133
3022932,9.9019
3022933,8.126128
3022934,8.126128
3022935,2662.851
3022936,-1.9928975
3022937,424.60056
3022938,-17.81702
3022939,1132.3541
3022940,685.59674
3022941,322.81754
3022942,402.38736
3022943,148.08499
3022944,4277.71
3022945,5.492492
3022946,4.0116515
3022947,4.0116515
3022948,29.552841
3022949,4.0116515
3022950,197.646
3022951,6.676678
3022952,6.676678
3022953,6.676678
3022954,57.87904
3022955,15.500009
3022956,185.90514
3022957,282.535
3022958,2.5425935
3022959,2.5425935
3022960,161.88849
3022961,63.18288
3022962,1212.8701
3022963,22.690136
3022964,24.541718
3022965,-21.85511
3022966,-23.630884
3022967,-23.630884
3022968,2585.5393
3022969,-33.74991
3022970,388.131
3022971,-49.574024
3022972,1156.9137
3022973,631.187
3022974,268.408
3022975,308.4542
3022976,116.327965
3022977,3903.3032
3022978,-6.2104177
3022979,-7.69126
3022980,7.6880374
3022981,-7.69126
3022982,-7.69126
3022983,209.19205
3022984,-5.0262322
3022985,-5.0262322
3022986,-5.0262322
3022987,65.613434
3022988,3.7970972
3022989,174.20222
3022990,255.77031
3022991,-9.160317
3022992,-9.160317
3022993,150.18556
3022994,51.47997
3022995,1419.4233
3022996,2.955144
3022997,4.806726
3022998,80.64335
3022999,78.86759
3023000,345.34448
3023001,8105.035
3023002,282.85263
3023003,1500.6779
3023004,361.39737
3023005,1970.3086
3023006,1835.1775
3023007,1011.17444
3023008,339.03012
3023009,361.79382
3023010,9253.342
3023011,66.968925
3023012,65.48809
3023013,65.48809
3023014,266.37463
3023015,65.48809
3023016,468.21262
3023017,73.453316
3023018,73.453316
3023019,226.01651
3023020,278.5957
3023021,82.08019
3023022,354.07086
3023023,1036.1875
3023024,146.7043
3023025,146.7043
3023026,720.02325
3023027,607.48535
3023028,4281.5327
3023029,192.7167
3023030,413.5252
3023031,-27.55559
3023032,-29.33136
3023033,-29.33136
3023034,1663.004
3023035,-41.634373
3023036,285.88052
3023037,-57.458485
3023038,674.5347
3023039,538.0191
3023040,8.799987
3023041,-3.2459311
3023042,110.36679
3023043,2780.3503
3023044,-12.17162
3023045,-13.65246
3023046,-13.65246
3023047,-13.65246
3023048,-13.65246
3023049,-15.249633
3023050,-10.987434
3023051,-10.987434
3023052,-10.987434
3023053,38.291668
3023054,-4.087362
3023055,165.94914
3023056,21.88555
3023057,-13.546018
3023058,-13.546018
3023059,96.904175
3023060,44.179455
3023061,1056.7788
3023062,-2.9786391
3023063,-1.1270571
3023064,41.23831
3023065,39.462543
3023066,39.462543
3023067,2704.0862
3023068,21.62865
3023069,421.2534
3023070,19.8577
3023071,1279.9838
3023072,599.561
3023073,123.43022
3023074,84.99333
3023075,191.28064
3023076,4684.533
3023077,18.706469
3023078,17.225632
3023079,17.225632
3023080,37.603752
3023081,17.225632
3023082,130.04292
3023083,20.991997
3023084,20.991997
3023085,20.991997
3023086,70.27109
3023087,27.892069
3023088,226.47397
3023089,176.45804
3023090,20.248293
3023091,20.248293
3023092,141.53094
3023093,79.6827
3023094,1291.2198
3023095,40.556705
3023096,42.408276
3023097,-30.634579
3023098,-32.410355
3023099,-40.490112
3023100,1619.2709
3023101,-44.713367
3023102,333.4035
3023103,-60.537487
3023104,707.96796
3023105,516.00214
3023106,119.05636
3023107,18.52682
3023108,107.287796
3023109,2809.756
3023110,-15.250622
3023111,-16.731457
3023112,-16.731457
3023113,-16.731457
3023114,-16.731457
3023115,2.411864
3023116,-14.066433
3023117,-14.066433
3023118,-14.066433
3023119,35.212673
3023120,-7.1663613
3023121,162.87013
3023122,18.806555
3023123,-16.625011
3023124,-16.625011
3023125,99.40871
3023126,41.100456
3023127,1053.6998
3023128,-6.0576367
3023129,-4.206054
3023130,22.29208
3023131,20.516312
3023132,20.516312
3023133,1966.4646
3023134,30.605547
3023135,423.97134
3023136,8.111916
3023137,915.6744
3023138,665.29034
3023139,120.80411
3023140,159.74806
3023141,170.16452
3023142,3456.445
3023143,10.609927
3023144,9.129096
3023145,9.129096
3023146,-27.36761
3023147,9.129096
3023148,23.914108
3023149,11.794109
3023150,11.794109
3023151,11.794109
3023152,49.96521
3023153,18.694178
3023154,188.73074
3023155,69.506004
3023156,0.98999846
3023157,0.98999846
3023158,177.92809
3023159,119.61974
3023160,1696.0914
3023161,1.1476109
3023162,2.999189
3023163,42.447437
3023164,40.671665
3023165,40.671665
3023166,2662.0767
3023167,36.582203
3023168,450.4551
3023169,34.811253
3023170,1231.6622
3023171,661.9819
3023172,156.64442
3023173,63.03642
3023174,197.22218
3023175,5119.5635
3023176,28.041355
3023177,26.56052
3023178,26.56052
3023179,49.448006
3023180,26.56052
3023181,121.169365
3023182,29.225542
3023183,29.225542
3023184,29.225542
3023185,95.28825
3023186,36.12561
3023187,209.39876
3023188,184.03166
3023189,26.036228
3023190,26.036228
3023191,171.05507
3023192,81.966286
3023193,612.7709
3023194,40.62733
3023195,42.47891
3023196,-7.4578533
3023197,-9.233619
3023198,-5.2165484
3023199,1608.9233
3023200,-29.986843
3023201,271.74063
3023202,-107.95146
3023203,662.76575
3023204,523.8793
3023205,-23.622568
3023206,33.83414
3023207,65.93121
3023208,2831.2925
3023209,1.2006974
3023210,-0.280137
3023211,7.946284
3023212,-0.280137
3023213,-0.280137
3023214,41.614746
3023215,2.384885
3023216,2.384885
3023217,2.384885
3023218,51.663986
3023219,9.284958
3023220,154.34628
3023221,20.656683
3023222,-25.148865
3023223,-25.148865
3023224,75.33474
3023225,7.951325
3023226,983.3747
3023227,11.0774555
3023228,12.929032
3023229,11.31006
3023230,9.534294
3023231,9.534294
3023232,2793.5972
3023233,15.563464
3023234,491.33728
3023235,-0.26063365
3023236,1095.3176
3023237,708.1143
3023238,225.80333
3023239,225.7327
3023240,160.22705
3023241,4258.7837
3023242,20.28238
3023243,18.801542
3023244,43.115326
3023245,44.342724
3023246,18.801542
3023247,250.0705
3023248,21.466566
3023249,21.466566
3023250,21.466566
3023251,92.106255
3023252,30.289896
3023253,200.695
3023254,306.99802
3023255,17.332489
3023256,17.332489
3023257,138.6151
3023258,77.97279
3023259,1243.9907
3023260,35.267117
3023261,37.118702
3023262,29.47418
3023263,27.698408
3023264,157.06982
3023265,2937.6772
3023266,45.027798
3023267,616.42236
3023268,29.203688
3023269,1042.4933
3023270,829.7482
3023271,412.75372
3023272,138.51324
3023273,182.17542
3023274,4208.4775
3023275,28.242907
3023276,26.762077
3023277,26.762077
3023278,99.512024
3023279,26.762077
3023280,286.72186
3023281,29.427095
3023282,29.427095
3023283,121.29377
3023284,152.93033
3023285,38.25042
3023286,215.32713
3023287,365.0611
3023288,35.832
3023289,35.832
3023290,162.43633
3023291,129.92647
3023292,885.4164
3023293,70.33654
3023294,72.18812
3023295,47.08343
3023296,45.307667
3023297,80.49148
3023298,2906.5188
3023299,64.352295
3023300,594.40265
3023301,48.528194
3023302,1027.1829
3023303,838.73566
3023304,408.674
3023305,157.83774
3023306,201.49994
3023307,4457.7275
3023308,33.347504
3023309,31.86667
3023310,68.698006
3023311,55.658146
3023312,31.86667
3023313,257.9358
3023314,34.531696
3023315,34.531696
3023316,34.531696
3023317,116.82004
3023318,43.355022
3023319,218.05458
3023320,316.78506
3023321,38.55945
3023322,38.55945
3023323,154.59317
3023324,122.083336
3023325,1372.2042
3023326,73.06399
3023327,78.79957
3023328,54.925007
3023329,53.149235
3023330,99.98594
3023331,3081.5195
3023332,60.35999
3023333,553.1535
3023334,58.58903
3023335,1377.2789
3023336,797.7469
3023337,353.90393
3023338,338.9984
3023339,213.48402
3023340,5559.5547
3023341,35.297935
3023342,33.8171
3023343,33.8171
3023344,82.30129
3023345,33.8171
3023346,249.87024
3023347,36.48213
3023348,36.48213
3023349,91.33333
3023350,85.76122
3023351,43.382195
3023352,220.94981
3023353,274.82492
3023354,37.58726
3023355,37.58726
3023356,208.20285
3023357,97.021706
3023358,1261.7133
3023359,140.0219
3023360,64.04843
3023361,3.4767416
3023362,1.7009683
3023363,22.481504
3023364,3188.6736
3023365,-19.171883
3023366,569.4001
3023367,26.317522
3023368,998.69183
3023369,837.96014
3023370,373.88425
3023371,131.4471
3023372,154.21071
3023373,4470.4673
3023374,-5.266634
3023375,-6.747469
3023376,-6.747469
3023377,74.62058
3023378,-6.747469
3023379,140.555
3023380,-2.0618691
3023381,-2.0618691
3023382,-2.0618691
3023383,48.944042
3023384,6.5650043
3023385,232.9584
3023386,344.13107
3023387,18.231215
3023388,18.231215
3023389,350.2527
3023390,179.52328
3023391,2163.1506
3023392,52.164597
3023393,159.8504
3023394,40.960506
3023395,39.184734
3023396,67.78291
3023397,2543.201
3023398,58.229362
3023399,518.7313
3023400,42.405262
3023401,1179.7164
3023402,813.95667
3023403,265.8735
3023404,347.6091
3023405,197.30028
3023406,4420.9785
3023407,29.147831
3023408,27.666998
3023409,57.912704
3023410,27.666998
3023411,27.666998
3023412,233.97156
3023413,30.332018
3023414,30.332018
3023415,30.332018
3023416,79.61112
3023417,37.232086
3023418,211.56303
3023419,297.89157
3023420,32.067894
3023421,32.067894
3023422,148.10162
3023423,93.29777
3023424,1239.7507
3023425,58.472942
3023426,60.32452
3023427,27.869972
3023428,26.09421
3023429,61.27802
3023430,2637.4194
3023431,46.061447
3023432,549.79285
3023433,30.237343
3023434,975.86383
3023435,763.1187
3023436,245.22815
3023437,139.54689
3023438,183.20909
3023439,3822.2556
3023440,22.907341
3023441,21.426498
3023442,58.25783
3023443,52.647175
3023444,21.426498
3023445,137.76074
3023446,24.09153
3023447,24.09153
3023448,24.09153
3023449,106.379875
3023450,32.91485
3023451,207.61443
3023452,297.13873
3023453,28.11929
3023454,126.592354
3023455,144.15302
3023456,111.643166
3023457,1344.7251
3023458,45.58485
3023459,47.43643
3023460,-26.986034
3023461,-28.761805
3023462,-28.761805
3023463,2481.356
3023464,-23.738539
3023465,525.0845
3023466,-39.56264
3023467,951.15546
3023468,757.83813
3023469,339.3559
3023470,69.7468
3023471,113.409004
3023472,3362.2014
3023473,10.464179
3023474,8.983344
3023475,8.983344
3023476,81.418846
3023477,8.983344
3023478,166.53246
3023479,11.648367
3023480,11.648367
3023481,82.5723
3023482,142.24657
3023483,20.471695
3023484,194.9138
3023485,322.07623
3023486,15.418663
3023487,15.418663
3023488,142.023
3023489,109.51312
3023490,1500.5908
3023491,32.884228
3023492,34.735806
3023493,13.184768
3023494,11.408992
3023495,11.408992
3023496,3451.2625
3023497,31.27292
3023498,499.02087
3023499,15.448827
3023500,1128.8652
3023501,750.10486
3023502,351.05038
3023503,422.85605
3023504,180.19925
3023505,4206.724
3023506,5.6282187
3023507,4.1473804
3023508,4.1473804
3023509,4.1473804
3023510,4.1473804
3023511,196.52925
3023512,10.890826
3023513,10.890826
3023514,10.890826
3023515,92.82065
3023516,19.714151
3023517,210.48381
3023518,301.78275
3023519,27.121279
3023520,27.121279
3023521,148.4039
3023522,91.26595
3023523,1609.7189
3023524,29.7316
3023525,31.583178
3023526,138.8358
3023527,63.272793
3023528,138.45924
3023529,9466.53
3023530,131.42102
3023531,1469.0354
3023532,271.42612
3023533,2415.7632
3023534,2288.9377
3023535,646.7331
3023536,420.24384
3023537,640.2047
3023538,10692.562
3023539,55.384808
3023540,53.903973
3023541,210.65247
3023542,134.16185
3023543,53.903973
3023544,429.85583
3023545,336.4628
3023546,56.36022
3023547,336.4628
3023548,309.95816
3023549,75.534744
3023550,523.3497
3023551,1631.5936
3023552,125.01676
3023553,357.8423
3023554,783.05774
3023555,537.4028
3023556,7133.256
3023557,591.57666
3023558,199.35336
3023559,59.279957
3023560,57.50417
3023561,115.904655
3023562,8739.359
3023563,92.34827
3023564,1394.1832
3023565,232.3535
3023566,2803.3333
3023567,2031.3673
3023568,578.0319
3023569,387.32233
3023570,607.2832
3023571,10608.447
3023572,28.63054
3023573,27.149706
3023574,27.149706
3023575,77.791916
3023576,27.149706
3023577,390.51352
3023578,192.35017
3023579,29.605984
3023580,297.12045
3023581,249.13017
3023582,48.780502
3023583,496.59543
3023584,1529.975
3023585,94.39507
3023586,94.39507
3023587,743.3579
3023588,471.41818
3023589,5175.001
3023590,602.9573
3023591,199.53961
3023592,22.145283
3023593,20.369534
3023594,11.48862
3023595,6671.363
3023596,34.144848
3023597,1195.3126
3023598,80.866554
3023599,2070.5005
3023600,1790.8876
3023601,431.36285
3023602,258.49414
3023603,478.45517
3023604,9535.861
3023605,31.331879
3023606,29.851044
3023607,29.851044
3023608,-0.618784
3023609,29.851044
3023610,339.285
3023611,193.26988
3023612,32.30732
3023613,188.35472
3023614,155.98293
3023615,51.48184
3023616,488.2723
3023617,792.8282
3023618,63.6365
3023619,280.9554
3023620,686.0629
3023621,301.85754
3023622,1678.675
3023623,551.3661
3023624,101.3646
3023625,39.278282
3023626,37.502533
3023627,28.621601
3023628,7083.894
3023629,51.27784
3023630,1354.9055
3023631,97.99954
3023632,2133.2268
3023633,1816.4584
3023634,456.93356
3023635,275.62714
3023636,495.58817
3023637,9783.196
3023638,48.46486
3023639,46.984024
3023640,141.06032
3023641,104.045944
3023642,46.984024
3023643,364.85583
3023644,123.719505
3023645,49.440308
3023646,218.84076
3023647,195.80212
3023648,68.61481
3023649,505.4053
3023650,1479.2747
3023651,80.769485
3023652,80.769485
3023653,698.01117
3023654,373.4835
3023655,4516.9453
3023656,408.35358
3023657,143.14362
3023658,-7.487371
3023659,-9.263137
3023660,-33.261913
3023661,4971.8057
3023662,-6.3420286
3023663,1050.9675
3023664,33.60599
3023665,2045.6029
3023666,1557.1012
3023667,292.07645
3023668,225.121
3023669,445.08185
3023670,8060.318
3023671,31.571228
3023672,30.090393
3023673,123.02527
3023674,123.02527
3023675,30.090393
3023676,335.31433
3023677,208.33014
3023678,33.21531
3023679,208.33014
3023680,169.98892
3023681,52.389828
3023682,422.55652
3023683,935.84155
3023684,55.774693
3023685,266.58136
3023686,614.4575
3023687,149.983
3023688,3833.9607
3023689,136.38165
3023690,-68.77246
3023691,17.374838
3023692,15.599078
3023693,122.889656
3023694,6740.8877
3023695,21.5662
3023696,1337.8011
3023697,97.33726
3023698,2275.8118
3023699,2065.6091
3023700,506.41785
3023701,275.89258
3023702,495.85355
3023703,8804.064
3023704,39.79877
3023705,38.317947
3023706,215.2055
3023707,160.42415
3023708,38.317947
3023709,393.325
3023710,250.00523
3023711,41.44285
3023712,250.00523
3023713,306.7853
3023714,60.617367
3023715,420.25174
3023716,1376.0098
3023717,75.90541
3023718,75.90541
3023719,599.7539
3023720,343.22742
3023721,5484.812
3023722,919.8905
3023723,198.24413
3023724,-8.369084
3023725,-10.144857
3023726,-62.170692
3023727,1830.6215
3023728,-43.877167
3023729,239.68497
3023730,9.744327
3023731,745.29443
3023732,551.6476
3023733,111.45168
3023734,123.960365
3023735,146.72401
3023736,4282.1553
3023737,-4.869007
3023738,-6.349841
3023739,-20.782034
3023740,-6.3290453
3023741,-6.349841
3023742,80.24556
3023743,1.615386
3023744,1.615386
3023745,1.615386
3023746,36.005795
3023747,10.242264
3023748,241.67485
3023749,169.95073
3023750,39.060627
3023751,39.060627
3023752,312.79477
3023753,150.03639
3023754,1559.9034
3023755,37.452026
3023756,66.96084
3023757,9.014141
3023758,7.2383757
3023759,-32.80372
3023760,4202.724
3023761,2.7081964
3023762,952.368
3023763,21.993532
3023764,1633.1077
3023765,1329.101
3023766,187.13092
3023767,199.30728
3023768,419.26813
3023769,6822.0
3023770,24.223734
3023771,22.742897
3023772,22.742897
3023773,22.742897
3023774,22.742897
3023775,193.56932
3023776,129.97127
3023777,21.789385
3023778,21.789385
3023779,111.371994
3023780,36.508778
3023781,421.78885
3023782,611.84045
3023783,30.72272
3023784,30.72272
3023785,403.91528
3023786,185.10832
3023787,2933.5952
3023788,474.15424
3023789,54.696404
3023790,31.076761
3023791,29.300993
3023792,29.300993
3023793,4736.4453
3023794,59.4846
3023795,1105.2292
3023796,83.5173
3023797,1738.2147
3023798,1448.3369
3023799,375.78354
3023800,246.38538
3023801,451.92722
3023802,6627.554
3023803,35.68724
3023804,34.206398
3023805,103.37901
3023806,49.829952
3023807,34.206398
3023808,78.187546
3023809,33.2529
3023810,33.2529
3023811,33.2529
3023812,137.06235
3023813,47.972294
3023814,410.20898
3023815,828.1704
3023816,59.545307
3023817,219.692
3023818,569.85126
3023819,386.1597
3023820,3928.2124
3023821,92.26484
3023822,127.35816
3023823,-34.142662
3023824,-35.791893
3023825,2.7779455
3023826,5094.478
3023827,-80.5383
3023828,1038.2021
3023829,-264.5362
3023830,1831.8448
3023831,1701.6628
3023832,347.88504
3023833,-81.93313
3023834,138.02791
3023835,7193.6826
3023836,-36.111294
3023837,-37.59213
3023838,79.20857
3023839,79.20857
3023840,-37.59213
3023841,234.88719
3023842,-38.545612
3023843,-38.545612
3023844,-38.545612
3023845,217.30508
3023846,-23.82621
3023847,226.40634
3023848,935.28625
3023849,-39.517994
3023850,-39.517994
3023851,126.824165
3023852,8.721632
3023853,4134.722
3023854,-38.996735
3023855,66.136246
3023856,-13.3859415
3023857,-15.161706
3023858,25.83544
3023859,2231.8125
3023860,-47.26206
3023861,408.04105
3023862,-135.19759
3023863,810.7671
3023864,598.02203
3023865,241.30055
3023866,-6.9004097
3023867,36.76177
3023868,3337.6792
3023869,-11.417307
3023870,-12.898142
3023871,-12.898142
3023872,32.308384
3023873,-12.898142
3023874,96.54268
3023875,-10.233114
3023876,-10.233114
3023877,-10.233114
3023878,80.071884
3023879,-1.4097891
3023880,158.99312
3023881,187.62471
3023882,-24.3694
3023883,-24.3694
3023884,93.74417
3023885,47.37481
3023886,1166.9893
3023887,44.27226
3023888,46.123837
3023889,-12.511703
3023890,-14.287486
3023891,-14.287486
3023892,2254.9404
3023893,-19.605434
3023894,387.43918
3023895,-45.400486
3023896,891.56305
3023897,667.39984
3023898,149.89075
3023899,183.83435
3023900,117.01036
3023901,3469.8342
3023902,-9.114387
3023903,-10.595223
3023904,-10.595223
3023905,-10.595223
3023906,-10.595223
3023907,112.14705
3023908,-7.930202
3023909,-7.930202
3023910,-7.930202
3023911,41.3489
3023912,-1.0301294
3023913,163.31268
3023914,150.51648
3023915,-16.182432
3023916,-16.182432
3023917,98.385254
3023918,33.452267
3023919,1122.0195
3023920,-3.8007712
3023921,-1.9491878
3023922,52.77481
3023923,50.99904
3023924,78.965225
3023925,3628.441
3023926,57.08551
3023927,715.7188
3023928,87.76457
3023929,1164.2053
3023930,997.9222
3023931,480.95972
3023932,165.534
3023933,188.2976
3023934,4865.833
3023935,21.143257
3023936,19.662416
3023937,75.57007
3023938,30.223885
3023939,19.662416
3023940,133.06662
3023941,24.348026
3023942,24.348026
3023943,177.5913
3023944,129.77571
3023945,32.974903
3023946,263.6232
3023947,453.58472
3023948,56.256657
3023949,56.256657
3023950,399.26144
3023951,226.16574
3023952,2114.0322
3023953,81.206245
3023954,151.12915
3023955,45.04949
3023956,43.27372
3023957,43.27372
3023958,4348.135
3023959,65.03003
3023960,873.6905
3023961,143.57469
3023962,1320.9221
3023963,1142.251
3023964,638.7579
3023965,209.28767
3023966,232.05128
3023967,5317.759
3023968,22.164341
3023969,20.683504
3023970,113.27851
3023971,87.77037
3023972,20.683504
3023973,234.67584
3023974,28.648752
3023975,28.648752
3023976,28.648752
3023977,144.55818
3023978,37.27563
3023979,272.96323
3023980,583.18665
3023981,65.59658
3023982,201.0806
3023983,460.35895
3023984,334.77936
3023985,2795.579
3023986,121.87189
3023987,190.56042
3023988,45.04949
3023989,43.27372
3023990,175.91405
3023991,4478.0728
3023992,65.03003
3023993,880.7507
3023994,143.57469
3023995,1323.5298
3023996,1157.2473
3023997,645.81805
3023998,209.28767
3023999,232.05128
3024000,5890.0444
3024001,22.164341
3024002,20.683504
3024003,113.27851
3024004,103.50789
3024005,20.683504
3024006,336.3502
3024007,28.648752
3024008,28.648752
3024009,127.61077
3024010,144.55818
3024011,37.27563
3024012,272.96323
3024013,581.1499
3024014,65.59658
3024015,65.59658
3024016,460.35895
3024017,334.77936
3024018,3531.6233
3024019,121.87189
3024020,190.56042
3024021,-3.0152636
3024022,-4.7910347
3024023,123.05062
3024024,4114.266
3024025,3.8248358
3024026,691.32135
3024027,92.12213
3024028,1567.4033
3024029,1049.3721
3024030,584.0394
3024031,491.35562
3024032,220.43372
3024033,7340.8486
3024034,21.038021
3024035,19.557184
3024036,19.557184
3024037,19.557184
3024038,19.557184
3024039,435.44458
3024040,27.522444
3024041,27.522444
3024042,83.19281
3024043,161.0714
3024044,36.149323
3024045,221.74715
3024046,512.2045
3024047,19.601322
3024048,19.601322
3024049,370.61383
3024050,197.72449
3024051,1860.9393
3024052,746.1132
3024053,26.85239
3024054,9.674575
3024055,7.898802
3024056,-36.73433
3024057,2807.0994
3024058,-17.847113
3024059,562.5037
3024060,4.258785
3024061,906.20184
3024062,755.0056
3024063,272.2546
3024064,130.08742
3024065,166.75026
3024066,3363.9287
3024067,5.03409
3024068,3.5532548
3024069,3.5532548
3024070,64.63
3024071,3.5532548
3024072,228.33806
3024073,15.560611
3024074,15.560611
3024075,15.560611
3024076,147.3408
3024077,32.15543
3024078,243.31079
3024079,361.02618
3024080,16.028309
3024081,114.68239
3024082,336.22714
3024083,177.92575
3024084,1822.1382
3024085,59.84247
3024086,61.69404
3024087,-9.829328
3024088,-11.605098
3024089,-11.605098
3024090,1591.1057
3024091,-32.65397
3024092,255.30937
3024093,-29.597792
3024094,723.4215
3024095,599.9377
3024096,43.129906
3024097,14.674006
3024098,128.79091
3024099,2955.0798
3024100,-1.2319887
3024101,-2.7128253
3024102,-2.7128253
3024103,-2.7128253
3024104,-2.7128253
3024105,82.925316
3024106,-0.27233917
3024107,-0.27233917
3024108,-0.27233917
3024109,54.50182
3024110,12.122779
3024111,196.00148
3024112,95.543144
3024113,-13.932711
3024114,-13.932711
3024115,230.77554
3024116,5.6076455
3024117,603.67926
3024118,-302.9655
3024119,-57.991165
3024120,87.4581
3024121,85.68233
3024122,69.33549
3024123,3549.9421
3024124,106.91009
3024125,832.2918
3024126,170.38838
3024127,1453.736
3024128,1114.9962
3024129,687.9999
3024130,248.8351
3024131,308.47635
3024132,6785.832
3024133,46.04386
3024134,44.563026
3024135,97.12934
3024136,44.563026
3024137,44.563026
3024138,305.1299
3024139,48.305912
3024140,48.305912
3024141,48.305912
3024142,137.0287
3024143,58.97422
3024144,271.51566
3024145,499.78577
3024146,61.52685
3024147,61.52685
3024148,260.97116
3024149,134.28622
3024150,2757.1936
3024151,574.90216
3024152,82.560814
3024153,8.009195
3024154,6.233423
3024155,6.233423
3024156,1613.7114
3024157,-10.552068
3024158,319.03497
3024159,-39.298027
3024160,788.3578
3024161,490.95117
3024162,65.382645
3024163,47.81861
3024164,96.73943
3024165,2923.0466
3024166,3.4022694
3024167,1.9214308
3024168,1.9214308
3024169,8.616236
3024170,1.9214308
3024171,112.57826
3024172,4.3619237
3024173,4.3619237
3024174,-20.577255
3024175,57.409275
3024176,15.030236
3024177,195.7574
3024178,127.88516
3024179,-5.931222
3024180,-5.931222
3024181,128.35553
3024182,1.8168669
3024183,631.2538
3024184,-228.19096
3024185,-4.565063
3024186,8.009195
3024187,6.233423
3024188,6.233423
3024189,1653.0364
3024190,-10.552068
3024191,347.8692
3024192,-39.298027
3024193,755.35095
3024194,540.99304
3024195,87.60659
3024196,47.81861
3024197,96.73943
3024198,2822.836
3024199,3.4022694
3024200,1.9214308
3024201,1.9214308
3024202,1.9214308
3024203,1.9214308
3024204,112.57826
3024205,4.3619237
3024206,4.3619237
3024207,4.3619237
3024208,57.409275
3024209,15.030236
3024210,195.7574
3024211,126.95192
3024212,-5.931222
3024213,-5.931222
3024214,117.630066
3024215,1.8168669
3024216,336.13416
3024217,-234.75215
3024218,-4.565063
3024219,12.493858
3024220,10.718081
3024221,-32.06124
3024222,1457.0374
3024223,7.2097416
3024224,345.5635
3024225,-40.353897
3024226,810.90814
3024227,651.4117
3024228,91.85724
3024229,80.96082
3024230,139.1604
3024231,2985.2615
3024232,6.525181
3024233,5.0443473
3024234,5.0443473
3024235,5.0443473
3024236,5.0443473
3024237,143.94899
3024238,10.764475
3024239,10.764475
3024240,10.764475
3024241,65.53863
3024242,23.15959
3024243,195.63791
3024244,188.84286
3024245,8.51215
3024246,8.51215
3024247,172.19446
3024248,68.122604
3024249,693.50256
3024250,-3.986711
3024251,-2.1351335
3024252,8.009195
3024253,6.233423
3024254,6.233423
3024255,1716.0618
3024256,-10.552068
3024257,319.03497
3024258,-39.298027
3024259,755.35095
3024260,490.95117
3024261,34.751022
3024262,47.81861
3024263,117.20451
3024264,2955.128
3024265,3.4022694
3024266,1.9214308
3024267,-19.555567
3024268,8.616236
3024269,1.9214308
3024270,112.57826
3024271,4.3619237
3024272,4.3619237
3024273,4.3619237
3024274,57.409275
3024275,15.030236
3024276,195.7574
3024277,132.84865
3024278,-5.931222
3024279,-5.931222
3024280,117.630066
3024281,5.4612126
3024282,631.2538
3024283,-225.25038
3024284,-4.565063
3024285,16.134468
3024286,14.358693
3024287,14.358693
3024288,1290.9291
3024289,-0.8581615
3024290,308.1144
3024291,-48.4218
3024292,730.73224
3024293,574.3505
3024294,14.796071
3024295,54.24682
3024296,103.167625
3024297,2624.0134
3024298,-1.1699753
3024299,-2.6508121
3024300,-2.6508121
3024301,-2.6508121
3024302,-2.6508121
3024303,66.88773
3024304,3.0693188
3024305,3.0693188
3024306,3.0693188
3024307,56.77807
3024308,15.464437
3024309,187.94273
3024310,111.58455
3024311,4.6843724
3024312,4.6843724
3024313,131.84227
3024314,43.925934
3024315,674.78345
3024316,-0.99091643
3024317,0.8606611
3024318,25.449997
3024319,23.674225
3024320,55.942593
3024321,2345.125
3024322,30.04236
3024323,486.79126
3024324,-7.4084625
3024325,1114.9685
3024326,779.4644
3024327,234.09163
3024328,142.03064
3024329,190.95145
3024330,3614.048
3024331,13.876306
3024332,12.395468
3024333,48.26362
3024334,48.26362
3024335,12.395468
3024336,227.45648
3024337,14.835961
3024338,14.835961
3024339,54.890728
3024340,69.6101
3024341,27.231077
3024342,199.7094
3024343,265.10196
3024344,4.3381033
3024345,4.3381033
3024346,225.42485
3024347,97.4108
3024348,2160.6785
3024349,-30.2389
3024350,12.522332
3024351,3.799271
3024352,2.0234923
3024353,-19.32569
3024354,2340.48
3024355,9.563778
3024356,378.0734
3024357,-32.23575
3024358,1000.8146
3024359,637.1205
3024360,176.24063
3024361,68.68728
3024362,129.15443
3024363,3786.2834
3024364,5.3961077
3024365,3.9152727
3024366,3.9152727
3024367,32.732483
3024368,3.9152727
3024369,137.24904
3024370,6.3557577
3024371,-8.077645
3024372,25.74932
3024373,64.284355
3024374,18.750874
3024375,199.47804
3024376,151.62265
3024377,-10.456122
3024378,-10.456122
3024379,234.65527
3024380,68.426895
3024381,2704.9028
3024382,292.39117
3024383,-29.471668
3024384,15.326578
3024385,13.550807
3024386,-34.75665
3024387,2072.8489
3024388,-0.8308955
3024389,358.08078
3024390,-29.576874
3024391,844.27155
3024392,536.6492
3024393,80.449066
3024394,55.03042
3024395,103.95124
3024396,2993.9644
3024397,13.123436
3024398,11.642599
3024399,15.828035
3024400,11.642599
3024401,11.642599
3024402,158.27634
3024403,14.083089
3024404,14.083089
3024405,14.083089
3024406,67.13045
3024407,24.751402
3024408,205.47856
3024409,178.54666
3024410,3.7899475
3024411,3.7899475
3024412,127.351234
3024413,18.686773
3024414,717.2097
3024415,-182.49294
3024416,8.660494
3024417,18.981869
3024418,17.206099
3024419,17.206099
3024420,3453.0408
3024421,16.059252
3024422,721.3916
3024423,232.8355
3024424,1196.7291
3024425,1034.2339
3024426,393.83157
3024427,125.52085
3024428,162.18367
3024429,4883.7427
3024430,3.6289148
3024431,2.1480842
3024432,2.1480842
3024433,74.43741
3024434,2.1480842
3024435,227.24252
3024436,14.155437
3024437,14.155437
3024438,14.155437
3024439,125.74457
3024440,26.55057
3024441,290.58
3024442,502.56345
3024443,41.195282
3024444,41.195282
3024445,373.5455
3024446,198.10825
3024447,2519.6504
3024448,50.66773
3024449,102.86896
3024450,-24.394659
3024451,-26.170437
3024452,-26.170437
3024453,2649.4238
3024454,-28.248287
3024455,549.50146
3024456,-50.888775
3024457,1143.7565
3024458,804.9905
3024459,344.11053
3024460,173.24327
3024461,119.940926
3024462,4544.629
3024463,-6.5671926
3024464,-8.048027
3024465,82.049835
3024466,82.049835
3024467,-8.048027
3024468,211.0444
3024469,-5.3830047
3024470,91.62976
3024471,91.081894
3024472,132.34532
3024473,6.670922
3024474,176.86589
3024475,267.48822
3024476,-18.50545
3024477,-18.50545
3024478,256.81094
3024479,103.25731
3024480,2285.8735
3024481,416.50085
3024482,-36.64288
3024483,-32.70943
3024484,-34.485207
3024485,-34.485207
3024486,2091.6584
3024487,-77.07887
3024488,286.53656
3024489,-137.67938
3024490,1034.3447
3024491,618.95575
3024492,158.07585
3024493,-23.285107
3024494,32.615192
3024495,3913.6702
3024496,-23.773481
3024497,-25.254316
3024498,5.1148734
3024499,-8.082567
3024500,-25.254316
3024501,136.22432
3024502,-22.589296
3024503,-6.9291186
3024504,-22.589296
3024505,34.91319
3024506,-10.535368
3024507,145.62344
3024508,179.52292
3024509,-34.183975
3024510,-34.183975
3024511,116.378746
3024512,17.558779
3024513,1584.2587
3024514,-43.7218
3024515,-41.87022
3024516,-27.705269
3024517,-29.481033
3024518,-40.77317
3024519,1548.4097
3024520,-69.6166
3024521,287.75348
3024522,-156.15433
3024523,685.9595
3024524,469.10315
3024525,-25.667164
3024526,-37.196484
3024527,18.70382
3024528,2467.7915
3024529,-10.735277
3024530,-12.216112
3024531,-10.691249
3024532,6.7897563
3024533,-12.216112
3024534,70.27534
3024535,-9.551091
3024536,-9.551091
3024537,-9.551091
3024538,52.629993
3024539,1.1172252
3024540,146.33699
3024541,94.46428
3024542,-40.78877
3024543,-40.78877
3024544,58.14725
3024545,-2.5890126
3024546,788.5455
3024547,-134.35112
3024548,-8.244956
3024549,-15.35843
3024550,-17.134205
3024551,-40.06096
3024552,2016.66
3024553,-28.589216
3024554,231.01103
3024555,-57.733852
3024556,699.3887
3024557,420.99194
3024558,-22.340706
3024559,77.59088
3024560,94.28019
3024561,2467.7249
3024562,7.979675
3024563,6.49884
3024564,6.49884
3024565,30.475803
3024566,6.49884
3024567,101.75897
3024568,9.163862
3024569,9.163862
3024570,-17.664759
3024571,53.61398
3024572,21.755432
3024573,242.62566
3024574,64.01905
3024575,4.7080894
3024576,4.7080894
3024577,155.11136
3024578,77.45927
3024579,1349.1654
3024580,9.674249
3024581,-3.7235723
3024582,51.621223
3024583,49.84545
3024584,49.84545
3024585,3558.456
3024586,83.09201
3024587,736.20087
3024588,75.30638
3024589,1127.8204
3024590,1053.8237
3024591,557.25085
3024592,203.52768
3024593,345.81558
3024594,3692.1475
3024595,41.369698
3024596,39.888863
3024597,39.888863
3024598,196.63719
3024599,39.888863
3024600,166.29607
3024601,42.55389
3024602,42.55389
3024603,42.55389
3024604,134.91522
3024605,55.14546
3024606,220.2738
3024607,358.73315
3024608,42.73351
3024609,42.73351
3024610,263.60336
3024611,199.33067
3024612,2278.7595
3024613,91.2656
3024614,93.11718
3024615,-12.703805
3024616,-14.479579
3024617,-14.479579
3024618,2350.1538
3024619,-17.844055
3024620,267.04596
3024621,-75.300865
3024622,640.3442
3024623,537.3202
3024624,103.28881
3024625,67.67971
3024626,120.81046
3024627,2479.7202
3024628,1.4829242
3024629,0.002090156
3024630,0.002090156
3024631,26.475636
3024632,0.002090156
3024633,97.75883
3024634,2.6671114
3024635,2.6671114
3024636,2.6671114
3024637,55.633602
3024638,14.721041
3024639,179.84938
3024640,123.2014
3024641,2.3091009
3024642,2.3091009
3024643,156.84286
3024644,63.597523
3024645,707.9328
3024646,9.295279
3024647,26.7342
3024648,-20.263584
3024649,-22.03936
3024650,-22.03936
3024651,2058.3213
3024652,-33.643803
3024653,324.08408
3024654,-58.04105
3024655,730.85486
3024656,465.72568
3024657,80.710884
3024658,71.67808
3024659,129.23947
3024660,2690.452
3024661,-11.700472
3024662,-13.181312
3024663,8.832734
3024664,-13.181312
3024665,-13.181312
3024666,56.167397
3024667,-10.516285
3024668,-10.516285
3024669,-10.516285
3024670,44.454323
3024671,2.0752866
3024672,172.2702
3024673,90.49146
3024674,-14.855543
3024675,-14.855543
3024676,140.9582
3024677,52.679764
3024678,1171.2662
3024679,-3.8852468
3024680,-2.0336657
3024681,25.376421
3024682,23.600649
3024683,109.55673
3024684,2939.6562
3024685,59.23291
3024686,633.5699
3024687,32.59114
3024688,944.0377
3024689,787.7013
3024690,424.92236
3024691,174.84444
3024692,269.67465
3024693,3399.8713
3024694,32.96846
3024695,31.487627
3024696,31.487627
3024697,60.55834
3024698,31.487627
3024699,216.9188
3024700,34.152645
3024701,34.152645
3024702,34.152645
3024703,114.29107
3024704,46.744213
3024705,211.87253
3024706,390.30225
3024707,34.33227
3024708,34.33227
3024709,287.1662
3024710,144.48209
3024711,1050.9458
3024712,86.69454
3024713,88.54612
3024714,15.815385
3024715,14.039609
3024716,38.17421
3024717,2859.1147
3024718,2.4351697
3024719,442.33032
3024720,-21.962093
3024721,1268.829
3024722,730.5457
3024723,367.7665
3024724,116.46563
3024725,186.28506
3024726,3821.1675
3024727,4.9379525
3024728,3.4571114
3024729,3.4571114
3024730,55.327858
3024731,3.4571114
3024732,277.26883
3024733,6.1221385
3024734,64.359886
3024735,6.1221385
3024736,61.092743
3024737,18.713707
3024738,188.90863
3024739,323.63705
3024740,1.7828789
3024741,1.7828789
3024742,187.45332
3024743,69.31818
3024744,2375.447
3024745,18.125412
3024746,19.976994
3024747,-15.941623
3024748,-17.7174
3024749,-17.7174
3024750,2740.4216
3024751,-29.321842
3024752,405.86078
3024753,-53.71909
3024754,1021.4922
3024755,694.07605
3024756,331.29703
3024757,84.708626
3024758,154.52806
3024759,3446.7607
3024760,-6.764958
3024761,-8.2458
3024762,43.624947
3024763,43.624947
3024764,-8.2458
3024765,260.85336
3024766,-5.580772
3024767,51.230385
3024768,-5.580772
3024769,91.38846
3024770,7.010798
3024771,177.2057
3024772,307.2216
3024773,-9.920032
3024774,-9.920032
3024775,175.75041
3024776,57.615273
3024777,2821.5217
3024778,-1.6095791
3024779,0.24200147
3024780,77.36557
3024781,75.58981
3024782,326.7575
3024783,7550.489
3024784,278.0895
3024785,1492.887
3024786,348.06107
3024787,1962.5177
3024788,2097.429
3024789,647.14624
3024790,347.96722
3024791,538.5267
3024792,8008.773
3024793,75.48705
3024794,74.00622
3024795,74.00622
3024796,285.1552
3024797,74.00622
3024798,661.0733
3024799,81.97146
3024800,81.97146
3024801,251.55942
3024802,310.14615
3024803,94.36656
3024804,346.08008
3024805,1022.74677
3024806,134.95024
3024807,134.95024
3024808,723.58954
3024809,602.6263
3024810,4607.5757
3024811,165.8
3024812,385.88678
3024813,-21.642097
3024814,-23.417875
3024815,-23.417875
3024816,1624.5996
3024817,-37.206303
3024818,288.06018
3024819,-61.603554
3024820,645.8327
3024821,471.79758
3024822,-7.795091
3024823,31.223852
3024824,101.043236
3024825,2643.535
3024826,-12.726162
3024827,-14.207003
3024828,-9.859817
3024829,-14.207003
3024830,-14.207003
3024831,-5.541741
3024832,-11.541972
3024833,-11.541972
3024834,-11.541972
3024835,41.505375
3024836,-0.87365955
3024837,169.32124
3024838,27.152048
3024839,-13.93711
3024840,-13.93711
3024841,104.37529
3024842,50.683388
3024843,827.90234
3024844,1.450212
3024845,3.3017926
3024846,38.211475
3024847,36.435707
3024848,36.435707
3024849,2392.9146
3024850,17.116392
3024851,414.49268
3024852,6.7722964
3024853,1201.4916
3024854,640.9327
3024855,89.902084
3024856,130.00772
3024857,199.82715
3024858,4389.3037
3024859,17.58162
3024860,16.10078
3024861,16.10078
3024862,47.258343
3024863,16.10078
3024864,137.58572
3024865,19.867147
3024866,19.867147
3024867,9.229224
3024868,94.199936
3024869,30.535463
3024870,229.27577
3024871,185.48338
3024872,19.286896
3024873,19.286896
3024874,142.8482
3024875,85.61631
3024876,1643.9381
3024877,44.415237
3024878,46.266823
3024879,-24.721098
3024880,-26.496872
3024881,-26.496872
3024882,1583.7137
3024883,-40.285297
3024884,342.34555
3024885,-64.68255
3024886,666.147
3024887,524.94403
3024888,122.39062
3024889,28.144857
3024890,124.521255
3024891,2572.7297
3024892,-15.805158
3024893,-17.286001
3024894,-17.286001
3024895,-17.286001
3024896,-17.286001
3024897,12.119737
3024898,-14.620972
3024899,-14.620972
3024900,-14.620972
3024901,38.426373
3024902,-3.9526582
3024903,166.24225
3024904,24.073057
3024905,-17.016104
3024906,-17.016104
3024907,101.296295
3024908,47.604378
3024909,853.45703
3024910,-1.6287875
3024911,0.22279328
3024912,23.572504
3024913,21.79673
3024914,21.79673
3024915,1877.7734
3024916,30.400545
3024917,421.51794
3024918,-0.6662299
3024919,912.44183
3024920,662.8368
3024921,123.91619
3024922,137.82564
3024923,207.64499
3024924,3102.2551
3024925,11.889799
3024926,10.408967
3024927,16.184244
3024928,10.408967
3024929,10.408967
3024930,24.218714
3024931,13.073984
3024932,13.073984
3024933,13.073984
3024934,66.12132
3024935,23.742296
3024936,193.93727
3024937,70.58683
3024938,2.4333174
3024939,2.4333174
3024940,181.65009
3024941,127.95815
3024942,1938.5978
3024943,-3.9467292
3024944,-2.0951543
3024945,41.99251
3024946,40.216747
3024947,40.216747
3024948,2515.2131
3024949,34.641857
3024950,446.2663
3024951,24.297747
3024952,1075.075
3024953,657.79297
3024954,101.347946
3024955,141.03055
3024956,210.84993
3024957,4441.231
3024958,27.585873
3024959,26.105032
3024960,59.771954
3024961,59.771954
3024962,26.105032
3024963,130.97644
3024964,28.77006
3024965,35.67831
3024966,28.77006
3024967,81.81738
3024968,39.43837
3024969,212.86993
3024970,193.72638
3024971,25.744198
3024972,25.744198
3024973,193.21082
3024974,88.56927
3024975,1649.14
3024976,45.155247
3024977,47.006824
3024978,-2.6776767
3024979,-4.453445
3024980,-4.453445
3024981,1596.4186
3024982,-26.692074
3024983,272.787
3024984,-113.22984
3024985,656.3236
3024986,458.89523
3024987,-3.9864726
3024988,0.31366807
3024989,70.133026
3024990,2474.076
3024991,5.980317
3024992,4.4994826
3024993,4.4994826
3024994,4.4994826
3024995,4.4994826
3024996,58.7013
3024997,7.164509
3024998,7.164509
3024999,7.164509
3025000,60.211853
3025001,17.832823
3025002,163.05257
3025003,47.530502
3025004,-20.205788
3025005,60.43677
3025006,73.48133
3025007,19.789415
3025008,801.64954
3025009,20.84046
3025010,22.692038
3025011,10.855132
3025012,9.079363
3025013,9.079363
3025014,2770.6575
3025015,13.62312
3025016,486.5743
3025017,-10.77414
3025018,1067.0121
3025019,764.63495
3025020,378.50137
3025021,122.239174
3025022,192.0586
3025023,3901.4292
3025024,19.826904
3025025,18.346064
3025026,18.346064
3025027,18.346064
3025028,18.346064
3025029,247.46605
3025030,21.011084
3025031,96.94011
3025032,21.011084
3025033,75.98169
3025034,33.602654
3025035,203.79756
3025036,348.19913
3025037,16.671833
3025038,16.671833
3025039,140.23314
3025040,84.20714
3025041,2890.5474
3025042,30.801458
3025043,32.65304
3025044,29.019257
3025045,27.243484
3025046,27.243484
3025047,2666.5776
3025048,43.087452
3025049,590.6565
3025050,18.690197
3025051,998.7874
3025052,823.41016
3025053,404.9279
3025054,135.47902
3025055,237.61737
3025056,3840.6213
3025057,30.164585
3025058,28.683748
3025059,28.683748
3025060,97.346146
3025061,28.683748
3025062,278.10794
3025063,31.348772
3025064,31.348772
3025065,31.348772
3025066,151.07889
3025067,43.940334
3025068,218.42969
3025069,341.9158
3025070,35.171345
3025071,35.171345
3025072,164.05437
3025073,136.16083
3025074,1512.0576
3025075,65.870895
3025076,67.72246
3025077,46.628506
3025078,44.85274
3025079,44.85274
3025080,2606.8098
3025081,62.411957
3025082,568.6368
3025083,38.014706
3025084,1078.5559
3025085,781.96265
3025086,364.9681
3025087,154.80357
3025088,212.36496
3025089,3881.1326
3025090,32.89203
3025091,31.4112
3025092,58.22394
3025093,44.66705
3025094,31.4112
3025095,196.88483
3025096,34.07622
3025097,34.07622
3025098,34.07622
3025099,112.59143
3025100,46.66779
3025101,221.15714
3025102,310.75253
3025103,37.8988
3025104,37.8988
3025105,156.21121
3025106,128.3177
3025107,1346.2186
3025108,68.59833
3025109,70.449905
3025110,54.47008
3025111,52.69431
3025112,63.42379
3025113,2752.1218
3025114,58.419636
3025115,528.1666
3025116,48.075535
3025117,1199.8936
3025118,771.981
3025119,328.1381
3025120,162.09113
3025121,231.91048
3025122,4828.748
3025123,34.84246
3025124,33.361626
3025125,71.82724
3025126,33.361626
3025127,33.361626
3025128,226.93515
3025129,36.026646
3025130,88.94615
3025131,36.026646
3025132,117.66753
3025133,46.694954
3025134,224.42099
3025135,280.83435
3025136,37.29524
3025137,37.29524
3025138,209.56058
3025139,103.62467
3025140,2688.95
3025141,92.19796
3025142,68.57634
3025143,0.19895534
3025144,-1.5768125
3025145,3.8944893
3025146,2982.9243
3025147,-23.935078
3025148,561.6093
3025149,12.981174
3025150,1004.3885
3025151,838.1053
3025152,352.606
3025153,140.38411
3025154,177.04694
3025155,3895.4814
3025156,-1.7877088
3025157,-3.268543
3025158,69.616264
3025159,88.87896
3025160,-3.268543
3025161,182.53136
3025162,1.4170513
3025163,1.4170513
3025164,1.4170513
3025165,138.4666
3025166,13.812167
3025167,224.96756
3025168,326.2379
3025169,6.47715
3025170,6.47715
3025171,340.77737
3025172,174.66426
3025173,2459.5132
3025174,25.247942
3025175,132.21198
3025176,40.50558
3025177,38.72981
3025178,31.220768
3025179,2542.9714
3025180,56.28901
3025181,493.74432
3025182,31.891768
3025183,1230.1533
3025184,723.2358
3025185,246.45229
3025186,127.66879
3025187,197.4882
3025188,4100.241
3025189,28.692356
3025190,27.211517
3025191,47.43863
3025192,31.958485
3025193,27.211517
3025194,225.77646
3025195,29.876543
3025196,29.876543
3025197,29.876543
3025198,82.92388
3025199,40.544853
3025200,215.03421
3025201,269.6755
3025202,31.77587
3025203,31.77587
3025204,150.08829
3025205,99.90075
3025206,1888.3108
3025207,63.00085
3025208,64.85243
3025209,27.415047
3025210,25.63928
3025211,25.63928
3025212,2484.8137
3025213,44.121094
3025214,524.027
3025215,19.723845
3025216,969.52576
3025217,737.35284
3025218,338.29843
3025219,136.51273
3025220,189.98265
3025221,3393.528
3025222,22.451859
3025223,20.97102
3025224,20.97102
3025225,34.226887
3025226,20.97102
3025227,210.18571
3025228,23.636053
3025229,23.636053
3025230,23.636053
3025231,95.547295
3025232,36.227615
3025233,210.71698
3025234,263.64417
3025235,27.458633
3025236,27.458633
3025237,145.77106
3025238,117.87751
3025239,1318.7395
3025240,41.119186
3025241,25.334988
3025242,-37.420673
3025243,-39.196453
3025244,54.06771
3025245,2225.3633
3025246,-35.658592
3025247,489.3389
3025248,-60.055836
3025249,915.40985
3025250,787.6393
3025251,303.61032
3025252,56.732944
3025253,158.8713
3025254,3003.8457
3025255,2.40615
3025256,0.9253163
3025257,0.9253163
3025258,76.40644
3025259,0.9253163
3025260,227.77808
3025261,3.5903392
3025262,3.5903392
3025263,3.5903392
3025264,124.16993
3025265,16.181906
3025266,188.03664
3025267,288.95123
3025268,4.778306
3025269,4.778306
3025270,133.66129
3025271,105.76776
3025272,1464.6256
3025273,18.438856
3025274,20.29043
3025275,25.241299
3025276,23.465523
3025277,38.092262
3025278,3420.0364
3025279,41.84404
3025280,502.09576
3025281,17.446781
3025282,1078.1077
3025283,780.3989
3025284,363.40433
3025285,133.4363
3025286,203.25569
3025287,3903.716
3025288,5.4701614
3025289,3.9893217
3025290,46.3522
3025291,46.3522
3025292,3.9893217
3025293,201.38576
3025294,10.732774
3025295,127.023605
3025296,10.732774
3025297,98.19415
3025298,23.324343
3025299,213.88379
3025300,322.4833
3025301,26.758053
3025302,26.758053
3025303,150.31937
3025304,97.79774
3025305,2240.9922
3025306,25.563358
3025307,27.41494
3025308,76.1854
3025309,74.409615
3025310,113.48884
3025311,8732.848
3025312,128.50548
3025313,1477.1525
3025314,259.93747
3025315,2464.4424
3025316,2277.426
3025317,663.5741
3025318,416.2345
3025319,764.3906
3025320,9308.309
3025321,59.949535
3025322,58.468697
3025323,205.19861
3025324,141.89388
3025325,58.468697
3025326,437.58783
3025327,621.05493
3025328,60.92496
3025329,344.1948
3025330,387.68997
3025331,83.86772
3025332,501.86813
3025333,1793.0532
3025334,128.39552
3025335,128.39552
3025336,788.71515
3025337,572.4167
3025338,5462.048
3025339,593.3817
3025340,170.13762
3025341,70.41677
3025342,68.64099
3025343,90.93426
3025344,7979.0938
3025345,89.43274
3025346,1384.4452
3025347,220.86482
3025348,2279.0713
3025349,2021.6293
3025350,568.29407
3025351,383.313
3025352,714.6832
3025353,9197.614
3025354,33.195274
3025355,31.71444
3025356,31.71444
3025357,174.7844
3025358,31.71444
3025359,721.81396
3025360,304.8525
3025361,34.17071
3025362,291.56766
3025363,255.38245
3025364,57.11348
3025365,475.1139
3025366,1664.8557
3025367,97.773834
3025368,97.773834
3025369,749.0153
3025370,506.43216
3025371,5802.476
3025372,578.1835
3025373,170.3239
3025374,30.66663
3025375,28.890888
3025376,-24.186537
3025377,5898.7573
3025378,28.613815
3025379,1153.9304
3025380,66.76238
3025381,2072.953
3025382,1804.7468
3025383,389.98056
3025384,251.86934
3025385,513.3322
3025386,8487.002
3025387,33.281143
3025388,31.800308
3025389,107.76868
3025390,61.325214
3025391,31.800308
3025392,315.37268
3025393,417.19135
3025394,34.256584
3025395,164.44238
3025396,131.0164
3025397,57.199352
3025398,464.17532
3025399,759.081
3025400,64.3998
3025401,262.61453
3025402,689.3859
3025403,328.40002
3025404,3352.5476
3025405,222.2443
3025406,85.19717
3025407,47.799606
3025408,46.023872
3025409,-7.05355
3025410,6398.5605
3025411,45.746815
3025412,1385.7001
3025413,83.89538
3025414,2146.4211
3025415,1888.9795
3025416,474.21332
3025417,269.00232
3025418,530.4651
3025419,8845.474
3025420,50.41414
3025421,48.93331
3025422,86.89604
3025423,1.0396895
3025424,48.93331
3025425,340.9435
3025426,194.9284
3025427,51.389572
3025428,190.01324
3025429,246.79326
3025430,74.33231
3025431,481.30832
3025432,1641.1731
3025433,81.53278
3025434,81.53278
3025435,701.0531
3025436,400.026
3025437,4235.421
3025438,360.97
3025439,75.840164
3025440,-5.2777395
3025441,-7.053504
3025442,-75.2488
3025443,4229.815
3025444,-18.184778
3025445,1011.5906
3025446,13.19011
3025447,1779.249
3025448,1521.8074
3025449,252.69946
3025450,212.18446
3025451,468.22842
3025452,6695.806
3025453,29.912758
3025454,28.431927
3025455,103.25893
3025456,50.30321
3025457,28.431927
3025458,212.67308
3025459,173.47398
3025460,31.556839
3025461,85.68873
3025462,129.62099
3025463,54.499607
3025464,394.85178
3025465,906.8035
3025466,52.930256
3025467,244.63278
3025468,614.1728
3025469,172.91772
3025470,2875.0095
3025471,24.17214
3025472,-143.7203
3025473,22.199932
3025474,20.424164
3025475,91.60758
3025476,6073.5063
3025477,12.338908
3025478,1330.0685
3025479,79.53683
3025480,2191.802
3025481,2029.524
3025482,498.6851
3025483,265.57147
3025484,627.0315
3025485,7418.7207
3025486,40.755764
3025487,39.274933
3025488,206.14392
3025489,164.54845
3025490,39.274933
3025491,390.1132
3025492,315.75107
3025493,42.39985
3025494,254.12949
3025495,259.709
3025496,65.34259
3025497,395.16245
3025498,1264.2354
3025499,75.67644
3025500,75.67644
3025501,614.2626
3025502,374.63364
3025503,5280.952
3025504,888.95264
3025505,161.38396
3025506,-16.368305
3025507,-18.144075
3025508,-85.479095
3025509,1897.0021
3025510,-53.36178
3025511,216.43788
3025512,-8.313431
3025513,715.4985
3025514,543.26
3025515,83.75204
3025516,128.176
3025517,164.83884
3025518,3271.0283
3025519,-1.07231
3025520,-2.5531433
3025521,8.247091
3025522,-10.69555
3025523,-2.5531433
3025524,93.83661
3025525,5.4120836
3025526,5.4120836
3025527,5.4120836
3025528,46.09229
3025529,17.807198
3025530,228.96257
3025531,150.15056
3025532,22.585133
3025533,22.585133
3025534,298.59802
3025535,140.45593
3025536,1527.5433
3025537,5.8139067
3025538,34.600998
3025539,12.515151
3025540,10.739387
3025541,-73.499245
3025542,3581.6445
3025543,-7.843166
3025544,885.2144
3025545,2.8690276
3025546,1565.9542
3025547,1276.0885
3025548,119.97734
3025549,187.66206
3025550,418.00925
3025551,6038.36
3025552,23.856646
3025553,22.37581
3025554,16.666458
3025555,16.666458
3025556,22.37581
3025557,207.64185
3025558,67.3385
3025559,21.4223
3025560,21.4223
3025561,68.06842
3025562,39.90994
3025563,395.37546
3025564,496.80533
3025565,29.169687
3025566,29.169687
3025567,404.64096
3025568,209.33441
3025569,2543.204
3025570,345.5258
3025571,-48.682632
3025572,39.927776
3025573,38.152016
3025574,-31.326782
3025575,4186.6763
3025576,54.283226
3025577,1067.1437
3025578,69.742775
3025579,1700.1292
3025580,1456.6754
3025581,186.60373
3025582,240.0902
3025583,435.05014
3025584,5579.501
3025585,40.67015
3025586,39.18931
3025587,90.254074
3025588,35.71371
3025589,39.18931
3025590,186.38785
3025591,38.23581
3025592,38.23581
3025593,38.23581
3025594,138.27232
3025595,56.72344
3025596,389.1456
3025597,610.2579
3025598,63.342205
3025599,205.376
3025600,575.92676
3025601,415.73578
3025602,3769.1042
3025603,86.4519
3025604,148.4363
3025605,-21.020088
3025606,-22.669315
3025607,-25.004433
3025608,4616.292
3025609,-81.46809
3025610,1033.9694
3025611,-274.03915
3025612,1660.014
3025613,1578.9154
3025614,287.73706
3025615,-83.95673
3025616,272.5204
3025617,6304.1743
3025618,-32.62873
3025619,-34.10957
3025620,67.87483
3025621,41.921997
3025622,-34.10957
3025623,229.30461
3025624,-35.063046
3025625,75.55684
3025626,-35.063046
3025627,117.834076
3025628,-16.575409
3025629,209.61447
3025630,628.7563
3025631,-31.449469
3025632,-31.449469
3025633,137.17137
3025634,48.42532
3025635,3229.98
3025636,-60.47153
3025637,18.343931
3025638,-7.118351
3025639,-8.894111
3025640,-8.894111
3025641,2142.8372
3025642,-42.479855
3025643,365.9382
3025644,-138.98854
3025645,768.66406
3025646,596.873
3025647,181.25743
3025648,-3.2120605
3025649,53.835335
3025650,3032.3286
3025651,-5.150261
3025652,-6.6310954
3025653,-6.6310954
3025654,9.125303
3025655,-6.6310954
3025656,94.238846
3025657,-3.9660702
3025658,-3.9660702
3025659,-3.9660702
3025660,71.52261
3025661,8.625497
3025662,168.81819
3025663,164.82294
3025664,-18.307528
3025665,-18.307528
3025666,102.08473
3025667,60.331707
3025668,1142.9285
3025669,46.529118
3025670,34.322376
3025671,-11.479209
3025672,-13.254981
3025673,-20.764023
3025674,1883.4872
3025675,-20.058346
3025676,366.7541
3025677,-54.426556
3025678,789.6178
3025679,639.10266
3025680,90.65245
3025681,48.866383
3025682,118.68576
3025683,3156.0767
3025684,-8.082447
3025685,-9.563285
3025686,10.663838
3025687,-9.563285
3025688,-9.563285
3025689,90.5096
3025690,-6.898261
3025691,-6.898261
3025692,-6.898261
3025693,56.50409
3025694,3.770052
3025695,168.27127
3025696,117.840904
3025697,-14.987043
3025698,-14.987043
3025699,101.859344
3025700,41.542683
3025701,1220.3125
3025702,2.2145612
3025703,4.066148
3025704,49.497025
3025705,47.721252
3025706,60.378258
3025707,3247.826
3025708,52.32232
3025709,707.92804
3025710,74.42823
3025711,1156.4144
3025712,1078.3817
3025713,468.7165
3025714,174.47101
3025715,211.13383
3025716,4168.2754
3025717,24.622179
3025718,23.141344
3025719,23.141344
3025720,89.82844
3025721,23.141344
3025722,153.57045
3025723,27.82695
3025724,27.82695
3025725,191.33272
3025726,139.41606
3025727,40.222065
3025728,255.63235
3025729,438.84787
3025730,44.50259
3025731,44.50259
3025732,389.78616
3025733,221.30672
3025734,2086.3938
3025735,54.2896
3025736,123.4907
3025737,41.771706
3025738,39.995926
3025739,39.995926
3025740,4010.485
3025741,60.26684
3025742,865.8997
3025743,130.23836
3025744,1328.1066
3025745,1188.028
3025746,630.9671
3025747,218.22472
3025748,328.88626
3025749,5010.075
3025750,30.682467
3025751,29.201632
3025752,132.5761
3025753,122.288475
3025754,29.201632
3025755,355.1308
3025756,37.166878
3025757,37.166878
3025758,117.521965
3025759,185.44337
3025760,49.561993
3025761,264.97232
3025762,556.19635
3025763,53.842537
3025764,53.842537
3025765,450.88364
3025766,329.92032
3025767,2767.9407
3025768,94.95522
3025769,162.92197
3025770,41.771706
3025771,39.995926
3025772,39.995926
3025773,1857.9438
3025774,60.26684
3025775,417.1606
3025776,130.23836
3025777,908.5992
3025778,586.4133
3025779,277.89066
3025780,218.22472
3025781,254.88753
3025782,3628.7139
3025783,30.682467
3025784,29.201632
3025785,29.201632
3025786,29.201632
3025787,29.201632
3025788,85.036575
3025789,37.166878
3025790,37.166878
3025791,37.166878
3025792,91.941
3025793,49.561993
3025794,264.97232
3025795,234.08406
3025796,53.842537
3025797,53.842537
3025798,450.88364
3025799,329.92032
3025800,1894.7501
3025801,94.95522
3025802,96.806816
3025803,-6.2930527
3025804,-8.068827
3025805,104.463646
3025806,3973.7693
3025807,-0.9383593
3025808,684.3096
3025809,78.785805
3025810,1324.7651
3025811,1037.1287
3025812,580.7012
3025813,263.54904
3025814,243.26997
3025815,6377.2295
3025816,29.556143
3025817,28.075308
3025818,104.527275
3025819,104.527275
3025820,28.075308
3025821,431.93182
3025822,36.04057
3025823,141.83395
3025824,108.73584
3025825,180.36897
3025826,48.435684
3025827,229.41612
3025828,526.0969
3025829,23.507086
3025830,23.507086
3025831,376.7983
3025832,208.52528
3025833,3666.5422
3025834,218.15285
3025835,24.220495
3025836,3.3207858
3025837,1.5450113
3025838,1.5450113
3025839,2811.8118
3025840,-24.200905
3025841,536.8042
3025842,-2.0950074
3025843,880.5023
3025844,769.919
3025845,246.55516
3025846,123.73364
3025847,143.12013
3025848,3585.3743
3025849,0.23253381
3025850,-1.2483008
3025851,49.02438
3025852,32.234608
3025853,-1.2483008
3025854,140.96959
3025855,10.759053
3025856,194.98778
3025857,10.759053
3025858,128.86726
3025859,27.353876
3025860,238.50925
3025861,331.05472
3025862,11.226753
3025863,100.407074
3025864,331.4256
3025865,173.1242
3025866,3712.0696
3025867,59.639053
3025868,26.049538
3025869,-217.21194
3025870,-20.937632
3025871,-230.94939
3025872,2379.8523
3025873,-41.986504
3025874,127.07743
3025875,-46.43654
3025876,817.5498
3025877,360.50992
3025878,-141.80946
3025879,54.758022
3025880,121.775375
3025881,3108.8582
3025882,-69.25685
3025883,-8.1614895
3025884,-130.9838
3025885,-130.9838
3025886,-8.1614895
3025887,156.06657
3025888,-64.6691
3025889,-5.721002
3025890,-27.924337
3025891,17.894997
3025892,13.886723
3025893,125.46276
3025894,146.2255
3025895,43.23124
3025896,53.526196
3025897,185.6341
3025898,-51.85221
3025899,531.767
3025900,-60.693275
3025901,-176.129
3025902,77.60076
3025903,75.82499
3025904,55.910122
3025905,3780.8464
3025906,97.05278
3025907,839.24805
3025908,164.65913
3025909,1538.8032
3025910,1185.6729
3025911,694.9561
3025912,235.40976
3025913,284.33038
3025914,6794.591
3025915,43.089478
3025916,41.608643
3025917,86.47883
3025918,86.47883
3025919,41.608643
3025920,438.3804
3025921,92.31681
3025922,45.35153
3025923,45.35153
3025924,140.62303
3025925,56.019836
3025926,268.56128
3025927,488.92044
3025928,58.572468
3025929,58.572468
3025930,258.01675
3025931,131.33183
3025932,1205.7769
3025933,680.75977
3025934,84.20456
3025935,-1.3233387
3025936,-3.0991135
3025937,-3.0991135
3025938,1711.1445
3025939,-19.8846
3025940,317.2586
3025941,-48.630566
3025942,786.5815
3025943,444.0562
3025944,32.974674
3025945,25.6608
3025946,107.87198
3025947,2963.887
3025948,-2.0463927
3025949,-3.5272317
3025950,-3.5272317
3025951,-3.5272317
3025952,-3.5272317
3025953,86.355995
3025954,-1.086741
3025955,-1.086741
3025956,-47.161495
3025957,51.960606
3025958,9.581573
3025959,190.30875
3025960,131.25288
3025961,-11.379889
3025962,-11.379889
3025963,122.90685
3025964,-3.6317964
3025965,541.48926
3025966,-270.87552
3025967,-5.415592
3025968,-1.3233387
3025969,-3.0991135
3025970,-3.0991135
3025971,1611.9352
3025972,-19.8846
3025973,336.62213
3025974,-48.630566
3025975,786.5815
3025976,393.9923
3025977,47.083755
3025978,25.6608
3025979,74.5816
3025980,2963.887
3025981,-2.0463927
3025982,-3.5272317
3025983,-3.5272317
3025984,-3.5272317
3025985,-3.5272317
3025986,110.801926
3025987,-1.086741
3025988,-1.086741
3025989,-1.086741
3025990,51.960606
3025991,9.581573
3025992,190.30875
3025993,126.80036
3025994,-11.379889
3025995,-11.379889
3025996,112.1814
3025997,-3.6317964
3025998,541.48926
3025999,-7.2671766
3026000,-5.415592
3026001,3.161325
3026002,1.3855498
3026003,-45.486572
3026004,1381.9229
3026005,-2.1227908
3026006,343.04892
3026007,-49.686428
3026008,817.8644
3026009,519.204
3026010,103.15602
3026011,67.53547
3026012,129.82787
3026013,2947.0059
3026014,1.0765207
3026015,-0.40431058
3026016,22.219372
3026017,22.219372
3026018,-0.40431058
3026019,138.6993
3026020,5.3158164
3026021,5.3158164
3026022,5.3158164
3026023,60.08997
3026024,17.71093
3026025,190.18925
3026026,191.32994
3026027,3.0634933
3026028,3.0634933
3026029,166.7458
3026030,62.673935
3026031,853.73175
3026032,-222.91165
3026033,-2.9856634
3026034,-1.3233387
3026035,-3.0991135
3026036,-3.0991135
3026037,1817.5107
3026038,-19.8846
3026039,317.2586
3026040,-48.630566
3026041,764.10956
3026042,393.9923
3026043,32.974674
3026044,25.6608
3026045,74.5816
3026046,2963.887
3026047,-2.0463927
3026048,-3.5272317
3026049,-10.766732
3026050,-10.766732
3026051,-3.5272317
3026052,110.801926
3026053,-1.086741
3026054,-1.086741
3026055,-1.086741
3026056,26.284302
3026057,9.581573
3026058,190.30875
3026059,126.80036
3026060,-11.379889
3026061,-11.379889
3026062,112.1814
3026063,13.734718
3026064,686.66486
3026065,-270.87552
3026066,-5.415592
3026067,24.98039
3026068,5.026157
3026069,5.026157
3026070,2440.9966
3026071,-10.190695
3026072,363.02676
3026073,15.100935
3026074,1346.3717
3026075,396.52496
3026076,-61.962055
3026077,92.690765
3026078,159.70811
3026079,3099.1914
3026080,-109.63666
3026081,-8.099475
3026082,-65.0689
3026083,-65.0689
3026084,-8.099475
3026085,223.03922
3026086,-2.3793454
3026087,-2.3793454
3026088,-2.3793454
3026089,76.182274
3026090,45.13164
3026091,147.48769
3026092,692.3876
3026093,-0.76429176
3026094,61.079163
3026095,126.62354
3026096,6.8913097
3026097,570.7961
3026098,-1.8414439
3026099,-115.25584
3026100,16.11747
3026101,14.341694
3026102,14.341694
3026103,2438.5674
3026104,20.709816
3026105,493.74744
3026106,-16.740993
3026107,1126.0095
3026108,1060.0898
3026109,241.04774
3026110,128.6053
3026111,149.83754
3026112,3669.9272
3026113,8.427644
3026114,6.9468093
3026115,37.613117
3026116,37.613117
3026117,6.9468093
3026118,224.06342
3026119,9.387294
3026120,9.387294
3026121,42.148693
3026122,64.16145
3026123,21.782413
3026124,194.26074
3026125,267.78613
3026126,-1.1105599
3026127,-1.1105599
3026128,196.03401
3026129,91.96213
3026130,1240.5947
3026131,-88.456505
3026132,11.671797
3026133,-5.5332646
3026134,-7.3090425
3026135,-41.48351
3026136,2469.9656
3026137,0.23123622
3026138,376.29703
3026139,-41.56828
3026140,1007.113
3026141,731.1767
3026142,160.97684
3026143,46.52948
3026144,119.82188
3026145,3795.0425
3026146,-0.05255723
3026147,-1.5333922
3026148,13.349512
3026149,-1.6880777
3026150,-1.5333922
3026151,111.026726
3026152,0.9070928
3026153,0.9070928
3026154,2.0943937
3026155,55.681255
3026156,13.302209
3026157,194.02939
3026158,151.47108
3026159,-15.904789
3026160,-15.904789
3026161,211.00038
3026162,62.978226
3026163,1336.9727
3026164,-123.5288
3026165,-30.322191
3026166,5.9940495
3026167,4.218276
3026168,-56.914448
3026169,2084.7488
3026170,-10.163434
3026171,341.02954
3026172,-38.909397
3026173,809.5028
3026174,479.94843
3026175,78.67271
3026176,32.87259
3026177,81.79341
3026178,3049.8435
3026179,7.674774
3026180,6.1939354
3026181,6.1939354
3026182,6.1939354
3026183,6.1939354
3026184,156.49997
3026185,8.634429
3026186,8.634429
3026187,8.634429
3026188,61.681774
3026189,19.302742
3026190,200.0299
3026191,166.60165
3026192,-1.6587179
3026193,-1.6587179
3026194,121.902565
3026195,13.238104
3026196,552.20544
3026197,-228.11807
3026198,7.8099613
3026199,10.296448
3026200,8.520677
3026201,8.520677
3026202,3429.1438
3026203,7.373831
3026204,695.6921
3026205,29.47975
3026206,1171.0297
3026207,1008.53436
3026208,368.13202
3026209,116.83545
3026210,152.77368
3026211,4896.633
3026212,-1.1726363
3026213,-2.653472
3026214,58.83176
3026215,66.33294
3026216,-2.653472
3026217,140.80627
3026218,9.353878
3026219,300.86752
3026220,9.353878
3026221,110.097946
3026222,21.749004
3026223,247.52347
3026224,472.59204
3026225,36.39373
3026226,36.39373
3026227,368.74393
3026228,193.3067
3026229,4210.8687
3026230,50.464314
3026231,19.96689
3026232,-33.727196
3026233,-35.502968
3026234,57.180428
3026235,2797.0095
3026236,-37.58082
3026237,546.987
3026238,-60.221313
3026239,1137.5771
3026240,993.2172
3026241,333.12668
3026242,159.81795
3026243,110.60835
3026244,4553.3877
3026245,-12.015856
3026246,-13.49669
3026247,71.399315
3026248,71.399315
3026249,-13.49669
3026250,231.14574
3026251,-10.831668
3026252,-10.831668
3026253,76.15943
3026254,128.9208
3026255,1.2222613
3026256,171.41724
3026257,270.1724
3026258,-23.954111
3026259,-23.954111
3026260,196.62875
3026261,97.80864
3026262,1351.2476
3026263,434.6667
3026264,-37.49341
3026265,-42.041958
3026266,-43.817738
3026267,-43.817738
3026268,2193.1077
3026269,-86.41141
3026270,293.49265
3026271,-147.0119
3026272,1119.4117
3026273,785.0745
3026274,165.03198
3026275,-36.710457
3026276,19.18984
3026277,3922.4292
3026278,-29.222147
3026279,-30.702978
3026280,-5.5356283
3026281,-5.5356283
3026282,-30.702978
3026283,130.03523
3026284,-28.037958
3026285,-28.037958
3026286,-28.037958
3026287,53.13643
3026288,-15.984033
3026289,140.17479
3026290,182.20709
3026291,-39.632633
3026292,-39.632633
3026293,110.93008
3026294,12.110118
3026295,967.2839
3026296,-44.57233
3026297,-42.720757
3026298,-37.037804
3026299,-38.813576
3026300,-38.813576
3026301,1465.3073
3026302,-78.94914
3026303,278.6354
3026304,-165.48685
3026305,673.48785
3026306,369.58395
3026307,-18.711035
3026308,-50.62183
3026309,5.278468
3026310,2523.6702
3026311,-16.18394
3026312,-17.664772
3026313,-3.8607368
3026314,-3.8607368
3026315,-17.664772
3026316,77.23146
3026317,-14.999754
3026318,-14.999754
3026319,-14.999754
3026320,49.205524
3026321,-4.331437
3026322,140.88832
3026323,107.4977
3026324,-46.23743
3026325,-46.23743
3026326,52.69858
3026327,-8.037679
3026328,854.9273
3026329,-192.56874
3026330,-9.095488
3026331,-22.197138
3026332,-23.972914
3026333,-23.972914
3026334,1992.075
3026335,-35.42793
3026336,237.96715
3026337,-60.44445
3026338,622.753
3026339,427.94803
3026340,47.228954
3026341,74.8803
3026342,118.52263
3026343,2669.4001
3026344,8.043911
3026345,6.563076
3026346,6.563076
3026347,19.825298
3026348,6.563076
3026349,91.10845
3026350,9.228098
3026351,24.585396
3026352,24.585396
3026353,74.814835
3026354,21.81967
3026355,242.68988
3026356,66.70323
3026357,4.7723284
3026358,4.7723284
3026359,155.1756
3026360,77.52349
3026361,2133.9163
3026362,14.336616
3026363,-78.373245
3026364,42.28869
3026365,40.512917
3026366,40.512917
3026367,3567.2148
3026368,73.759476
3026369,743.15704
3026370,65.97386
3026371,1134.7765
3026372,1060.7798
3026373,564.20703
3026374,194.19514
3026375,332.39023
3026376,3901.2725
3026377,35.921036
3026378,34.4402
3026379,84.82202
3026380,203.59334
3026381,34.4402
3026382,156.10532
3026383,37.10523
3026384,310.13992
3026385,37.10523
3026386,92.075806
3026387,49.696796
3026388,214.82515
3026389,445.9367
3026390,37.284847
3026391,37.284847
3026392,258.1547
3026393,193.882
3026394,5308.6816
3026395,90.415085
3026396,92.26666
3026397,-22.03634
3026398,-23.812113
3026399,-53.499184
3026400,2358.9126
3026401,-27.176588
3026402,274.00208
3026403,-84.6334
3026404,647.30035
3026405,540.0869
3026406,128.185
3026407,58.34718
3026408,115.90858
3026409,2554.8665
3026410,-3.9657364
3026411,-5.4465737
3026412,-5.4465737
3026413,2.1611671
3026414,-5.4465737
3026415,87.10831
3026416,-2.7815514
3026417,-6.841727
3026418,-2.7815514
3026419,63.119892
3026420,9.272376
3026421,174.40073
3026422,125.885605
3026423,-3.1395636
3026424,-3.1395636
3026425,151.39421
3026426,58.14888
3026427,2229.2847
3026428,8.444745
3026429,-47.915462
3026430,-29.59612
3026431,-31.37189
3026432,-31.37189
3026433,2019.0757
3026434,-42.976337
3026435,331.0402
3026436,-67.37359
3026437,703.367
3026438,490.62183
3026439,73.260735
3026440,62.345543
3026441,106.92397
3026442,2699.2107
3026443,-17.149132
3026444,-18.62997
3026445,-18.62997
3026446,-18.62997
3026447,-18.62997
3026448,56.427673
3026449,-15.964948
3026450,-14.740075
3026451,-15.964948
3026452,53.171753
3026453,-3.3733773
3026454,166.82155
3026455,98.88196
3026456,-20.304203
3026457,-20.304203
3026458,103.25705
3026459,47.231094
3026460,1376.7948
3026461,-4.7357817
3026462,-2.8841977
3026463,16.04389
3026464,14.268114
3026465,96.13139
3026466,2977.0244
3026467,49.90038
3026468,640.526
3026469,23.258604
3026470,950.99396
3026471,825.66455
3026472,431.87848
3026473,165.5119
3026474,256.2493
3026475,3512.3723
3026476,27.519804
3026477,26.03897
3026478,89.01017
3026479,60.8186
3026480,26.03897
3026481,223.87494
3026482,28.703987
3026483,254.84258
3026484,28.703987
3026485,121.777405
3026486,41.29555
3026487,206.42387
3026488,390.6393
3026489,28.883614
3026490,28.883614
3026491,203.30614
3026492,139.0334
3026493,4233.1836
3026494,85.84403
3026495,80.48486
3026496,6.4828486
3026497,4.707078
3026498,9.19875
3026499,2811.4377
3026500,-6.897367
3026501,433.73633
3026502,-31.294622
3026503,1068.1893
3026504,1014.2229
3026505,315.9074
3026506,87.49015
3026507,157.30956
3026508,3730.897
3026509,-0.5107121
3026510,-1.9915524
3026511,29.127241
3026512,29.127241
3026513,-1.9915524
3026514,233.00067
3026515,0.6734738
3026516,0.6734738
3026517,0.6734738
3026518,84.11677
3026519,13.265042
3026520,183.45998
3026521,285.44598
3026522,-3.665784
3026523,-3.665784
3026524,119.895485
3026525,63.869503
3026526,1197.0914
3026527,17.274881
3026528,19.126465
3026529,-25.274158
3026530,-27.04993
3026531,-27.04993
3026532,2883.3018
3026533,-38.654377
3026534,384.5049
3026535,-63.05163
3026536,967.24756
3026537,832.88336
3026538,284.61603
3026539,55.73315
3026540,125.55253
3026541,3401.8823
3026542,-12.213624
3026543,-13.694464
3026544,17.42433
3026545,11.6568165
3026546,-13.694464
3026547,214.17259
3026548,-11.029439
3026549,-11.029439
3026550,-11.029439
3026551,72.61553
3026552,1.5621325
3026553,171.75706
3026554,245.91951
3026555,-15.368697
3026556,-15.368697
3026557,108.19257
3026558,52.1666
3026559,1159.8818
3026560,-2.460114
3026561,-0.6085291
3026562,68.680176
3026563,66.90443
3026564,313.9793
3026565,7559.895
3026566,269.40405
3026567,1500.4902
3026568,339.37567
3026569,1976.4888
3026570,2076.6794
3026571,997.49927
3026572,339.2818
3026573,525.74854
3026574,8018.179
3026575,70.6855
3026576,69.20465
3026577,69.20465
3026578,292.75845
3026579,69.20465
3026580,413.8906
3026581,77.16988
3026582,578.77167
3026583,409.40866
3026584,312.27213
3026585,89.565
3026586,341.2785
3026587,753.01855
3026588,130.1487
3026589,130.1487
3026590,718.788
3026591,597.82477
3026592,10580.674
3026593,165.59659
3026594,302.98468
3026595,-30.974634
3026596,-32.75041
3026597,-32.75041
3026598,1863.4739
3026599,-46.538834
3026600,342.90997
3026601,-70.93608
3026602,707.1893
3026603,331.71124
3026604,23.501238
3026605,17.7985
3026606,118.267715
3026607,2689.1382
3026608,-18.174824
3026609,-19.655666
3026610,-19.655666
3026611,-19.655666
3026612,-19.655666
3026613,22.154867
3026614,-16.990637
3026615,-16.990637
3026616,-16.990637
3026617,36.05671
3026618,-6.3223224
3026619,163.8726
3026620,29.83625
3026621,-19.385769
3026622,-19.385769
3026623,98.92662
3026624,45.23471
3026625,778.20667
3026626,0.5996773
3026627,2.451261
3026628,28.354147
3026629,26.578371
3026630,26.578371
3026631,2615.5996
3026632,7.259066
3026633,421.4488
3026634,1.0430602
3026635,1119.776
3026636,741.0021
3026637,96.85822
3026638,116.58237
3026639,186.4018
3026640,4398.0625
3026641,14.627227
3026642,13.146392
3026643,36.60784
3026644,7.2347116
3026645,13.146392
3026646,144.54185
3026647,16.912766
3026648,16.912766
3026649,16.912766
3026650,90.77546
3026651,27.581078
3026652,226.32138
3026653,188.16757
3026654,16.332508
3026655,16.332508
3026656,139.89383
3026657,82.6619
3026658,1029.2329
3026659,46.058983
3026660,-41.673805
3026661,-34.05363
3026662,-35.829403
3026663,-35.829403
3026664,1560.7062
3026665,-49.61783
3026666,339.83096
3026667,-74.015076
3026668,692.53094
3026669,357.26593
3026670,62.763577
3026671,14.719515
3026672,84.53888
3026673,2672.0999
3026674,-21.253822
3026675,-22.734663
3026676,-23.589312
3026677,-22.734663
3026678,-22.734663
3026679,-1.6646082
3026680,-20.069635
3026681,-20.069635
3026682,-20.069635
3026683,32.977707
3026684,-9.401323
3026685,160.7936
3026686,26.757256
3026687,-22.464767
3026688,-22.464767
3026689,95.847626
3026690,42.155716
3026691,775.1277
3026692,-2.4793177
3026693,-0.6277373
3026694,14.239977
3026695,12.464199
3026696,12.464199
3026697,1936.1277
3026698,21.068027
3026699,442.64627
3026700,-9.99876
3026701,891.14734
3026702,608.42554
3026703,130.87236
3026704,124.40019
3026705,194.21964
3026706,3158.1338
3026707,6.441138
3026708,4.9603047
3026709,5.53375
3026710,4.9603047
3026711,4.9603047
3026712,31.174831
3026713,7.625326
3026714,7.625326
3026715,7.625326
3026716,58.60003
3026717,18.293636
3026718,188.48862
3026719,83.62027
3026720,-3.0153441
3026721,-3.0153441
3026722,137.13876
3026723,122.50948
3026724,1407.9955
3026725,-4.7972574
3026726,-2.945681
3026727,32.659985
3026728,30.88421
3026729,30.88421
3026730,2733.616
3026731,25.309315
3026732,502.44675
3026733,14.965212
3026734,1083.8336
3026735,753.5802
3026736,108.30411
3026737,127.60518
3026738,197.4246
3026739,4449.9897
3026740,22.137201
3026741,20.656366
3026742,34.78513
3026743,49.121464
3026744,20.656366
3026745,137.93257
3026746,23.321392
3026747,23.321392
3026748,23.321392
3026749,76.36873
3026750,33.989704
3026751,207.42128
3026752,196.41057
3026753,20.295534
3026754,20.295534
3026755,143.85686
3026756,83.1206
3026757,613.53
3026758,44.304707
3026759,46.156284
3026760,-12.010212
3026761,-13.78598
3026762,-13.78598
3026763,1651.2833
3026764,-36.02461
3026765,314.8767
3026766,-122.56236
3026767,669.9891
3026768,347.36987
3026769,13.363371
3026770,-13.111692
3026771,72.698814
3026772,2616.0386
3026773,0.5316545
3026774,-0.9491819
3026775,-0.9491819
3026776,-0.9491819
3026777,-0.9491819
3026778,63.612915
3026779,1.715844
3026780,1.715844
3026781,1.715844
3026782,65.9211
3026783,12.384159
3026784,157.60391
3026785,50.2147
3026786,-25.654455
3026787,-25.654455
3026788,68.032646
3026789,14.340756
3026790,904.40784
3026791,19.989935
3026792,21.84151
3026793,100.70101
3026794,-0.25317132
3026795,4.2385
3026796,3283.0889
3026797,4.290579
3026798,881.6561
3026799,212.4733
3026800,1432.4587
3026801,863.10364
3026802,338.08087
3026803,312.65985
3026804,400.57574
3026805,4168.4546
3026806,39.687325
3026807,12.897398
3026808,180.57126
3026809,180.57126
3026810,12.897398
3026811,1204.7239
3026812,15.562419
3026813,151.10027
3026814,113.27097
3026815,227.82658
3026816,99.91993
3026817,470.2878
3026818,1149.9569
3026819,141.56529
3026820,212.36633
3026821,300.19482
3026822,212.73157
3026823,2063.3135
3026824,29.95092
3026825,31.802505
3026826,22.180548
3026827,20.40478
3026828,107.08229
3026829,2675.3364
3026830,36.248734
3026831,597.6127
3026832,15.979593
3026833,1005.7436
3026834,810.93854
3026835,411.884
3026836,132.76842
3026837,224.19202
3026838,3882.3735
3026839,30.228819
3026840,28.747984
3026841,28.747984
3026842,93.514366
3026843,28.747984
3026844,285.06406
3026845,31.413002
3026846,206.43007
3026847,31.413002
3026848,193.55656
3026849,44.00457
3026850,218.49393
3026851,344.59998
3026852,35.235588
3026853,35.235588
3026854,164.1186
3026855,136.22505
3026856,4152.8584
3026857,70.53326
3026858,72.38483
3026859,37.29597
3026860,35.520206
3026861,30.504011
3026862,2644.178
3026863,53.07942
3026864,575.59296
3026865,28.682165
3026866,1008.3732
3026867,899.1299
3026868,389.8643
3026869,145.47107
3026870,203.03242
3026871,3889.891
3026872,27.44337
3026873,25.962526
3026874,47.57345
3026875,59.118988
3026876,25.962526
3026877,253.90091
3026878,28.62756
3026879,175.26685
3026880,28.62756
3026881,120.07774
3026882,41.219124
3026883,223.36806
3026884,313.4367
3026885,32.450134
3026886,32.450134
3026887,150.76256
3026888,122.869026
3026889,4086.0054
3026890,67.7478
3026891,-21.835503
3026892,45.635853
3026893,43.86008
3026894,49.998455
3026895,2853.571
3026896,49.5854
3026897,535.1228
3026898,39.241295
3026899,1208.6522
3026900,951.72314
3026901,317.15414
3026902,148.6658
3026903,218.48515
3026904,4889.982
3026905,28.783073
3026906,27.302242
3026907,27.302242
3026908,27.302242
3026909,27.302242
3026910,220.7461
3026911,29.967255
3026912,29.967255
3026913,29.967255
3026914,114.24304
3026915,40.635567
3026916,218.3616
3026917,283.51852
3026918,26.569824
3026919,26.569824
3026920,150.13115
3026921,92.899254
3026922,962.4415
3026923,44.895985
3026924,62.449062
3026925,-8.4864645
3026926,-10.262234
3026927,-10.262234
3026928,2992.33
3026929,-32.620502
3026930,569.2126
3026931,4.295747
3026932,1031.4196
3026933,846.1212
3026934,373.69678
3026935,131.69872
3026936,168.36154
3026937,3785.5667
3026938,-6.589262
3026939,-8.070095
3026940,-8.070095
3026941,78.87558
3026942,-8.070095
3026943,190.13457
3026944,-3.384504
3026945,121.563675
3026946,-3.384504
3026947,131.25784
3026948,9.010613
3026949,274.40768
3026950,329.5692
3026951,1.6755993
3026952,1.6755993
3026953,335.9758
3026954,169.86272
3026955,3756.4888
3026956,25.044525
3026957,49.309944
3026958,31.671349
3026959,29.895582
3026960,17.795431
3026961,2569.8303
3026962,47.45478
3026963,500.70044
3026964,124.310524
3026965,1246.4756
3026966,1105.5492
3026967,253.40837
3026968,114.24344
3026969,199.33105
3026970,4108.9995
3026971,22.632957
3026972,21.152119
3026973,36.788136
3026974,36.788136
3026975,21.152119
3026976,229.93665
3026977,23.817148
3026978,23.817148
3026979,23.817148
3026980,76.86448
3026981,34.485462
3026982,208.97482
3026983,289.47244
3026984,21.050451
3026985,21.050451
3026986,165.63136
3026987,89.17533
3026988,940.47894
3026989,56.873566
3026990,58.725147
3026991,18.58082
3026992,16.805052
3026993,16.805052
3026994,2493.5725
3026995,35.286858
3026996,530.98315
3026997,10.889608
3026998,957.05414
3026999,744.309
3027000,345.25455
3027001,127.67847
3027002,176.55731
3027003,3510.2778
3027004,16.392467
3027005,14.911628
3027006,14.911628
3027007,48.678818
3027008,14.911628
3027009,151.44218
3027010,17.576653
3027011,138.50778
3027012,17.576653
3027013,92.12281
3027014,30.168224
3027015,204.6576
3027016,266.32837
3027017,16.733215
3027018,16.733215
3027019,135.04565
3027020,107.152084
3027021,3904.604
3027022,34.991894
3027023,36.84348
3027024,-76.95047
3027025,-78.72625
3027026,40.642345
3027027,2438.9614
3027028,-75.18838
3027029,496.29507
3027030,-99.585625
3027031,922.366
3027032,737.7386
3027033,310.56644
3027034,17.203148
3027035,145.44597
3027036,3045.5977
3027037,-6.5831685
3027038,-8.064006
3027039,-8.064006
3027040,65.75591
3027041,-8.064006
3027042,234.7342
3027043,-5.3989806
3027044,154.1788
3027045,70.51598
3027046,130.80675
3027047,7.1925907
3027048,179.04733
3027049,291.6354
3027050,-4.2110176
3027051,-4.2110176
3027052,124.671974
3027053,96.778435
3027054,3845.6396
3027055,14.047669
3027056,19.537214
3027057,16.407074
3027058,14.631298
3027059,9.116802
3027060,3439.1365
3027061,33.009804
3027062,493.50174
3027063,8.61256
3027064,1055.7986
3027065,901.12646
3027066,329.48523
3027067,104.46081
3027068,174.28024
3027069,3871.5996
3027070,-0.58923334
3027071,-2.0700698
3027072,-2.0700698
3027073,20.151585
3027074,-2.0700698
3027075,192.79176
3027076,4.6733904
3027077,4.6733904
3027078,4.6733904
3027079,79.219536
3027080,17.264956
3027081,207.8244
3027082,284.29224
3027083,16.032635
3027084,16.032635
3027085,139.59395
3027086,87.07231
3027087,807.4145
3027088,19.436077
3027089,21.287663
3027090,65.407265
3027091,63.631474
3027092,98.11959
3027093,8741.6045
3027094,117.72731
3027095,1484.1086
3027096,249.15933
3027097,2570.1768
3027098,2284.3826
3027099,670.5303
3027100,405.45633
3027101,749.0215
3027102,10713.882
3027103,51.94624
3027104,50.465405
3027105,192.60417
3027106,148.85
3027107,50.465405
3027108,444.54395
3027109,346.87894
3027110,259.13614
3027111,346.87894
3027112,331.93887
3027113,75.86441
3027114,493.8648
3027115,1795.7374
3027116,115.726204
3027117,334.33112
3027118,706.07733
3027119,559.74744
3027120,12111.064
3027121,611.54755
3027122,93.54399
3027123,59.638664
3027124,57.862885
3027125,75.56502
3027126,7987.8525
3027127,78.65459
3027128,1391.4014
3027129,210.08667
3027130,2278.6543
3027131,2000.2332
3027132,575.25024
3027133,372.53482
3027134,699.3141
3027135,10803.317
3027136,25.19198
3027137,23.711145
3027138,172.25554
3027139,92.48008
3027140,23.711145
3027141,670.54956
3027142,294.2518
3027143,557.818
3027144,307.53665
3027145,271.04434
3027146,49.110176
3027147,467.11057
3027148,1667.5399
3027149,85.104515
3027150,383.89377
3027151,736.34607
3027152,493.76282
3027153,9878.664
3027154,596.3493
3027155,93.730255
3027156,19.888493
3027157,18.112751
3027158,-48.288265
3027159,5936.126
3027160,17.835686
3027161,1299.6912
3027162,55.98426
3027163,2064.4976
3027164,1802.9706
3027165,388.2042
3027166,241.09117
3027167,489.2304
3027168,8836.465
3027169,25.277851
3027170,23.797012
3027171,86.44181
3027172,52.853043
3027173,23.797012
3027174,313.59634
3027175,163.30925
3027176,469.36356
3027177,68.18801
3027178,137.58687
3027179,49.19605
3027180,456.172
3027181,923.36194
3027182,51.73048
3027183,249.87032
3027184,643.11444
3027185,315.73068
3027186,4924.001
3027187,253.00246
3027188,-59.786907
3027189,37.021477
3027190,35.245735
3027191,-31.155275
3027192,6407.3193
3027193,34.968685
3027194,1236.387
3027195,73.11725
3027196,2111.8809
3027197,1887.2032
3027198,472.43698
3027199,258.22415
3027200,506.3634
3027201,9142.461
3027202,42.410843
3027203,40.93
3027204,103.57481
3027205,-0.73665905
3027206,40.93
3027207,339.16714
3027208,93.758835
3027209,183.96495
3027210,188.8801
3027211,163.1577
3027212,66.32902
3027213,473.305
3027214,1556.6106
3027215,68.863464
3027216,68.863464
3027217,688.38385
3027218,387.35666
3027219,5978.1875
3027220,391.7282
3027221,11.839073
3027222,-16.055874
3027223,-17.831636
3027224,-99.350494
3027225,4238.5737
3027226,-28.962917
3027227,1009.8142
3027228,2.411984
3027229,1777.4728
3027230,1520.0311
3027231,250.92313
3027232,201.40631
3027233,444.12656
3027234,6992.7944
3027235,21.909464
3027236,20.428627
3027237,81.932045
3027238,41.83104
3027239,20.428627
3027240,298.68182
3027241,167.42567
3027242,162.51051
3027243,162.51051
3027244,230.78854
3027245,46.49631
3027246,386.84845
3027247,1024.8943
3027248,40.260952
3027249,40.260952
3027250,601.50354
3027251,160.24838
3027252,3360.4185
3027253,54.930378
3027254,-207.72142
3027255,11.421799
3027256,9.646036
3027257,76.238335
3027258,6082.265
3027259,1.5607797
3027260,1337.0247
3027261,68.7587
3027262,2039.8844
3027263,2036.4802
3027264,505.64127
3027265,254.79333
3027266,611.66223
3027267,8266.968
3027268,32.75247
3027269,31.271635
3027270,31.271635
3027271,171.5046
3027272,31.271635
3027273,397.0693
3027274,318.4352
3027275,532.23334
3027276,256.8137
3027277,267.19534
3027278,57.33932
3027279,387.15912
3027280,817.29956
3027281,63.007122
3027282,63.007122
3027283,589.1344
3027284,361.9643
3027285,9871.77
3027286,907.11847
3027287,84.79035
3027288,-25.053726
3027289,-26.829502
3027290,-98.25733
3027291,1779.0608
3027292,-62.047215
3027293,224.0411
3027294,-16.99886
3027295,749.0782
3027296,582.6102
3027297,91.355286
3027298,119.49055
3027299,156.15341
3027300,3357.5964
3027301,-5.873866
3027302,-7.354701
3027303,-9.788153
3027304,-9.788153
3027305,-7.354701
3027306,91.17291
3027307,0.610529
3027308,-24.63001
3027309,0.610529
3027310,54.22568
3027311,13.005645
3027312,224.16103
3027313,112.11726
3027314,17.783575
3027315,17.783575
3027316,293.79645
3027317,135.65439
3027318,2320.106
3027319,5.610484
3027320,-48.301086
3027321,1.7370201
3027322,-0.038746238
3027323,-97.60094
3027324,3695.9673
3027325,-18.621292
3027326,883.4382
3027327,-7.9091
3027328,1564.178
3027329,1274.3123
3027330,118.200966
3027331,176.88391
3027332,393.90744
3027333,5743.194
3027334,15.853345
3027335,14.372515
3027336,64.35677
3027337,-55.148968
3027338,14.372515
3027339,205.86551
3027340,67.093994
3027341,74.60924
3027342,13.419001
3027343,90.65957
3027344,31.90663
3027345,387.37213
3027346,548.9777
3027347,16.500355
3027348,16.500355
3027349,391.97162
3027350,196.66507
3027351,3243.403
3027352,376.28387
3027353,-112.6838
3027354,29.149633
3027355,27.373865
3027356,-42.756706
3027357,4208.107
3027358,43.505096
3027359,1078.0392
3027360,58.96467
3027361,1719.7484
3027362,1467.5709
3027363,197.49916
3027364,229.31204
3027365,423.62024
3027366,6124.8687
3027367,32.666855
3027368,31.186016
3027369,81.59899
3027370,5.6380324
3027371,31.186016
3027372,197.2833
3027373,30.232512
3027374,387.33145
3027375,30.232512
3027376,136.84325
3027377,48.720142
3027378,381.14227
3027379,616.8815
3027380,50.672916
3027381,50.672916
3027382,563.25757
3027383,403.06644
3027384,6647.448
3027385,78.38071
3027386,84.43513
3027387,-31.79822
3027388,-33.447456
3027389,-33.447456
3027390,4625.051
3027391,-92.246216
3027392,1049.6493
3027393,-284.81735
3027394,1834.5682
3027395,1704.3862
3027396,227.05127
3027397,-94.73488
3027398,257.15112
3027399,7242.14
3027400,-40.63203
3027401,-42.112865
3027402,-42.112865
3027403,42.182278
3027404,-42.112865
3027405,145.27443
3027406,-43.06635
3027407,464.18335
3027408,-43.06635
3027409,147.44931
3027410,-24.578709
3027411,201.61118
3027412,631.44055
3027413,-44.118805
3027414,-44.118805
3027415,124.50204
3027416,35.75599
3027417,8529.517
3027418,-68.54273
3027419,-58.249626
3027420,-15.952574
3027421,-17.728346
3027422,-22.227253
3027423,2109.6511
3027424,-51.314106
3027425,391.06967
3027426,-147.8228
3027427,795.04803
3027428,603.82916
3027429,206.15364
3027430,-12.046284
3027431,45.515106
3027432,3159.9448
3027433,-11.209653
3027434,-12.690488
3027435,-12.690488
3027436,9.385576
3027437,-12.690488
3027438,94.49911
3027439,-10.025461
3027440,28.410982
3027441,-10.025461
3027442,92.488205
3027443,2.5661058
3027444,162.7588
3027445,189.96951
3027446,-29.032948
3027447,-29.032948
3027448,91.35931
3027449,49.606285
3027450,2578.597
3027451,40.401825
3027452,-40.32727
3027453,-20.313442
3027454,-22.08921
3027455,-22.08921
3027456,2146.5715
3027457,-28.892567
3027458,353.3287
3027459,-63.260796
3027460,813.75916
3027461,611.9459
3027462,97.60861
3027463,35.44103
3027464,120.528595
3027465,3122.7224
3027466,-14.141835
3027467,-15.622675
3027468,-15.622675
3027469,-15.622675
3027470,-15.622675
3027471,97.46573
3027472,-12.957648
3027473,-12.957648
3027474,-12.957648
3027475,49.056366
3027476,-2.2893357
3027477,162.21188
3027478,123.252975
3027479,-25.712458
3027480,-25.712458
3027481,91.13392
3027482,30.817272
3027483,819.43774
3027484,-3.912722
3027485,-2.061139
3027486,40.811596
3027487,39.03583
3027488,39.03583
3027489,3257.2317
3027490,43.636883
3027491,734.9591
3027492,65.7428
3027493,1183.4456
3027494,1010.98364
3027495,476.31973
3027496,165.78561
3027497,201.72385
3027498,4177.6816
3027499,19.820621
3027500,18.339785
3027501,79.825035
3027502,51.568478
3027503,18.339785
3027504,154.47784
3027505,23.02539
3027506,211.2807
3027507,94.26914
3027508,158.34636
3027509,35.420513
3027510,274.5075
3027511,443.47543
3027512,39.70104
3027513,39.70104
3027514,384.9846
3027515,216.50517
3027516,4170.8833
3027517,54.08617
3027518,40.58865
3027519,28.932472
3027520,27.156702
3027521,27.156702
3027522,4015.737
3027523,47.427628
3027524,869.3492
3027525,117.39915
3027526,1312.1283
3027527,1163.125
3027528,634.41656
3027529,205.38548
3027530,311.95416
3027531,5067.8022
3027532,21.727121
3027533,20.246284
3027534,110.06699
3027535,110.06699
3027536,20.246284
3027537,390.4033
3027538,28.21153
3027539,371.12326
3027540,128.47923
3027541,174.08083
3027542,40.606647
3027543,256.017
3027544,555.3739
3027545,44.88718
3027546,44.88718
3027547,441.92825
3027548,320.96497
3027549,6470.822
3027550,90.598015
3027551,75.86613
3027552,32.439156
3027553,30.663387
3027554,143.90176
3027555,4149.1807
3027556,50.93431
3027557,879.9161
3027558,120.90583
3027559,1350.059
3027560,1156.825
3027561,644.98346
3027562,208.89218
3027563,245.55501
3027564,5201.2466
3027565,25.233807
3027566,23.75297
3027567,121.925606
3027568,121.925606
3027569,23.75297
3027570,393.90997
3027571,31.718216
3027572,308.72232
3027573,131.98593
3027574,340.9765
3027575,44.11333
3027576,259.52368
3027577,565.9408
3027578,48.393864
3027579,48.393864
3027580,445.43494
3027581,324.47165
3027582,6604.266
3027583,94.1047
3027584,79.37281
3027585,-15.625597
3027586,-17.401367
3027587,91.03832
3027588,3961.4216
3027589,-10.270876
3027590,691.26575
3027591,69.45327
3027592,1315.4238
3027593,1077.1105
3027594,569.7173
3027595,250.12378
3027596,233.93744
3027597,6385.9883
3027598,24.107481
3027599,22.62665
3027600,116.85119
3027601,104.78756
3027602,22.62665
3027603,449.2372
3027604,30.591908
3027605,30.591908
3027606,166.43883
3027607,168.80142
3027608,42.987022
3027609,223.96747
3027610,528.7812
3027611,18.058424
3027612,18.058424
3027613,371.34964
3027614,203.07663
3027615,1575.3059
3027616,151.0356
3027617,23.369965
3027618,3.3207858
3027619,1.5450113
3027620,-93.1266
3027621,2736.784
3027622,-24.200905
3027623,402.07803
3027624,-2.0950074
3027625,836.88837
3027626,685.69214
3027627,202.94118
3027628,123.73364
3027629,99.50607
3027630,3472.4487
3027631,0.23253381
3027632,-1.2483008
3027633,23.397297
3027634,59.543762
3027635,-1.2483008
3027636,125.4013
3027637,10.759053
3027638,10.759053
3027639,10.759053
3027640,98.00227
3027641,27.353876
3027642,238.50925
3027643,296.96082
3027644,11.226753
3027645,11.226753
3027646,331.4256
3027647,173.1242
3027648,2075.204
3027649,59.639053
3027650,61.49063
3027651,-19.161861
3027652,-20.937632
3027653,-20.937632
3027654,1530.3109
3027655,-41.986504
3027656,200.4483
3027657,-38.93033
3027658,650.79565
3027659,464.33582
3027660,-5.0070767
3027661,-51.097847
3027662,-2.1770277
3027663,3095.9785
3027664,-6.680656
3027665,-8.1614895
3027666,-69.442375
3027667,-69.442375
3027668,-8.1614895
3027669,65.580696
3027670,-5.721002
3027671,-5.721002
3027672,-5.721002
3027673,49.053158
3027674,6.674112
3027675,84.31253
3027676,78.198524
3027677,-19.381372
3027678,-19.381372
3027679,225.32689
3027680,0.15897167
3027681,765.98096
3027682,-223.94122
3027683,-58.841698
3027684,77.60076
3027685,75.82499
3027686,12.296096
3027687,3865.3564
3027688,97.05278
3027689,696.4713
3027690,164.65913
3027691,1392.0746
3027692,1058.9102
3027693,651.34216
3027694,191.79573
3027695,240.7165
3027696,6706.438
3027697,43.089478
3027698,41.608643
3027699,60.85173
3027700,41.608643
3027701,41.608643
3027702,422.8121
3027703,45.35153
3027704,45.35153
3027705,45.35153
3027706,98.39884
3027707,56.019836
3027708,499.73288
3027709,491.17355
3027710,58.572468
3027711,58.572468
3027712,282.23093
3027713,131.33183
3027714,1110.842
3027715,702.3085
3027716,84.20456
3027717,-1.3233387
3027718,-3.0991135
3027719,-3.0991135
3027720,1674.1123
3027721,-19.8846
3027722,273.64456
3027723,-48.630566
3027724,711.09186
3027725,459.04837
3027726,-10.639354
3027727,-17.953232
3027728,107.87198
3027729,2940.357
3027730,-2.0463927
3027731,-3.5272317
3027732,-3.5272317
3027733,-3.5272317
3027734,-3.5272317
3027735,95.23364
3027736,-1.086741
3027737,-1.086741
3027738,-33.31823
3027739,51.960606
3027740,9.581573
3027741,140.55234
3027742,115.50403
3027743,-11.379889
3027744,-11.379889
3027745,122.90685
3027746,-3.6317964
3027747,555.7671
3027748,-7.2671766
3027749,-5.415592
3027750,-1.3233387
3027751,-3.0991135
3027752,-3.0991135
3027753,1630.1598
3027754,-19.8846
3027755,273.64456
3027756,-48.630566
3027757,719.8168
3027758,495.60266
3027759,3.4697227
3027760,-17.953232
3027761,30.967575
3027762,2940.357
3027763,-2.0463927
3027764,-3.5272317
3027765,-3.5272317
3027766,-3.5272317
3027767,-3.5272317
3027768,95.61593
3027769,-1.086741
3027770,-1.086741
3027771,-1.086741
3027772,51.960606
3027773,9.581573
3027774,140.06384
3027775,110.54051
3027776,-11.379889
3027777,-11.379889
3027778,112.1814
3027779,-3.6317964
3027780,555.7671
3027781,-253.06677
3027782,-5.415592
3027783,3.161325
3027784,1.3855498
3027785,-89.10063
3027786,1492.3505
3027787,-2.1227908
3027788,309.997
3027789,-49.686428
3027790,805.39667
3027791,614.75385
3027792,95.92722
3027793,23.921438
3027794,129.82787
3027795,2977.7732
3027796,1.0765207
3027797,-0.40431058
3027798,5.32029
3027799,-3.4077148
3027800,-0.40431058
3027801,135.3368
3027802,5.3158164
3027803,5.3158164
3027804,5.3158164
3027805,60.08997
3027806,17.71093
3027807,213.2525
3027808,186.12744
3027809,3.0634933
3027810,3.0634933
3027811,166.7458
3027812,62.673935
3027813,868.0096
3027814,-202.16232
3027815,-2.9856634
3027816,-1.3233387
3027817,-3.0991135
3027818,-105.33651
3027819,1780.4785
3027820,-19.8846
3027821,293.0081
3027822,-48.630566
3027823,697.34485
3027824,463.5009
3027825,-10.639354
3027826,-0.15245628
3027827,30.967575
3027828,2940.357
3027829,-2.0463927
3027830,-3.5272317
3027831,-53.654842
3027832,-36.393826
3027833,-3.5272317
3027834,95.23364
3027835,-1.086741
3027836,-1.086741
3027837,-33.31823
3027838,14.98796
3027839,9.581573
3027840,140.06384
3027841,119.95654
3027842,-11.379889
3027843,-11.379889
3027844,112.1814
3027845,2.4383788
3027846,700.94257
3027847,-253.06677
3027848,-5.415592
3027849,6.801934
3027850,5.026157
3027851,-85.941826
3027852,1319.3539
3027853,-10.190695
3027854,261.98578
3027855,-57.754337
3027856,729.00287
3027857,537.6927
3027858,-21.861816
3027859,-2.7925792
3027860,46.12824
3027861,2685.9646
3027862,-6.6186385
3027863,-8.099475
3027864,-8.099475
3027865,-30.121721
3027866,-8.099475
3027867,58.27558
3027868,-2.3793454
3027869,-2.3793454
3027870,-2.3793454
3027871,52.39481
3027872,10.015771
3027873,118.04922
3027874,103.16954
3027875,-0.76429176
3027876,-0.76429176
3027877,126.39361
3027878,38.477272
3027879,548.3013
3027880,-1.8414439
3027881,0.01013267
3027882,16.11747
3027883,14.341694
3027884,-1.0967894
3027885,2452.3745
3027886,20.709816
3027887,450.1334
3027888,-16.740993
3027889,1026.2229
3027890,742.8067
3027891,197.43372
3027892,84.99125
3027893,133.9121
3027894,3625.0237
3027895,8.427644
3027896,6.9468093
3027897,6.9468093
3027898,11.98602
3027899,6.9468093
3027900,209.1606
3027901,9.387294
3027902,9.387294
3027903,128.24492
3027904,64.16145
3027905,21.782413
3027906,380.61166
3027907,256.48978
3027908,-1.1105599
3027909,-1.1105599
3027910,199.2061
3027911,91.96213
3027912,1254.8726
3027913,-67.70718
3027914,11.671797
3027915,-5.5332646
3027916,-7.3090425
3027917,-85.09755
3027918,2248.5996
3027919,0.23123622
3027920,332.68298
3027921,-41.56828
3027922,911.2346
3027923,591.7302
3027924,135.3028
3027925,2.9154396
3027926,51.836246
3027927,3685.5164
3027928,-0.05255723
3027929,-1.5333922
3027930,-1.5333922
3027931,-12.2775755
3027932,-1.5333922
3027933,119.90436
3027934,0.9070928
3027935,0.9070928
3027936,-9.201946
3027937,40.831047
3027938,13.302209
3027939,152.32362
3027940,140.17474
3027941,-15.904789
3027942,-15.904789
3027943,199.70404
3027944,62.978226
3027945,1273.2234
3027946,-184.76834
3027947,-30.322191
3027948,5.9940495
3027949,4.218276
3027950,4.218276
3027951,2026.3429
3027952,-10.163434
3027953,278.05197
3027954,-38.909397
3027955,756.78986
3027956,541.3008
3027957,35.058666
3027958,-10.741441
3027959,117.593155
3027960,3004.94
3027961,7.674774
3027962,6.1939354
3027963,-29.182013
3027964,6.1939354
3027965,6.1939354
3027966,140.93167
3027967,8.634429
3027968,8.634429
3027969,8.634429
3027970,22.199764
3027971,19.302742
3027972,199.30533
3027973,155.30531
3027974,-1.6587179
3027975,-1.6587179
3027976,121.902565
3027977,13.238104
3027978,566.4833
3027979,-245.71881
3027980,7.8099613
3027981,10.296448
3027982,8.520677
3027983,-26.52916
3027984,3354.116
3027985,7.373831
3027986,652.0781
3027987,29.47975
3027988,1127.4155
3027989,997.05414
3027990,324.51797
3027991,116.83545
3027992,153.49828
3027993,4783.7065
3027994,-1.1726363
3027995,-2.653472
3027996,-2.653472
3027997,16.414911
3027998,-2.653472
3027999,125.23799
3028000,9.353878
3028001,9.353878
3028002,105.059
3028003,111.670876
3028004,21.749004
3028005,247.52347
3028006,461.29562
3028007,36.39373
3028008,36.39373
3028009,368.74393
3028010,193.3067
3028011,2282.1785
3028012,50.464314
3028013,52.31589
3028014,-33.727196
3028015,-35.502968
3028016,13.566414
3028017,2734.9482
3028018,-37.58082
3028019,484.07443
3028020,-60.221313
3028021,1092.9872
3028022,768.3327
3028023,307.4526
3028024,116.203896
3028025,110.60835
3028026,4443.8613
3028027,-12.015856
3028028,-13.49669
3028029,-13.49669
3028030,-13.49669
3028031,-13.49669
3028032,202.4323
3028033,-10.831668
3028034,-10.831668
3028035,64.86309
3028036,117.624405
3028037,1.2222613
3028038,318.8754
3028039,258.87604
3028040,-23.954111
3028041,-23.954111
3028042,196.62875
3028043,97.80864
3028044,1565.3181
3028045,455.41602
3028046,-37.49341
3028047,-42.041958
3028048,-43.817738
3028049,-122.80151
3028050,2022.2426
3028051,-86.41141
3028052,249.87863
3028053,-147.0119
3028054,978.06366
3028055,613.2695
3028056,121.417946
3028057,-80.32449
3028058,-24.424194
3028059,3867.2004
3028060,-29.222147
3028061,-30.702978
3028062,-31.162718
3028063,-31.162718
3028064,-30.702978
3028065,114.46688
3028066,-28.037958
3028067,-28.037958
3028068,-28.037958
3028069,40.68945
3028070,-15.984033
3028071,194.04565
3028072,170.91075
3028073,-39.632633
3028074,-39.632633
3028075,110.93008
3028076,12.110118
3028077,981.5619
3028078,-44.57233
3028079,-42.720757
3028080,-37.037804
3028081,-38.813576
3028082,-38.813576
3028083,1406.9015
3028084,-78.94914
3028085,235.02141
3028086,-165.48685
3028087,669.51227
3028088,412.5695
3028089,-25.021872
3028090,-94.23589
3028091,-38.33557
3028092,2478.767
3028093,-16.18394
3028094,-17.664772
3028095,-29.487827
3028096,-36.058044
3028097,-17.664772
3028098,80.552605
3028099,-14.999754
3028100,-14.999754
3028101,-14.999754
3028102,37.909187
3028103,-4.331437
3028104,55.701595
3028105,85.85211
3028106,-46.23743
3028107,-46.23743
3028108,52.69858
3028109,-8.037679
3028110,869.2051
3028111,-167.85753
3028112,-9.095488
3028113,-22.197138
3028114,-23.972914
3028115,-23.972914
3028116,2019.7887
3028117,-35.42793
3028118,194.35315
3028119,-60.44445
3028120,597.0791
3028121,384.334
3028122,3.6149302
3028123,74.8803
3028124,37.2408
3028125,2625.8726
3028126,8.043911
3028127,6.563076
3028128,6.563076
3028129,-5.801792
3028130,6.563076
3028131,75.54016
3028132,9.228098
3028133,9.228098
3028134,-26.276905
3028135,49.803932
3028136,21.81967
3028137,242.68988
3028138,55.40689
3028139,4.7723284
3028140,4.7723284
3028141,155.1756
3028142,77.52349
3028143,657.61444
3028144,14.336616
3028145,16.188189
3028146,42.28869
3028147,40.512917
3028148,133.55878
3028149,3519.596
3028150,73.759476
3028151,699.5431
3028152,65.97386
3028153,1135.4835
3028154,949.1013
3028155,520.593
3028156,194.19514
3028157,288.77628
3028158,3753.121
3028159,35.921036
3028160,34.4402
3028161,59.19492
3028162,108.61282
3028163,34.4402
3028164,140.53703
3028165,37.10523
3028166,37.10523
3028167,37.10523
3028168,128.51534
3028169,49.696796
3028170,214.82515
3028171,350.12097
3028172,37.284847
3028173,37.284847
3028174,258.1547
3028175,193.882
3028176,2231.8308
3028177,90.415085
3028178,66.269966
3028179,-22.03634
3028180,-23.812113
3028181,-23.812113
3028182,2360.4453
3028183,-27.176588
3028184,230.38805
3028185,-84.6334
3028186,603.6864
3028187,489.54483
3028188,-29.334112
3028189,-6.048283
3028190,115.90858
3028191,2566.2954
3028192,-3.9657364
3028193,-5.4465737
3028194,-9.801953
3028195,-23.46592
3028196,-5.4465737
3028197,38.534607
3028198,-2.7815514
3028199,-2.7815514
3028200,-2.7815514
3028201,51.82356
3028202,9.272376
3028203,170.42474
3028204,81.28965
3028205,-3.1395636
3028206,-3.1395636
3028207,167.33601
3028208,58.14888
3028209,683.9588
3028210,8.444745
3028211,10.296323
3028212,-29.59612
3028213,-31.37189
3028214,-84.80085
3028215,2094.6924
3028216,-42.976337
3028217,287.42615
3028218,-67.37359
3028219,693.4666
3028220,429.06775
3028221,43.4579
3028222,62.345543
3028223,63.309944
3028224,2803.7964
3028225,-17.149132
3028226,-18.62997
3028227,-27.444847
3028228,-27.444847
3028229,-18.62997
3028230,40.859394
3028231,-15.964948
3028232,-15.964948
3028233,-15.964948
3028234,41.87543
3028235,-3.3733773
3028236,166.82155
3028237,60.76604
3028238,-20.304203
3028239,-20.304203
3028240,103.25705
3028241,47.231094
3028242,926.8949
3028243,-4.7357817
3028244,-2.8841977
3028245,16.04389
3028246,14.268114
3028247,14.268114
3028248,2947.136
3028249,49.90038
3028250,616.33984
3028251,23.258604
3028252,907.38
3028253,787.7924
3028254,263.2908
3028255,165.5119
3028256,212.6353
3028257,3387.964
3028258,27.519804
3028259,26.03897
3028260,26.03897
3028261,35.19153
3028262,26.03897
3028263,130.36397
3028264,28.703987
3028265,28.703987
3028266,28.703987
3028267,110.48105
3028268,41.29555
3028269,206.42387
3028270,379.34296
3028271,28.883614
3028272,28.883614
3028273,203.30614
3028274,139.0334
3028275,1663.3522
3028276,85.84403
3028277,101.23419
3028278,6.4828486
3028279,4.707078
3028280,4.707078
3028281,2670.89
3028282,-6.897367
3028283,390.12228
3028284,42.936127
3028285,938.7299
3028286,653.01263
3028287,272.2934
3028288,43.87612
3028289,155.98595
3028290,3654.4797
3028291,-0.5107121
3028292,-1.9915524
3028293,3.5001535
3028294,3.5001535
3028295,-1.9915524
3028296,198.74176
3028297,0.6734738
3028298,0.6734738
3028299,0.6734738
3028300,72.82041
3028301,13.265042
3028302,449.2956
3028303,274.14966
3028304,-3.665784
3028305,-3.665784
3028306,119.895485
3028307,63.869503
3028308,1211.3693
3028309,17.274881
3028310,19.126465
3028311,-25.274158
3028312,-27.04993
3028313,-27.04993
3028314,2627.2913
3028315,-38.654377
3028316,340.89087
3028317,-63.05163
3028318,847.5952
3028319,603.7811
3028320,241.00208
3028321,12.119122
3028322,81.93848
3028323,3325.4648
3028324,-12.213624
3028325,-13.694464
3028326,-8.202761
3028327,-13.970272
3028328,-13.694464
3028329,169.56444
3028330,-11.029439
3028331,-11.029439
3028332,-11.029439
3028333,61.117508
3028334,1.5621325
3028335,332.28467
3028336,202.2582
3028337,-15.368697
3028338,-15.368697
3028339,108.19257
3028340,52.1666
3028341,1174.1597
3028342,-2.460114
3028343,-0.6085291
3028344,68.680176
3028345,66.90443
3028346,270.36526
3028347,7484.867
3028348,269.40405
3028349,1456.8761
3028350,339.37567
3028351,2067.7866
3028352,1920.5186
3028353,967.37256
3028354,339.2818
3028355,482.1346
3028356,7905.253
3028357,70.6855
3028358,69.20465
3028359,69.20465
3028360,267.13135
3028361,69.20465
3028362,327.41217
3028363,77.16988
3028364,77.16988
3028365,327.44244
3028366,300.97577
3028367,89.565
3028368,341.2785
3028369,743.0186
3028370,130.1487
3028371,130.1487
3028372,718.788
3028373,597.82477
3028374,5037.1665
3028375,165.59659
3028376,323.734
3028377,-30.974634
3028378,-32.75041
3028379,-32.75041
3028380,1822.7977
3028381,-46.538834
3028382,251.4023
3028383,-70.93608
3028384,579.0888
3028385,435.13968
3028386,-44.452995
3028387,-25.815533
3028388,44.00385
3028389,2661.965
3028390,-18.174824
3028391,-19.655666
3028392,-46.13741
3028393,-46.13741
3028394,-19.655666
3028395,6.5865846
3028396,-16.990637
3028397,-16.990637
3028398,-16.990637
3028399,36.05671
3028400,-6.3223224
3028401,-1.7238573
3028402,34.81307
3028403,-19.385769
3028404,-19.385769
3028405,98.92662
3028406,45.23471
3028407,792.48444
3028408,0.5996773
3028409,2.451261
3028410,28.354147
3028411,26.578371
3028412,26.578371
3028413,2534.7468
3028414,7.259066
3028415,377.83475
3028416,1.0430602
3028417,1077.9783
3028418,604.2749
3028419,53.244194
3028420,72.968315
3028421,142.78769
3028422,4306.2666
3028423,14.627227
3028424,13.146392
3028425,10.980749
3028426,10.980749
3028427,13.146392
3028428,115.828285
3028429,16.912766
3028430,16.912766
3028431,16.912766
3028432,79.47911
3028433,27.581078
3028434,246.54253
3028435,176.87123
3028436,16.332508
3028437,16.332508
3028438,139.89383
3028439,82.6619
3028440,862.2598
3028441,46.058983
3028442,47.910557
3028443,-34.05363
3028444,-35.829403
3028445,-35.829403
3028446,1574.1799
3028447,-49.61783
3028448,296.21692
3028449,-74.015076
3028450,669.12756
3028451,460.42273
3028452,19.149542
3028453,-28.894522
3028454,115.18872
3028455,2687.5198
3028456,-21.253822
3028457,-22.734663
3028458,-22.734663
3028459,-22.734663
3028460,-22.734663
3028461,-17.232891
3028462,-20.069635
3028463,-20.069635
3028464,-20.069635
3028465,32.977707
3028466,-9.401323
3028467,76.970764
3028468,15.460917
3028469,-22.464767
3028470,-22.464767
3028471,95.847626
3028472,42.155716
3028473,548.20233
3028474,-2.4793177
3028475,-0.6277373
3028476,-468.8103
3028477,12.464199
3028478,-1.0803503
3028479,2949.912
3028480,21.068027
3028481,471.6329
3028482,78.715836
3028483,1628.9355
3028484,675.0953
3028485,48.443413
3028486,52.610245
3028487,250.56537
3028488,3774.5618
3028489,-30.699259
3028490,4.9603047
3028491,-153.46486
3028492,-58.68188
3028493,4.9603047
3028494,663.7541
3028495,7.625326
3028496,7.625326
3028497,-63.47289
3028498,16.87751
3028499,32.637894
3028500,106.104164
3028501,665.73346
3028502,69.905045
3028503,43.626522
3028504,95.39855
3028505,29.97689
3028506,1991.2468
3028507,-4.7972574
3028508,-126.92036
3028509,32.659985
3028510,30.88421
3028511,30.88421
3028512,2657.0454
3028513,25.309315
3028514,458.8327
3028515,14.965212
3028516,1019.57733
3028517,621.1352
3028518,121.36318
3028519,83.99114
3028520,198.7547
3028521,4358.194
3028522,22.137201
3028523,20.656366
3028524,20.656366
3028525,9.158039
3028526,20.656366
3028527,125.16019
3028528,23.321392
3028529,23.321392
3028530,23.321392
3028531,90.89138
3028532,33.989704
3028533,231.49512
3028534,185.11423
3028535,20.295534
3028536,20.295534
3028537,143.85686
3028538,83.1206
3028539,613.53
3028540,44.304707
3028541,46.156284
3028542,-12.010212
3028543,-13.78598
3028544,-72.784966
3028545,1828.76
3028546,-36.02461
3028547,249.69029
3028548,-122.56236
3028549,635.00635
3028550,402.3614
3028551,-8.622736
3028552,-56.725723
3028553,72.698814
3028554,2588.8655
3028555,0.5316545
3028556,-0.9491819
3028557,-12.772234
3028558,-0.9491819
3028559,-0.9491819
3028560,31.19973
3028561,1.715844
3028562,1.715844
3028563,1.715844
3028564,54.624767
3028565,12.384159
3028566,40.314053
3028567,38.91836
3028568,-25.654455
3028569,-25.654455
3028570,68.032646
3028571,14.340756
3028572,724.414
3028573,19.989935
3028574,21.84151
3028575,1.5226003
3028576,-0.25317132
3028577,-0.25317132
3028578,2828.9807
3028579,4.290579
3028580,369.46057
3028581,-20.106676
3028582,895.87976
3028583,689.4168
3028584,288.2063
3028585,49.64968
3028586,119.46904
3028587,3827.2537
3028588,14.378238
3028589,12.897398
3028590,18.38911
3028591,18.38911
3028592,12.897398
3028593,210.54198
3028594,15.562419
3028595,15.562419
3028596,15.562419
3028597,87.70938
3028598,28.153992
3028599,342.0957
3028600,259.50888
3028601,11.223167
3028602,11.223167
3028603,134.78448
3028604,78.75847
3028605,994.4319
3028606,29.95092
3028607,31.802505
3028608,22.180548
3028609,20.40478
3028610,63.468254
3028611,2645.448
3028612,36.248734
3028613,553.9987
3028614,15.979593
3028615,980.0697
3028616,767.3246
3028617,368.26996
3028618,132.76842
3028619,190.32985
3028620,3814.5872
3028621,30.228819
3028622,28.747984
3028623,28.747984
3028624,67.88727
3028625,28.747984
3028626,192.54514
3028627,31.413002
3028628,31.413002
3028629,31.413002
3028630,147.26886
3028631,44.00457
3028632,218.49393
3028633,316.1909
3028634,35.235588
3028635,35.235588
3028636,164.1186
3028637,136.22505
3028638,1267.6864
3028639,70.53326
3028640,72.38483
3028641,37.29597
3028642,35.520206
3028643,-13.110022
3028644,2614.2896
3028645,53.07942
3028646,531.979
3028647,28.682165
3028648,977.4778
3028649,782.0538
3028650,346.25024
3028651,145.47107
3028652,151.23413
3028653,3822.1052
3028654,27.44337
3028655,25.962526
3028656,21.946367
3028657,25.996119
3028658,25.962526
3028659,146.31406
3028660,28.62756
3028661,28.62756
3028662,28.62756
3028663,108.781395
3028664,41.219124
3028665,215.70848
3028666,302.14035
3028667,32.450134
3028668,32.450134
3028669,150.76256
3028670,122.869026
3028671,1101.8474
3028672,67.7478
3028673,69.59939
3028674,45.635853
3028675,43.86008
3028676,6.3844337
3028677,2893.954
3028678,49.5854
3028679,491.5087
3028680,39.241295
3028681,1166.8544
3028682,735.32324
3028683,273.5401
3028684,105.05168
3028685,174.87112
3028686,4798.186
3028687,28.783073
3028688,27.302242
3028689,27.302242
3028690,41.874058
3028691,27.302242
3028692,205.17781
3028693,29.967255
3028694,29.967255
3028695,80.33401
3028696,102.94669
3028697,40.635567
3028698,278.42532
3028699,272.22217
3028700,26.569824
3028701,26.569824
3028702,150.13115
3028703,92.899254
3028704,976.71936
3028705,33.298706
3028706,62.449062
3028707,-8.4864645
3028708,-10.262234
3028709,-52.497772
3028710,2950.8892
3028711,-32.620502
3028712,530.05115
3028713,4.295747
3028714,1008.01605
3028715,814.3691
3028716,330.08273
3028717,131.69872
3028718,178.25366
3028719,3721.4233
3028720,-6.589262
3028721,-8.070095
3028722,-8.070095
3028723,53.248505
3028724,-8.070095
3028725,171.37685
3028726,-3.384504
3028727,-3.384504
3028728,-3.384504
3028729,154.53838
3028730,9.010613
3028731,220.16602
3028732,312.3761
3028733,1.6755993
3028734,1.6755993
3028735,335.9758
3028736,169.86272
3028737,1722.4198
3028738,25.044525
3028739,70.05925
3028740,31.671349
3028741,29.895582
3028742,-25.818604
3028743,2679.6123
3028744,47.45478
3028745,457.0864
3028746,23.057531
3028747,1168.5038
3028748,752.312
3028749,209.79439
3028750,70.62941
3028751,140.44875
3028752,4081.827
3028753,22.632957
3028754,21.152119
3028755,11.161045
3028756,11.161045
3028757,21.152119
3028758,214.36836
3028759,23.817148
3028760,23.817148
3028761,23.817148
3028762,78.558075
3028763,34.485462
3028764,324.58875
3028765,278.1761
3028766,21.050451
3028767,21.050451
3028768,139.36287
3028769,89.17533
3028770,954.75684
3028771,56.873566
3028772,58.725147
3028773,18.58082
3028774,16.805052
3028775,16.805052
3028776,2463.684
3028777,35.286858
3028778,487.36902
3028779,10.889608
3028780,913.4402
3028781,700.69507
3028782,283.70044
3028783,127.67847
3028784,132.94322
3028785,3442.4915
3028786,16.392467
3028787,14.911628
3028788,14.911628
3028789,11.506197
3028790,14.911628
3028791,118.22407
3028792,17.576653
3028793,17.576653
3028794,17.576653
3028795,80.82646
3028796,30.168224
3028797,204.6576
3028798,265.38123
3028799,16.733215
3028800,16.733215
3028801,135.04565
3028802,107.152084
3028803,770.1191
3028804,34.991894
3028805,36.84348
3028806,-76.95047
3028807,-78.72625
3028808,-78.72625
3028809,2409.073
3028810,-75.18838
3028811,452.68085
3028812,-99.585625
3028813,860.812
3028814,683.57434
3028815,266.9524
3028816,17.203148
3028817,101.83187
3028818,2977.8118
3028819,-6.5831685
3028820,-8.064006
3028821,-8.064006
3028822,-8.064006
3028823,-8.064006
3028824,139.3933
3028825,-5.3989806
3028826,-5.3989806
3028827,55.43313
3028828,154.50179
3028829,7.1925907
3028830,179.04733
3028831,280.33905
3028832,-4.2110176
3028833,-4.2110176
3028834,124.671974
3028835,96.778435
3028836,1220.2544
3028837,14.047669
3028838,40.28654
3028839,16.407074
3028840,14.631298
3028841,14.631298
3028842,3542.3381
3028843,33.009804
3028844,449.8877
3028845,8.61256
3028846,940.5047
3028847,702.86584
3028848,175.42499
3028849,60.846764
3028850,182.96281
3028851,3795.1824
3028852,-0.58923334
3028853,-2.0700698
3028854,-5.475503
3028855,-2.0700698
3028856,-2.0700698
3028857,177.22348
3028858,4.6733904
3028859,4.6733904
3028860,4.6733904
3028861,67.92319
3028862,17.264956
3028863,296.4779
3028864,272.9959
3028865,16.032635
3028866,16.032635
3028867,139.59395
3028868,87.07231
3028869,807.4145
3028870,19.436077
3028871,21.287663
3028872,65.407265
3028873,63.631474
3028874,24.967264
3028875,8535.445
3028876,117.72731
3028877,1401.8435
3028878,249.15933
3028879,2228.322
3028880,1914.4073
3028881,537.54083
3028882,405.45633
3028883,675.86914
3028884,10441.091
3028885,51.94624
3028886,50.465405
3028887,155.33578
3028888,111.5816
3028889,50.465405
3028890,404.04953
3028891,310.65646
3028892,52.92166
3028893,323.9413
3028894,304.47653
3028895,75.86441
3028896,493.8648
3028897,1141.0599
3028898,115.726204
3028899,115.726204
3028900,776.0459
3028901,559.74744
3028902,6226.5938
3028903,572.4597
3028904,114.29332
3028905,59.638664
3028906,57.862885
3028907,2.412684
3028908,7904.9375
3028909,78.65459
3028910,1249.6882
3028911,210.08667
3028912,2035.578
3028913,1781.8542
3028914,442.26074
3028915,372.53482
3028916,599.86725
3028917,10102.866
3028918,25.19198
3028919,23.711145
3028920,134.98715
3028921,55.211716
3028922,23.711145
3028923,377.9921
3028924,271.31418
3028925,26.167418
3028926,284.59903
3028927,339.59225
3028928,49.110176
3028929,467.11057
3028930,791.41736
3028931,85.104515
3028932,85.104515
3028933,736.34607
3028934,493.76282
3028935,5179.001
3028936,557.2615
3028937,114.47958
3028938,19.888493
3028939,18.112751
3028940,-121.44061
3028941,5866.4844
3028942,17.835686
3028943,1027.8885
3028944,55.98426
3028945,1831.0397
3028946,1569.5131
3028947,255.21469
3028948,241.09117
3028949,416.07806
3028950,8639.222
3028951,25.277851
3028952,23.797012
3028953,23.797012
3028954,-63.57586
3028955,23.797012
3028956,191.26564
3028957,140.37161
3028958,26.253284
3028959,135.45645
3028960,203.73447
3028961,49.19605
3028962,456.172
3028963,840.58716
3028964,51.73048
3028965,51.73048
3028966,676.7167
3028967,315.73068
3028968,3906.5066
3028969,213.91469
3028970,-39.03757
3028971,37.021477
3028972,35.245735
3028973,-104.30763
3028974,6337.6777
3028975,34.968685
3028976,1103.3976
3028977,73.11725
3028978,1915.2725
3028979,1657.8307
3028980,339.4475
3028981,258.22415
3028982,433.21106
3028983,8838.96
3028984,42.410843
3028985,40.93
3028986,66.30643
3028987,-38.005028
3028988,40.93
3028989,216.83647
3028990,165.94246
3028991,43.386284
3028992,70.8212
3028993,139.09929
3028994,66.32902
3028995,473.305
3028996,1081.5646
3028997,68.863464
3028998,68.863464
3028999,631.844
3029000,387.35666
3029001,3476.7512
3029002,352.64038
3029003,32.5884
3029004,-16.055874
3029005,-17.831636
3029006,-172.5028
3029007,4254.9976
3029008,-28.962917
3029009,876.8249
3029010,2.411984
3029011,1625.9965
3029012,1359.3993
3029013,117.93375
3029014,201.40631
3029015,370.9742
3029016,7063.677
3029017,21.909464
3029018,20.428627
3029019,44.66369
3029020,4.5626674
3029021,20.428627
3029022,173.74142
3029023,144.48804
3029024,23.553545
3029025,37.15912
3029026,105.43716
3029027,46.49631
3029028,386.84845
3029029,627.81464
3029030,40.260952
3029031,40.260952
3029032,601.50354
3029033,160.24838
3029034,2704.4321
3029035,15.842565
3029036,-186.97208
3029037,11.421799
3029038,9.646036
3029039,3.0860047
3029040,5963.375
3029041,1.5607797
3029042,1204.0353
3029043,68.7587
3029044,1992.3282
3029045,1753.7736
3029046,372.65186
3029047,254.79333
3029048,538.51
3029049,8202.532
3029050,32.75247
3029051,31.271635
3029052,156.28114
3029053,142.71046
3029054,31.271635
3029055,259.93973
3029056,318.02548
3029057,34.396557
3029058,175.97975
3029059,244.25774
3029060,57.33932
3029061,387.15912
3029062,1038.0833
3029063,63.007122
3029064,63.007122
3029065,589.1344
3029066,361.9643
3029067,3937.349
3029068,868.03064
3029069,105.53968
3029070,-25.053726
3029071,-26.829502
3029072,-26.829502
3029073,1767.5862
3029074,-62.047215
3029075,184.87962
3029076,-16.99886
3029077,712.75806
3029078,529.5295
3029079,-25.858013
3029080,119.49055
3029081,156.15341
3029082,3347.7505
3029083,-5.873866
3029084,-7.354701
3029085,-7.354701
3029086,-35.41524
3029087,-7.354701
3029088,48.480267
3029089,0.610529
3029090,0.610529
3029091,0.610529
3029092,42.92935
3029093,13.005645
3029094,224.16103
3029095,128.63606
3029096,17.783575
3029097,17.783575
3029098,293.79645
3029099,135.65439
3029100,1283.8192
3029101,5.610484
3029102,-27.55175
3029103,1.7370201
3029104,-0.038746238
3029105,-0.038746238
3029106,3712.3914
3029107,-18.621292
3029108,750.4487
3029109,-7.9091
3029110,1439.9124
3029111,1126.9207
3029112,-14.788536
3029113,176.88391
3029114,404.21628
3029115,5578.07
3029116,15.853345
3029117,14.372515
3029118,14.372515
3029119,-92.417336
3029120,14.372515
3029121,136.02621
3029122,51.671608
3029123,44.156372
3029124,13.419001
3029125,50.58049
3029126,31.90663
3029127,387.37213
3029128,466.20288
3029129,16.500355
3029130,16.500355
3029131,391.97162
3029132,196.66507
3029133,2788.2947
3029134,337.19604
3029135,-91.934456
3029136,29.149633
3029137,27.373865
3029138,27.373865
3029139,4211.86
3029140,43.505096
3029141,932.37805
3029142,58.96467
3029143,1528.7046
3029144,1297.0221
3029145,51.837837
3029146,229.31204
3029147,337.7961
3029148,5293.669
3029149,32.666855
3029150,31.186016
3029151,31.658825
3029152,-10.026836
3029153,31.186016
3029154,75.16715
3029155,30.232512
3029156,30.232512
3029157,30.232512
3029158,86.769196
3029159,48.720142
3029160,381.14227
3029161,824.99316
3029162,50.672916
3029163,50.672916
3029164,563.25757
3029165,403.06644
3029166,3536.7646
3029167,78.38071
3029168,27.157448
3029169,-31.79822
3029170,-33.447456
3029171,-33.447456
3029172,4506.1606
3029173,-92.246216
3029174,907.9362
3029175,-284.81735
3029176,1542.7046
3029177,1413.3188
3029178,94.06172
3029179,-94.73488
3029180,183.99878
3029181,6941.7017
3029182,-40.63203
3029183,-42.112865
3029184,-42.112865
3029185,18.012037
3029186,-42.112865
3029187,130.59576
3029188,-43.06635
3029189,-43.06635
3029190,-43.06635
3029191,102.382744
3029192,-24.578709
3029193,201.61118
3029194,738.83167
3029195,-44.118805
3029196,-44.118805
3029197,124.50204
3029198,35.75599
3029199,3705.6006
3029200,-68.54273
3029201,-37.500286
3029202,-15.952574
3029203,-17.728346
3029204,-17.728346
3029205,2150.317
3029206,-51.314106
3029207,329.28027
3029208,-147.8228
3029209,771.64465
3029210,519.26117
3029211,58.35285
3029212,-12.046284
3029213,45.515106
3029214,3092.1587
3029215,-11.209653
3029216,-12.690488
3029217,-12.690488
3029218,-16.241508
3029219,-12.690488
3029220,31.290697
3029221,-10.025461
3029222,-10.025461
3029223,-10.025461
3029224,59.047947
3029225,2.5661058
3029226,162.7588
3029227,178.67317
3029228,-29.032948
3029229,-29.032948
3029230,91.35931
3029231,49.606285
3029232,898.55756
3029233,40.401825
3029234,42.253407
3029235,-20.313442
3029236,-22.08921
3029237,-22.08921
3029238,2140.365
3029239,-28.892567
3029240,329.77744
3029241,-63.260796
3029242,748.87274
3029243,522.9034
3029244,53.994576
3029245,-8.173
3029246,61.646385
3029247,3142.6694
3029248,-14.141835
3029249,-15.622675
3029250,-15.622675
3029251,-25.613747
3029252,-15.622675
3029253,81.89744
3029254,-12.957648
3029255,-12.957648
3029256,-12.957648
3029257,41.783276
3029258,-2.2893357
3029259,136.35387
3029260,109.22877
3029261,-25.712458
3029262,-25.712458
3029263,91.13392
3029264,30.817272
3029265,833.7155
3029266,-3.912722
3029267,-2.061139
3029268,40.811596
3029269,39.03583
3029270,3.9859824
3029271,3230.9868
3029272,43.636883
3029273,671.91736
3029274,65.7428
3029275,1160.042
3029276,978.6072
3029277,432.7057
3029278,165.78561
3029279,158.10982
3029280,4113.5405
3029281,19.820621
3029282,18.339785
3029283,18.339785
3029284,25.941391
3029285,18.339785
3029286,138.90956
3029287,23.02539
3029288,23.02539
3029289,75.309395
3029290,147.05002
3029291,35.420513
3029292,250.83083
3029293,432.17908
3029294,39.70104
3029295,39.70104
3029296,384.9846
3029297,216.50517
3029298,2020.7554
3029299,54.08617
3029300,61.33797
3029301,28.932472
3029302,27.156702
3029303,96.781044
3029304,3989.4922
3029305,47.427628
3029306,825.7352
3029307,117.39915
3029308,1268.5142
3029309,1055.7471
3029310,590.8026
3029311,205.38548
3029312,268.34012
3029313,5003.6587
3029314,21.727121
3029315,20.246284
3029316,92.79184
3029317,100.11084
3029318,20.246284
3029319,76.08123
3029320,28.21153
3029321,28.21153
3029322,28.21153
3029323,162.78448
3029324,40.606647
3029325,256.017
3029326,544.0776
3029327,44.88718
3029328,44.88718
3029329,441.92825
3029330,320.96497
3029331,2706.5862
3029332,90.598015
3029333,96.615456
3029334,32.439156
3029335,30.663387
3029336,100.28773
3029337,4122.936
3029338,50.93431
3029339,836.3021
3029340,120.90583
3029341,1265.5934
3029342,1066.3138
3029343,601.3695
3029344,208.89218
3029345,271.8468
3029346,5137.103
3029347,25.233807
3029348,23.75297
3029349,96.29852
3029350,103.61752
3029351,23.75297
3029352,189.4943
3029353,31.718216
3029354,31.718216
3029355,120.68957
3029356,166.29118
3029357,44.11333
3029358,259.52368
3029359,559.097
3029360,48.393864
3029361,48.393864
3029362,445.43494
3029363,324.47165
3029364,3298.652
3029365,94.1047
3029366,100.12214
3029367,-15.625597
3029368,-17.401367
3029369,47.424297
3029370,3743.7537
3029371,-10.270876
3029372,647.6518
3029373,69.45327
3029374,1292.8599
3029375,1000.47076
3029376,539.5909
3029377,206.50978
3029378,233.93744
3029379,6297.8354
3029380,24.107481
3029381,22.62665
3029382,91.2241
3029383,79.16047
3029384,22.62665
3029385,341.1821
3029386,30.591908
3029387,30.591908
3029388,93.427826
3029389,165.64818
3029390,42.987022
3029391,487.58072
3029392,531.0343
3029393,18.058424
3029394,18.058424
3029395,399.31564
3029396,203.07663
3029397,1589.5837
3029398,742.12354
3029399,23.369965
